{"type": "FeatureCollection", "features": [{"type": "Feature", "properties": {"OCC_CLS": "Assembly", "PRIM_OCC": "tourism=museum", "OSM_ID": "way/247768948", "SOURCE": "OpenStreetMap", "name": "\u6e0b\u5ddd\u5e02\u7f8e\u8853\u9928 \u6851\u539f\u5de8\u5b88\u5f6b\u523b\u7f8e\u8853\u9928", "building": "yes"}, "geometry": {"type": "Polygon", "coordinates": [[[139.0045611, 36.4958421], [139.0045346, 36.4956609], [139.0047992, 36.4956359], [139.0048369, 36.4958938], [139.0047975, 36.4958976], [139.0047862, 36.4958208], [139.0045611, 36.4958421]]]}}, {"type": "Feature", "properties": {"OCC_CLS": "Government", "PRIM_OCC": "amenity=post_office", "OSM_ID": "way/247768949", "SOURCE": "OpenStreetMap", "name": "\u6e0b\u5ddd\u90f5\u4fbf\u5c40", "building": "yes"}, "geometry": {"type": "Polygon", "coordinates": [[[139.0063402, 36.4954181], [139.0063838, 36.4956984], [139.0066783, 36.4956689], [139.0066328, 36.4954131], [139.0065893, 36.4954256], [139.006555, 36.4953931], [139.0063402, 36.4954181]]]}}, {"type": "Feature", "properties": {"OCC_CLS": "Commercial", "PRIM_OCC": "shop=supermarket", "OSM_ID": "way/266381555", "SOURCE": "OpenStreetMap", "name": "\u30d5\u30ec\u30c3\u30bb\u30a4", "building": "retail"}, "geometry": {"type": "Polygon", "coordinates": [[[139.0030265, 36.5082533], [139.0026371, 36.5085321], [139.0028871, 36.5086763], [139.0033294, 36.5083879], [139.0033294, 36.5083495], [139.0031876, 36.5083398], [139.0031876, 36.5082533], [139.0030265, 36.5082533]]]}}, {"type": "Feature", "properties": {"OCC_CLS": "Industrial", "PRIM_OCC": "building=industrial", "OSM_ID": "way/315786801", "SOURCE": "OpenStreetMap", "name": "\u6e0b\u5ddd\u767a\u96fb\u6240", "building": "industrial"}, "geometry": {"type": "Polygon", "coordinates": [[[139.0061712, 36.5035615], [139.006057, 36.5036153], [139.0063084, 36.5039715], [139.0064252, 36.5039176], [139.0061712, 36.5035615]]]}}, {"type": "Feature", "properties": {"OCC_CLS": "Government", "PRIM_OCC": "building=public", "OSM_ID": "way/329560277", "SOURCE": "OpenStreetMap", "name": "\u7fa4\u99ac\u770c \u6e0b\u5ddd\u5408\u540c\u5e81\u820e", "building": "public"}, "geometry": {"type": "Polygon", "coordinates": [[[139.006273, 36.5114943], [139.0062139, 36.511572], [139.0063239, 36.5116261], [139.006383, 36.5115483], [139.0065906, 36.5116503], [139.0065349, 36.5117236], [139.0066549, 36.5117825], [139.0067108, 36.5117093], [139.0067892, 36.5116065], [139.0063303, 36.5113811], [139.006252, 36.511484], [139.006273, 36.5114943]]]}}, {"type": "Feature", "properties": {"OCC_CLS": "Commercial", "PRIM_OCC": "shop=car_parts", "OSM_ID": "way/445618899", "SOURCE": "OpenStreetMap", "name": "\u30aa\u30fc\u30c8\u30a2\u30fc\u30eb\u30ba \u6e0b\u5ddd\u9bc9\u6ca2\u5e97", "building": "yes"}, "geometry": {"type": "Polygon", "coordinates": [[[139.0158648, 36.5065074], [139.0156078, 36.5065551], [139.015414, 36.5059321], [139.0156671, 36.5058717], [139.0158648, 36.5065074]]]}}, {"type": "Feature", "properties": {"OCC_CLS": "Commercial", "PRIM_OCC": "shop=electronics", "OSM_ID": "way/445618902", "SOURCE": "OpenStreetMap", "name": "\u30b1\u30fc\u30ba\u30c7\u30f3\u30ad", "name:en": "K's Denki", "building": "yes"}, "geometry": {"type": "Polygon", "coordinates": [[[139.014607, 36.5090134], [139.0150743, 36.5089334], [139.0148666, 36.50814], [139.0143222, 36.5082332], [139.0142244, 36.50825], [139.0143352, 36.5086679], [139.0145077, 36.5086384], [139.014607, 36.5090134]]]}}, {"type": "Feature", "properties": {"OCC_CLS": "Commercial", "PRIM_OCC": "shop=convenience", "OSM_ID": "way/445618986", "SOURCE": "OpenStreetMap", "name": "\u30bb\u30d6\u30f3-\u30a4\u30ec\u30d6\u30f3", "name:en": "7-Eleven", "building": "yes"}, "geometry": {"type": "Polygon", "coordinates": [[[139.015196, 36.5105068], [139.0153298, 36.510462], [139.0152408, 36.5102906], [139.015107, 36.5103355], [139.015196, 36.5105068]]]}}, {"type": "Feature", "properties": {"OCC_CLS": "Unclassified", "PRIM_OCC": "building=yes", "OSM_ID": "way/501179597", "SOURCE": "OpenStreetMap", "building": "yes"}, "geometry": {"type": "Polygon", "coordinates": [[[139.0142275, 36.4970935], [139.0143996, 36.4970919], [139.0143983, 36.4970073], [139.0142263, 36.497009], [139.0142275, 36.4970935]]]}}, {"type": "Feature", "properties": {"OCC_CLS": "Unclassified", "PRIM_OCC": "building=yes", "OSM_ID": "way/501179598", "SOURCE": "OpenStreetMap", "building": "yes"}, "geometry": {"type": "Polygon", "coordinates": [[[139.0130959, 36.4969545], [139.0131945, 36.4969911], [139.0132861, 36.4968314], [139.0131875, 36.4967948], [139.0130959, 36.4969545]]]}}, {"type": "Feature", "properties": {"OCC_CLS": "Unclassified", "PRIM_OCC": "building=yes", "OSM_ID": "way/501181439", "SOURCE": "OpenStreetMap", "building": "yes"}, "geometry": {"type": "Polygon", "coordinates": [[[139.0122053, 36.496561], [139.0122581, 36.4964711], [139.0126322, 36.49661], [139.0125814, 36.4967031], [139.0122053, 36.496561]]]}}, {"type": "Feature", "properties": {"OCC_CLS": "Unclassified", "PRIM_OCC": "building=yes", "OSM_ID": "way/508429642", "SOURCE": "OpenStreetMap", "building": "yes"}, "geometry": {"type": "Polygon", "coordinates": [[[139.0077687, 36.5110973], [139.0073017, 36.5110978], [139.0071009, 36.5110559], [139.0070823, 36.5111041], [139.0069724, 36.5110843], [139.0069873, 36.5110322], [139.0066591, 36.510964], [139.0066281, 36.5110119], [139.0063526, 36.5108879], [139.0063903, 36.5108248], [139.0062141, 36.5107078], [139.0062685, 36.5106275], [139.006461, 36.5107709], [139.0066868, 36.5109007], [139.0072927, 36.5110243], [139.0077723, 36.5110202], [139.0077687, 36.5110973]]]}}, {"type": "Feature", "properties": {"OCC_CLS": "Commercial", "PRIM_OCC": "shop=clothes", "OSM_ID": "way/508429643", "SOURCE": "OpenStreetMap", "name": "\u30b5\u30f3\u30ad", "name:en": "Sanki", "building": "yes"}, "geometry": {"type": "Polygon", "coordinates": [[[139.0058275, 36.5103213], [139.006049, 36.5103932], [139.0062269, 36.510039], [139.0060054, 36.5099671], [139.0058275, 36.5103213]]]}}, {"type": "Feature", "properties": {"OCC_CLS": "Unclassified", "PRIM_OCC": "building=yes", "OSM_ID": "way/508429646", "SOURCE": "OpenStreetMap", "building": "yes"}, "geometry": {"type": "Polygon", "coordinates": [[[139.0031073, 36.5087961], [139.0035896, 36.509063], [139.0041418, 36.5084183], [139.0038827, 36.5082749], [139.004048, 36.508082], [139.0038247, 36.5079584], [139.0031073, 36.5087961]]]}}, {"type": "Feature", "properties": {"OCC_CLS": "Unclassified", "PRIM_OCC": "building=yes", "OSM_ID": "way/508429648", "SOURCE": "OpenStreetMap", "name": "\u95a2\u6771\u96fb\u5316\u5de5\u696d\uff08\u682a\uff09 \u57fa\u790e\u7814\u7a76\u6240", "building": "yes"}, "geometry": {"type": "Polygon", "coordinates": [[[139.0066277, 36.5091733], [139.0066797, 36.5090059], [139.0071748, 36.5091054], [139.0071228, 36.5092728], [139.0066277, 36.5091733]]]}}, {"type": "Feature", "properties": {"OCC_CLS": "Residential", "PRIM_OCC": "building=apartments", "OSM_ID": "way/601159153", "SOURCE": "OpenStreetMap", "building": "apartments", "building:levels": "8"}, "geometry": {"type": "Polygon", "coordinates": [[[139.0093553, 36.4952618], [139.0093508, 36.4951436], [139.0091955, 36.4951474], [139.0091997, 36.4952575], [139.0089872, 36.4953618], [139.0090779, 36.4954813], [139.0092748, 36.4953847], [139.0095699, 36.4955035], [139.0096473, 36.4953794], [139.0093553, 36.4952618]]]}}, {"type": "Feature", "properties": {"OCC_CLS": "Unclassified", "PRIM_OCC": "building=yes", "OSM_ID": "way/601159159", "SOURCE": "OpenStreetMap", "building": "yes", "building:levels": "3"}, "geometry": {"type": "Polygon", "coordinates": [[[139.0097424, 36.495024], [139.0098187, 36.4949804], [139.0096236, 36.4947598], [139.0095472, 36.4948035], [139.0097424, 36.495024]]]}}, {"type": "Feature", "properties": {"OCC_CLS": "Unclassified", "PRIM_OCC": "building=yes", "OSM_ID": "way/601159162", "SOURCE": "OpenStreetMap", "building": "yes"}, "geometry": {"type": "Polygon", "coordinates": [[[139.00913, 36.4944187], [139.0091971, 36.4943858], [139.0091045, 36.494264], [139.0090375, 36.4942969], [139.00913, 36.4944187]]]}}, {"type": "Feature", "properties": {"OCC_CLS": "Unclassified", "PRIM_OCC": "building=yes", "OSM_ID": "way/601159165", "SOURCE": "OpenStreetMap", "building": "yes"}, "geometry": {"type": "Polygon", "coordinates": [[[139.009244, 36.4945373], [139.009323, 36.4944945], [139.0092372, 36.4943921], [139.0091582, 36.4944349], [139.009244, 36.4945373]]]}}, {"type": "Feature", "properties": {"OCC_CLS": "Unclassified", "PRIM_OCC": "building=yes", "OSM_ID": "way/601159167", "SOURCE": "OpenStreetMap", "building": "yes"}, "geometry": {"type": "Polygon", "coordinates": [[[139.0096839, 36.4944187], [139.0096597, 36.4943476], [139.0096053, 36.4943595], [139.0096294, 36.4944307], [139.0096839, 36.4944187]]]}}, {"type": "Feature", "properties": {"OCC_CLS": "Unclassified", "PRIM_OCC": "building=yes", "OSM_ID": "way/601159169", "SOURCE": "OpenStreetMap", "building": "yes"}, "geometry": {"type": "Polygon", "coordinates": [[[139.0096021, 36.4943432], [139.0096597, 36.4943303], [139.0095913, 36.494133], [139.0095337, 36.4941459], [139.0096021, 36.4943432]]]}}, {"type": "Feature", "properties": {"OCC_CLS": "Unclassified", "PRIM_OCC": "building=yes", "OSM_ID": "way/601159172", "SOURCE": "OpenStreetMap", "building": "yes", "building:levels": "2"}, "geometry": {"type": "Polygon", "coordinates": [[[139.0089074, 36.4939314], [139.0091206, 36.4939185], [139.0091062, 36.4937652], [139.008893, 36.4937781], [139.0089074, 36.4939314]]]}}, {"type": "Feature", "properties": {"OCC_CLS": "Unclassified", "PRIM_OCC": "building=yes", "OSM_ID": "way/601159177", "SOURCE": "OpenStreetMap", "building": "yes", "building:levels": "2"}, "geometry": {"type": "Polygon", "coordinates": [[[139.0091652, 36.4937025], [139.0093786, 36.493689], [139.009372, 36.4936214], [139.0094096, 36.493619], [139.0094045, 36.4935661], [139.0093133, 36.4935719], [139.0093148, 36.4935866], [139.0091549, 36.4935967], [139.0091652, 36.4937025]]]}}, {"type": "Feature", "properties": {"OCC_CLS": "Unclassified", "PRIM_OCC": "building=yes", "OSM_ID": "way/601159182", "SOURCE": "OpenStreetMap", "building": "yes", "building:levels": "2"}, "geometry": {"type": "Polygon", "coordinates": [[[139.0087961, 36.4937222], [139.0088685, 36.493721], [139.0088659, 36.4936228], [139.0087934, 36.4936241], [139.0087961, 36.4937222]]]}}, {"type": "Feature", "properties": {"OCC_CLS": "Unclassified", "PRIM_OCC": "building=yes", "OSM_ID": "way/601159191", "SOURCE": "OpenStreetMap", "building": "yes"}, "geometry": {"type": "Polygon", "coordinates": [[[139.009299, 36.4931821], [139.0093465, 36.4931704], [139.0093103, 36.4930755], [139.0092628, 36.4930872], [139.009299, 36.4931821]]]}}, {"type": "Feature", "properties": {"OCC_CLS": "Residential", "PRIM_OCC": "building=apartments", "OSM_ID": "way/601159193", "SOURCE": "OpenStreetMap", "building": "apartments", "building:levels": "2"}, "geometry": {"type": "Polygon", "coordinates": [[[139.0090428, 36.4933621], [139.0091984, 36.4933417], [139.0091825, 36.4932638], [139.009027, 36.4932843], [139.0090428, 36.4933621]]]}}, {"type": "Feature", "properties": {"OCC_CLS": "Residential", "PRIM_OCC": "building=apartments", "OSM_ID": "way/601159196", "SOURCE": "OpenStreetMap", "building": "apartments", "building:levels": "3"}, "geometry": {"type": "Polygon", "coordinates": [[[139.0083347, 36.4934462], [139.008678, 36.4934344], [139.008673, 36.4933393], [139.0083296, 36.4933512], [139.0083347, 36.4934462]]]}}, {"type": "Feature", "properties": {"OCC_CLS": "Residential", "PRIM_OCC": "building=apartments", "OSM_ID": "way/601159198", "SOURCE": "OpenStreetMap", "building": "apartments", "building:levels": "4"}, "geometry": {"type": "Polygon", "coordinates": [[[139.00832, 36.4932382], [139.0087102, 36.4932338], [139.0087087, 36.4931429], [139.0083184, 36.4931472], [139.00832, 36.4932382]]]}}, {"type": "Feature", "properties": {"OCC_CLS": "Residential", "PRIM_OCC": "building=house", "OSM_ID": "way/601159201", "SOURCE": "OpenStreetMap", "building": "house"}, "geometry": {"type": "Polygon", "coordinates": [[[139.008898, 36.493167], [139.0089945, 36.4931756], [139.0090008, 36.4931304], [139.0089042, 36.4931218], [139.008898, 36.493167]]]}}, {"type": "Feature", "properties": {"OCC_CLS": "Residential", "PRIM_OCC": "building=house", "OSM_ID": "way/601159203", "SOURCE": "OpenStreetMap", "building": "house"}, "geometry": {"type": "Polygon", "coordinates": [[[139.0090388, 36.4930883], [139.0091139, 36.4930883], [139.0091139, 36.4930355], [139.0090388, 36.4930355], [139.0090388, 36.4930883]]]}}, {"type": "Feature", "properties": {"OCC_CLS": "Unclassified", "PRIM_OCC": "building=yes", "OSM_ID": "way/601159205", "SOURCE": "OpenStreetMap", "building": "yes"}, "geometry": {"type": "Polygon", "coordinates": [[[139.0083615, 36.4926387], [139.0084916, 36.4926344], [139.0084869, 36.4925419], [139.0083568, 36.4925462], [139.0083615, 36.4926387]]]}}, {"type": "Feature", "properties": {"OCC_CLS": "Unclassified", "PRIM_OCC": "building=yes", "OSM_ID": "way/601159209", "SOURCE": "OpenStreetMap", "name": "\u592a\u7530\u7269\u7523\u7269\u6d41\u30bb\u30f3\u30bf\u30fc", "building": "yes", "building:levels": "3"}, "geometry": {"type": "Polygon", "coordinates": [[[139.0085024, 36.4930635], [139.0088387, 36.4930652], [139.0088427, 36.4925455], [139.0085064, 36.4925438], [139.0085024, 36.4930635]]]}}, {"type": "Feature", "properties": {"OCC_CLS": "Unclassified", "PRIM_OCC": "building=yes", "OSM_ID": "way/601161450", "SOURCE": "OpenStreetMap", "building": "yes"}, "geometry": {"type": "Polygon", "coordinates": [[[139.0090826, 36.4969749], [139.0090397, 36.4966267], [139.0088404, 36.4966426], [139.0088833, 36.4969908], [139.0090826, 36.4969749]]]}}, {"type": "Feature", "properties": {"OCC_CLS": "Utility", "PRIM_OCC": "building=garage", "OSM_ID": "way/601161452", "SOURCE": "OpenStreetMap", "building": "garage"}, "geometry": {"type": "Polygon", "coordinates": [[[139.0096765, 36.4974213], [139.0096939, 36.4973908], [139.009606, 36.4973601], [139.0095987, 36.4973749], [139.009612, 36.4973987], [139.0096765, 36.4974213]]]}}, {"type": "Feature", "properties": {"OCC_CLS": "Residential", "PRIM_OCC": "building=house", "OSM_ID": "way/601161453", "SOURCE": "OpenStreetMap", "building": "house", "building:levels": "2"}, "geometry": {"type": "Polygon", "coordinates": [[[139.0095928, 36.4973505], [139.0096958, 36.4973861], [139.0097441, 36.4972959], [139.0096656, 36.4972688], [139.0096814, 36.4972392], [139.0096204, 36.4972181], [139.0095795, 36.4972944], [139.0095886, 36.4972976], [139.0095762, 36.4973209], [139.0096036, 36.4973304], [139.0095928, 36.4973505]]]}}, {"type": "Feature", "properties": {"OCC_CLS": "Residential", "PRIM_OCC": "building=house", "OSM_ID": "way/601161454", "SOURCE": "OpenStreetMap", "building": "house"}, "geometry": {"type": "Polygon", "coordinates": [[[139.0096289, 36.4971798], [139.0098046, 36.4972164], [139.0098267, 36.4971478], [139.009651, 36.4971112], [139.0096289, 36.4971798]]]}}, {"type": "Feature", "properties": {"OCC_CLS": "Residential", "PRIM_OCC": "building=house", "OSM_ID": "way/601161456", "SOURCE": "OpenStreetMap", "building": "house", "building:levels": "2"}, "geometry": {"type": "Polygon", "coordinates": [[[139.0099112, 36.4970315], [139.0098026, 36.4970084], [139.0097798, 36.4970772], [139.0098885, 36.4971004], [139.0098985, 36.4970701], [139.0099369, 36.4970783], [139.0099496, 36.4970397], [139.0099508, 36.4970067], [139.0099253, 36.4970013], [139.0099112, 36.4970315]]]}}, {"type": "Feature", "properties": {"OCC_CLS": "Utility", "PRIM_OCC": "building=hut", "OSM_ID": "way/601161457", "SOURCE": "OpenStreetMap", "building": "hut"}, "geometry": {"type": "Polygon", "coordinates": [[[139.0100299, 36.4968375], [139.0100348, 36.4968231], [139.01002, 36.4968199], [139.0100151, 36.4968342], [139.0100299, 36.4968375]]]}}, {"type": "Feature", "properties": {"OCC_CLS": "Utility", "PRIM_OCC": "building=hut", "OSM_ID": "way/601161458", "SOURCE": "OpenStreetMap", "building": "hut"}, "geometry": {"type": "Polygon", "coordinates": [[[139.0100198, 36.4968763], [139.0100283, 36.4968485], [139.0099928, 36.4968415], [139.0099843, 36.4968693], [139.0100198, 36.4968763]]]}}, {"type": "Feature", "properties": {"OCC_CLS": "Residential", "PRIM_OCC": "building=house", "OSM_ID": "way/601161459", "SOURCE": "OpenStreetMap", "building": "house", "building:levels": "2"}, "geometry": {"type": "Polygon", "coordinates": [[[139.0098307, 36.4969593], [139.009938, 36.4969803], [139.0099467, 36.4969516], [139.0099899, 36.4969601], [139.0100116, 36.4968885], [139.0099684, 36.4968801], [139.009963, 36.4968979], [139.0098557, 36.4968769], [139.0098307, 36.4969593]]]}}, {"type": "Feature", "properties": {"OCC_CLS": "Residential", "PRIM_OCC": "building=apartments", "OSM_ID": "way/601161461", "SOURCE": "OpenStreetMap", "building": "apartments", "building:levels": "2"}, "geometry": {"type": "Polygon", "coordinates": [[[139.0091515, 36.4969749], [139.009476, 36.4969997], [139.0094846, 36.4969268], [139.0091601, 36.496902], [139.0091515, 36.4969749]]]}}, {"type": "Feature", "properties": {"OCC_CLS": "Residential", "PRIM_OCC": "building=apartments", "OSM_ID": "way/601161462", "SOURCE": "OpenStreetMap", "building": "apartments", "building:levels": "2"}, "geometry": {"type": "Polygon", "coordinates": [[[139.0090764, 36.496782], [139.0094894, 36.4968132], [139.0095004, 36.4967192], [139.0090874, 36.4966879], [139.0090764, 36.496782]]]}}, {"type": "Feature", "properties": {"OCC_CLS": "Residential", "PRIM_OCC": "building=apartments", "OSM_ID": "way/601161464", "SOURCE": "OpenStreetMap", "building": "apartments", "building:levels": "4"}, "geometry": {"type": "Polygon", "coordinates": [[[139.0100326, 36.4966084], [139.0100736, 36.4965046], [139.0098161, 36.4964389], [139.0097751, 36.4965426], [139.0100326, 36.4966084]]]}}, {"type": "Feature", "properties": {"OCC_CLS": "Residential", "PRIM_OCC": "building=house", "OSM_ID": "way/601161466", "SOURCE": "OpenStreetMap", "building": "house", "building:levels": "2"}, "geometry": {"type": "Polygon", "coordinates": [[[139.0096155, 36.4959302], [139.0097075, 36.495924], [139.0096967, 36.4958226], [139.0096048, 36.4958289], [139.0096155, 36.4959302]]]}}, {"type": "Feature", "properties": {"OCC_CLS": "Residential", "PRIM_OCC": "building=apartments", "OSM_ID": "way/601161469", "SOURCE": "OpenStreetMap", "building": "apartments", "building:levels": "4"}, "geometry": {"type": "Polygon", "coordinates": [[[139.01005, 36.4963022], [139.0100948, 36.4961993], [139.0098266, 36.4961239], [139.0097818, 36.4962267], [139.01005, 36.4963022]]]}}, {"type": "Feature", "properties": {"OCC_CLS": "Residential", "PRIM_OCC": "building=apartments", "OSM_ID": "way/601161470", "SOURCE": "OpenStreetMap", "building": "apartments", "building:levels": "4"}, "geometry": {"type": "Polygon", "coordinates": [[[139.0100621, 36.4960025], [139.010107, 36.4958845], [139.0098576, 36.495823], [139.0098126, 36.495941], [139.0100621, 36.4960025]]]}}, {"type": "Feature", "properties": {"OCC_CLS": "Residential", "PRIM_OCC": "building=apartments", "OSM_ID": "way/601161472", "SOURCE": "OpenStreetMap", "building": "apartments", "building:levels": "3"}, "geometry": {"type": "Polygon", "coordinates": [[[139.0097542, 36.4951834], [139.0098729, 36.4951813], [139.0098763, 36.4953048], [139.0099158, 36.4953041], [139.0099194, 36.4954362], [139.0099608, 36.4954355], [139.0099647, 36.4955792], [139.0098449, 36.4955813], [139.009841, 36.4954383], [139.0098026, 36.495439], [139.0097992, 36.4953122], [139.0097577, 36.4953129], [139.0097542, 36.4951834]]]}}, {"type": "Feature", "properties": {"OCC_CLS": "Residential", "PRIM_OCC": "building=house", "OSM_ID": "way/601162889", "SOURCE": "OpenStreetMap", "building": "house", "building:levels": "2"}, "geometry": {"type": "Polygon", "coordinates": [[[139.0081503, 36.4987856], [139.0083139, 36.4987834], [139.0083151, 36.49884], [139.0082918, 36.4988403], [139.008292, 36.4988503], [139.0082797, 36.4988504], [139.00828, 36.4988632], [139.0082502, 36.4988636], [139.0082505, 36.4988783], [139.0082133, 36.4988788], [139.0082131, 36.4988664], [139.008152, 36.4988672], [139.0081503, 36.4987856]]]}}, {"type": "Feature", "properties": {"OCC_CLS": "Residential", "PRIM_OCC": "building=house", "OSM_ID": "way/601162890", "SOURCE": "OpenStreetMap", "building": "house", "building:levels": "2"}, "geometry": {"type": "Polygon", "coordinates": [[[139.0079961, 36.4986605], [139.0080953, 36.49866], [139.0080947, 36.4985797], [139.0079954, 36.4985802], [139.0079961, 36.4986605]]]}}, {"type": "Feature", "properties": {"OCC_CLS": "Residential", "PRIM_OCC": "building=house", "OSM_ID": "way/601162891", "SOURCE": "OpenStreetMap", "building": "house", "building:levels": "2"}, "geometry": {"type": "Polygon", "coordinates": [[[139.0079532, 36.4987646], [139.0080853, 36.4987646], [139.0080853, 36.4987031], [139.0080538, 36.4987031], [139.0080538, 36.4986762], [139.0079532, 36.4986762], [139.0079532, 36.4987646]]]}}, {"type": "Feature", "properties": {"OCC_CLS": "Residential", "PRIM_OCC": "building=house", "OSM_ID": "way/601162892", "SOURCE": "OpenStreetMap", "building": "house", "building:levels": "2"}, "geometry": {"type": "Polygon", "coordinates": [[[139.0082583, 36.4985576], [139.0084018, 36.4985554], [139.0083999, 36.4984757], [139.0082564, 36.4984778], [139.0082583, 36.4985576]]]}}, {"type": "Feature", "properties": {"OCC_CLS": "Residential", "PRIM_OCC": "building=apartments", "OSM_ID": "way/601162893", "SOURCE": "OpenStreetMap", "building": "apartments", "building:levels": "2"}, "geometry": {"type": "Polygon", "coordinates": [[[139.008434, 36.4985597], [139.0085694, 36.4985608], [139.0085704, 36.4984788], [139.008435, 36.4984778], [139.008434, 36.4985597]]]}}, {"type": "Feature", "properties": {"OCC_CLS": "Residential", "PRIM_OCC": "building=house", "OSM_ID": "way/601162895", "SOURCE": "OpenStreetMap", "building": "house", "building:levels": "2"}, "geometry": {"type": "Polygon", "coordinates": [[[139.0082073, 36.4984034], [139.0083535, 36.4984023], [139.0083524, 36.4983018], [139.0082062, 36.4983029], [139.0082073, 36.4984034]]]}}, {"type": "Feature", "properties": {"OCC_CLS": "Residential", "PRIM_OCC": "building=house", "OSM_ID": "way/601162897", "SOURCE": "OpenStreetMap", "building": "house"}, "geometry": {"type": "Polygon", "coordinates": [[[139.0082234, 36.4981792], [139.0083763, 36.498177], [139.0083741, 36.4980746], [139.0082212, 36.4980768], [139.0082234, 36.4981792]]]}}, {"type": "Feature", "properties": {"OCC_CLS": "Residential", "PRIM_OCC": "building=house", "OSM_ID": "way/601162898", "SOURCE": "OpenStreetMap", "building": "house"}, "geometry": {"type": "Polygon", "coordinates": [[[139.0085319, 36.4981129], [139.0085319, 36.4979334], [139.0084299, 36.4979334], [139.0084299, 36.4981129], [139.0085319, 36.4981129]]]}}, {"type": "Feature", "properties": {"OCC_CLS": "Residential", "PRIM_OCC": "building=house", "OSM_ID": "way/601162899", "SOURCE": "OpenStreetMap", "building": "house"}, "geometry": {"type": "Polygon", "coordinates": [[[139.008545, 36.498034], [139.0086261, 36.4980329], [139.0086247, 36.4979621], [139.0085435, 36.4979631], [139.008545, 36.498034]]]}}, {"type": "Feature", "properties": {"OCC_CLS": "Residential", "PRIM_OCC": "building=house", "OSM_ID": "way/601162900", "SOURCE": "OpenStreetMap", "building": "house"}, "geometry": {"type": "Polygon", "coordinates": [[[139.0086419, 36.4981146], [139.008723, 36.4981135], [139.0087216, 36.4980426], [139.0086404, 36.4980437], [139.0086419, 36.4981146]]]}}, {"type": "Feature", "properties": {"OCC_CLS": "Residential", "PRIM_OCC": "building=house", "OSM_ID": "way/601162901", "SOURCE": "OpenStreetMap", "building": "house"}, "geometry": {"type": "Polygon", "coordinates": [[[139.0085486, 36.4981139], [139.0086298, 36.4981129], [139.0086283, 36.498042], [139.0085472, 36.4980431], [139.0085486, 36.4981139]]]}}, {"type": "Feature", "properties": {"OCC_CLS": "Residential", "PRIM_OCC": "building=house", "OSM_ID": "way/601162902", "SOURCE": "OpenStreetMap", "building": "house"}, "geometry": {"type": "Polygon", "coordinates": [[[139.0087404, 36.498267], [139.0088417, 36.498267], [139.0088417, 36.4982147], [139.0087404, 36.4982147], [139.0087404, 36.498267]]]}}, {"type": "Feature", "properties": {"OCC_CLS": "Residential", "PRIM_OCC": "building=house", "OSM_ID": "way/601162903", "SOURCE": "OpenStreetMap", "building": "house"}, "geometry": {"type": "Polygon", "coordinates": [[[139.0087532, 36.4981732], [139.0088933, 36.4981732], [139.0088933, 36.4981037], [139.0087532, 36.4981037], [139.0087532, 36.4981732]]]}}, {"type": "Feature", "properties": {"OCC_CLS": "Unclassified", "PRIM_OCC": "building=yes", "OSM_ID": "way/601162904", "SOURCE": "OpenStreetMap", "building": "yes"}, "geometry": {"type": "Polygon", "coordinates": [[[139.0088953, 36.4979641], [139.0089116, 36.4979647], [139.0089129, 36.4979421], [139.0088966, 36.4979414], [139.0088953, 36.4979641]]]}}, {"type": "Feature", "properties": {"OCC_CLS": "Unclassified", "PRIM_OCC": "building=yes", "OSM_ID": "way/601162905", "SOURCE": "OpenStreetMap", "building": "yes"}, "geometry": {"type": "Polygon", "coordinates": [[[139.0087498, 36.4980681], [139.008898, 36.4980697], [139.0088995, 36.4979829], [139.0087513, 36.4979813], [139.0087498, 36.4980681]]]}}, {"type": "Feature", "properties": {"OCC_CLS": "Unclassified", "PRIM_OCC": "building=yes", "OSM_ID": "way/601162913", "SOURCE": "OpenStreetMap", "building": "yes", "building:levels": "2"}, "geometry": {"type": "Polygon", "coordinates": [[[139.0087196, 36.4977285], [139.0088088, 36.4977264], [139.0088095, 36.4977458], [139.0088543, 36.4977447], [139.0088536, 36.4977253], [139.0090028, 36.4977217], [139.0090015, 36.497687], [139.0089825, 36.4976875], [139.0089794, 36.4976057], [139.0087368, 36.4976115], [139.0087396, 36.4976844], [139.008718, 36.4976849], [139.0087196, 36.4977285]]]}}, {"type": "Feature", "properties": {"OCC_CLS": "Unclassified", "PRIM_OCC": "building=yes", "OSM_ID": "way/601162914", "SOURCE": "OpenStreetMap", "building": "yes", "building:levels": "2"}, "geometry": {"type": "Polygon", "coordinates": [[[139.0091608, 36.4977932], [139.0091608, 36.4976768], [139.0091059, 36.4976768], [139.0091059, 36.4976919], [139.0090857, 36.4976919], [139.0090857, 36.4977932], [139.0091608, 36.4977932]]]}}, {"type": "Feature", "properties": {"OCC_CLS": "Unclassified", "PRIM_OCC": "building=yes", "OSM_ID": "way/601162915", "SOURCE": "OpenStreetMap", "building": "yes"}, "geometry": {"type": "Polygon", "coordinates": [[[139.0091696, 36.4977862], [139.0092138, 36.4977862], [139.0092138, 36.4977981], [139.0092668, 36.4977981], [139.0092668, 36.4977862], [139.0093459, 36.4977862], [139.0093459, 36.4977646], [139.0093634, 36.4977646], [139.0093634, 36.4976574], [139.0092829, 36.4976574], [139.0092829, 36.4976768], [139.0091696, 36.4976768], [139.0091696, 36.4977862]]]}}, {"type": "Feature", "properties": {"OCC_CLS": "Residential", "PRIM_OCC": "building=house", "OSM_ID": "way/601162919", "SOURCE": "OpenStreetMap", "building": "house", "building:levels": "2"}, "geometry": {"type": "Polygon", "coordinates": [[[139.0092447, 36.4975296], [139.0092447, 36.497431], [139.009183, 36.497431], [139.009183, 36.4974525], [139.0091132, 36.4974525], [139.0091132, 36.4975178], [139.0091441, 36.4975178], [139.0091441, 36.4975296], [139.0092447, 36.4975296]]]}}, {"type": "Feature", "properties": {"OCC_CLS": "Residential", "PRIM_OCC": "building=house", "OSM_ID": "way/601162921", "SOURCE": "OpenStreetMap", "building": "house", "building:levels": "2"}, "geometry": {"type": "Polygon", "coordinates": [[[139.0091608, 36.4973609], [139.0092541, 36.4973593], [139.0092522, 36.4972913], [139.0092319, 36.4972916], [139.0092314, 36.4972736], [139.0091408, 36.4972751], [139.0091427, 36.4973479], [139.0091605, 36.4973476], [139.0091608, 36.4973609]]]}}, {"type": "Feature", "properties": {"OCC_CLS": "Residential", "PRIM_OCC": "building=house", "OSM_ID": "way/601172947", "SOURCE": "OpenStreetMap", "building": "house", "building:levels": "2"}, "geometry": {"type": "Polygon", "coordinates": [[[139.0026003, 36.5043294], [139.0026666, 36.5043307], [139.0026672, 36.5043101], [139.0027062, 36.5043108], [139.0027081, 36.5042474], [139.0026027, 36.5042454], [139.0026003, 36.5043294]]]}}, {"type": "Feature", "properties": {"OCC_CLS": "Residential", "PRIM_OCC": "building=house", "OSM_ID": "way/601172948", "SOURCE": "OpenStreetMap", "building": "house", "building:levels": "2"}, "geometry": {"type": "Polygon", "coordinates": [[[139.0027973, 36.5040987], [139.0029234, 36.504103], [139.0029275, 36.5040254], [139.0028014, 36.5040211], [139.0027973, 36.5040987]]]}}, {"type": "Feature", "properties": {"OCC_CLS": "Residential", "PRIM_OCC": "building=house", "OSM_ID": "way/601172950", "SOURCE": "OpenStreetMap", "building": "house"}, "geometry": {"type": "Polygon", "coordinates": [[[139.0030092, 36.5043736], [139.0030072, 36.5043067], [139.0030676, 36.5043056], [139.0030687, 36.5043428], [139.0030561, 36.504343], [139.0030565, 36.5043536], [139.0030474, 36.5043531], [139.0030462, 36.504367], [139.0030374, 36.5043665], [139.0030354, 36.5043741], [139.0030092, 36.5043736]]]}}, {"type": "Feature", "properties": {"OCC_CLS": "Residential", "PRIM_OCC": "building=house", "OSM_ID": "way/601172951", "SOURCE": "OpenStreetMap", "building": "house"}, "geometry": {"type": "Polygon", "coordinates": [[[139.0030186, 36.5042878], [139.0030943, 36.5042873], [139.0030937, 36.5042329], [139.003018, 36.5042335], [139.0030186, 36.5042878]]]}}, {"type": "Feature", "properties": {"OCC_CLS": "Residential", "PRIM_OCC": "building=house", "OSM_ID": "way/601172952", "SOURCE": "OpenStreetMap", "building": "house"}, "geometry": {"type": "Polygon", "coordinates": [[[139.0030199, 36.5042248], [139.0030957, 36.5042242], [139.0030951, 36.5041699], [139.0030193, 36.5041704], [139.0030199, 36.5042248]]]}}, {"type": "Feature", "properties": {"OCC_CLS": "Residential", "PRIM_OCC": "building=house", "OSM_ID": "way/601172953", "SOURCE": "OpenStreetMap", "building": "house"}, "geometry": {"type": "Polygon", "coordinates": [[[139.0031198, 36.5042242], [139.0031956, 36.5042237], [139.003195, 36.5041693], [139.0031192, 36.5041699], [139.0031198, 36.5042242]]]}}, {"type": "Feature", "properties": {"OCC_CLS": "Residential", "PRIM_OCC": "building=house", "OSM_ID": "way/601172954", "SOURCE": "OpenStreetMap", "building": "house", "building:levels": "2"}, "geometry": {"type": "Polygon", "coordinates": [[[139.0031105, 36.5041429], [139.0032452, 36.5041429], [139.0032452, 36.5040583], [139.0031105, 36.5040583], [139.0031105, 36.5041429]]]}}, {"type": "Feature", "properties": {"OCC_CLS": "Unclassified", "PRIM_OCC": "building=yes", "OSM_ID": "way/601172955", "SOURCE": "OpenStreetMap", "building": "yes"}, "geometry": {"type": "Polygon", "coordinates": [[[139.0033505, 36.5040415], [139.0033519, 36.5039871], [139.0033686, 36.5039849], [139.0033793, 36.5039984], [139.0033773, 36.5040426], [139.0033505, 36.5040415]]]}}, {"type": "Feature", "properties": {"OCC_CLS": "Residential", "PRIM_OCC": "building=house", "OSM_ID": "way/601172956", "SOURCE": "OpenStreetMap", "building": "house"}, "geometry": {"type": "Polygon", "coordinates": [[[139.0031527, 36.5039364], [139.0032284, 36.5039359], [139.0032278, 36.5038815], [139.0031521, 36.503882], [139.0031527, 36.5039364]]]}}, {"type": "Feature", "properties": {"OCC_CLS": "Residential", "PRIM_OCC": "building=house", "OSM_ID": "way/601172957", "SOURCE": "OpenStreetMap", "building": "house"}, "geometry": {"type": "Polygon", "coordinates": [[[139.0032415, 36.5039367], [139.0033173, 36.5039361], [139.0033167, 36.5038818], [139.0032409, 36.5038823], [139.0032415, 36.5039367]]]}}, {"type": "Feature", "properties": {"OCC_CLS": "Residential", "PRIM_OCC": "building=house", "OSM_ID": "way/601172958", "SOURCE": "OpenStreetMap", "building": "house"}, "geometry": {"type": "Polygon", "coordinates": [[[139.0033425, 36.5039381], [139.0034182, 36.5039375], [139.0034176, 36.5038831], [139.0033419, 36.5038837], [139.0033425, 36.5039381]]]}}, {"type": "Feature", "properties": {"OCC_CLS": "Residential", "PRIM_OCC": "building=house", "OSM_ID": "way/601172959", "SOURCE": "OpenStreetMap", "building": "house", "building:levels": "2"}, "geometry": {"type": "Polygon", "coordinates": [[[139.0034404, 36.5038723], [139.0034417, 36.5037817], [139.0035443, 36.5037827], [139.0035446, 36.503765], [139.0036187, 36.5037657], [139.0036183, 36.5037925], [139.003559, 36.5038729], [139.0034404, 36.5038723]]]}}, {"type": "Feature", "properties": {"OCC_CLS": "Residential", "PRIM_OCC": "building=apartments", "OSM_ID": "way/601172960", "SOURCE": "OpenStreetMap", "building": "apartments", "building:levels": "2"}, "geometry": {"type": "Polygon", "coordinates": [[[139.0032312, 36.5036324], [139.0033451, 36.5036329], [139.0033464, 36.503434], [139.0032325, 36.5034335], [139.0032312, 36.5036324]]]}}, {"type": "Feature", "properties": {"OCC_CLS": "Residential", "PRIM_OCC": "building=house", "OSM_ID": "way/601172961", "SOURCE": "OpenStreetMap", "building": "house", "building:levels": "2"}, "geometry": {"type": "Polygon", "coordinates": [[[139.0035215, 36.5036815], [139.0036017, 36.5036796], [139.003599, 36.5036068], [139.0035188, 36.5036087], [139.0035215, 36.5036815]]]}}, {"type": "Feature", "properties": {"OCC_CLS": "Residential", "PRIM_OCC": "building=house", "OSM_ID": "way/601172962", "SOURCE": "OpenStreetMap", "building": "house", "building:levels": "2"}, "geometry": {"type": "Polygon", "coordinates": [[[139.0036156, 36.503682], [139.0036158, 36.5035944], [139.003731, 36.5035945], [139.0037309, 36.5036541], [139.0036952, 36.5036541], [139.0036951, 36.5036821], [139.0036156, 36.503682]]]}}, {"type": "Feature", "properties": {"OCC_CLS": "Residential", "PRIM_OCC": "building=house", "OSM_ID": "way/601172964", "SOURCE": "OpenStreetMap", "building": "house", "building:levels": "2"}, "geometry": {"type": "Polygon", "coordinates": [[[139.0037475, 36.5034443], [139.0038256, 36.5034436], [139.0038242, 36.5033509], [139.0037461, 36.5033516], [139.0037475, 36.5034443]]]}}, {"type": "Feature", "properties": {"OCC_CLS": "Unclassified", "PRIM_OCC": "building=yes", "OSM_ID": "way/601172965", "SOURCE": "OpenStreetMap", "name": "\u6ca2\u7530\u30e2\u30fc\u30bf\u30fc\u30b9", "building": "yes", "building:levels": "2"}, "geometry": {"type": "Polygon", "coordinates": [[[139.0038407, 36.5034632], [139.0038373, 36.5033198], [139.0039218, 36.5033185], [139.0039242, 36.5034244], [139.0039104, 36.5034605], [139.0038407, 36.5034632]]]}}, {"type": "Feature", "properties": {"OCC_CLS": "Residential", "PRIM_OCC": "building=apartments", "OSM_ID": "way/601172967", "SOURCE": "OpenStreetMap", "building": "apartments", "building:levels": "2"}, "geometry": {"type": "Polygon", "coordinates": [[[139.003834, 36.503308], [139.0039454, 36.5033054], [139.0039366, 36.5030596], [139.0038253, 36.5030622], [139.003834, 36.503308]]]}}, {"type": "Feature", "properties": {"OCC_CLS": "Residential", "PRIM_OCC": "building=house", "OSM_ID": "way/601172968", "SOURCE": "OpenStreetMap", "building": "house", "building:levels": "2"}, "geometry": {"type": "Polygon", "coordinates": [[[139.0039574, 36.5032503], [139.0039567, 36.5031533], [139.0040445, 36.5031529], [139.0040447, 36.5031775], [139.0040908, 36.5031773], [139.0040913, 36.5032497], [139.0039574, 36.5032503]]]}}, {"type": "Feature", "properties": {"OCC_CLS": "Residential", "PRIM_OCC": "building=house", "OSM_ID": "way/601172971", "SOURCE": "OpenStreetMap", "building": "house", "building:levels": "2"}, "geometry": {"type": "Polygon", "coordinates": [[[139.0043107, 36.5029541], [139.0043108, 36.5028513], [139.0044517, 36.5028514], [139.0044517, 36.502872], [139.0044276, 36.502872], [139.0044276, 36.5028968], [139.0044093, 36.5028968], [139.0044093, 36.502921], [139.0043741, 36.5029209], [139.0043741, 36.5029541], [139.0043107, 36.5029541]]]}}, {"type": "Feature", "properties": {"OCC_CLS": "Residential", "PRIM_OCC": "building=house", "OSM_ID": "way/601172972", "SOURCE": "OpenStreetMap", "building": "house", "building:levels": "2"}, "geometry": {"type": "Polygon", "coordinates": [[[139.0043208, 36.5027307], [139.0044529, 36.5027285], [139.0044515, 36.5026732], [139.0043194, 36.5026753], [139.0043208, 36.5027307]]]}}, {"type": "Feature", "properties": {"OCC_CLS": "Residential", "PRIM_OCC": "building=apartments", "OSM_ID": "way/601172973", "SOURCE": "OpenStreetMap", "building": "apartments", "building:levels": "2"}, "geometry": {"type": "Polygon", "coordinates": [[[139.004524, 36.5028034], [139.00458, 36.5027426], [139.0045076, 36.5026995], [139.0044516, 36.5027603], [139.004524, 36.5028034]]]}}, {"type": "Feature", "properties": {"OCC_CLS": "Residential", "PRIM_OCC": "building=house", "OSM_ID": "way/601172974", "SOURCE": "OpenStreetMap", "building": "house", "building:levels": "2"}, "geometry": {"type": "Polygon", "coordinates": [[[139.0045877, 36.5023916], [139.0046045, 36.5023227], [139.0044302, 36.5022952], [139.0044133, 36.5023642], [139.0045877, 36.5023916]]]}}, {"type": "Feature", "properties": {"OCC_CLS": "Unclassified", "PRIM_OCC": "building=yes", "OSM_ID": "way/601172976", "SOURCE": "OpenStreetMap", "building": "yes"}, "geometry": {"type": "Polygon", "coordinates": [[[139.0044656, 36.502542], [139.0046032, 36.5025369], [139.0045959, 36.5024091], [139.0044583, 36.5024143], [139.0044656, 36.502542]]]}}, {"type": "Feature", "properties": {"OCC_CLS": "Residential", "PRIM_OCC": "building=house", "OSM_ID": "way/601172977", "SOURCE": "OpenStreetMap", "building": "house", "building:levels": "3"}, "geometry": {"type": "Polygon", "coordinates": [[[139.0048512, 36.5025005], [139.004762, 36.502445], [139.0046907, 36.502519], [139.0047556, 36.5025594], [139.0047715, 36.5025429], [139.0047958, 36.502558], [139.0048512, 36.5025005]]]}}, {"type": "Feature", "properties": {"OCC_CLS": "Residential", "PRIM_OCC": "building=house", "OSM_ID": "way/601172978", "SOURCE": "OpenStreetMap", "building": "house", "building:levels": "2"}, "geometry": {"type": "Polygon", "coordinates": [[[139.0049518, 36.5023884], [139.004866, 36.5023377], [139.0049222, 36.5022762], [139.0050102, 36.5023282], [139.0049518, 36.5023884]]]}}, {"type": "Feature", "properties": {"OCC_CLS": "Residential", "PRIM_OCC": "building=house", "OSM_ID": "way/601172979", "SOURCE": "OpenStreetMap", "building": "house", "building:levels": "2"}, "geometry": {"type": "Polygon", "coordinates": [[[139.0050675, 36.5022811], [139.0051687, 36.5021752], [139.0050988, 36.502132], [139.0050744, 36.5021575], [139.00502, 36.5021239], [139.0049708, 36.5021753], [139.0049957, 36.5021907], [139.004968, 36.5022197], [139.0050675, 36.5022811]]]}}, {"type": "Feature", "properties": {"OCC_CLS": "Residential", "PRIM_OCC": "building=house", "OSM_ID": "way/601172980", "SOURCE": "OpenStreetMap", "building": "house", "building:levels": "2"}, "geometry": {"type": "Polygon", "coordinates": [[[139.005183, 36.5021464], [139.0052322, 36.502093], [139.005212, 36.502081], [139.0052267, 36.5020649], [139.005119, 36.5020008], [139.0050551, 36.5020703], [139.005183, 36.5021464]]]}}, {"type": "Feature", "properties": {"OCC_CLS": "Residential", "PRIM_OCC": "building=house", "OSM_ID": "way/601172981", "SOURCE": "OpenStreetMap", "building": "house", "building:levels": "2"}, "geometry": {"type": "Polygon", "coordinates": [[[139.0051489, 36.5019604], [139.005204, 36.5018985], [139.0050464, 36.5018079], [139.0049914, 36.5018699], [139.0051489, 36.5019604]]]}}, {"type": "Feature", "properties": {"OCC_CLS": "Residential", "PRIM_OCC": "building=house", "OSM_ID": "way/601172982", "SOURCE": "OpenStreetMap", "building": "house", "building:levels": "2"}, "geometry": {"type": "Polygon", "coordinates": [[[139.0052857, 36.5020224], [139.0053393, 36.5019609], [139.0052253, 36.5018967], [139.0051717, 36.5019583], [139.0052857, 36.5020224]]]}}, {"type": "Feature", "properties": {"OCC_CLS": "Unclassified", "PRIM_OCC": "building=yes", "OSM_ID": "way/601172983", "SOURCE": "OpenStreetMap", "building": "yes", "building:levels": "2"}, "geometry": {"type": "Polygon", "coordinates": [[[139.0053675, 36.501954], [139.0053105, 36.5019249], [139.005369, 36.5018509], [139.0054153, 36.5018746], [139.0054199, 36.5018909], [139.0053675, 36.501954]]]}}, {"type": "Feature", "properties": {"OCC_CLS": "Residential", "PRIM_OCC": "building=apartments", "OSM_ID": "way/601172986", "SOURCE": "OpenStreetMap", "building": "apartments"}, "geometry": {"type": "Polygon", "coordinates": [[[139.0053447, 36.5017459], [139.0054191, 36.5016619], [139.005289, 36.5015875], [139.0052146, 36.5016715], [139.0053447, 36.5017459]]]}}, {"type": "Feature", "properties": {"OCC_CLS": "Residential", "PRIM_OCC": "building=apartments", "OSM_ID": "way/601172988", "SOURCE": "OpenStreetMap", "name": "\u30b5\u30f3\u30c6\u30e9\u30b9\u58f1\u756a\u9928B", "building": "apartments", "building:levels": "2"}, "geometry": {"type": "Polygon", "coordinates": [[[139.0055808, 36.5017254], [139.0056411, 36.5016505], [139.0055063, 36.5015804], [139.005446, 36.5016554], [139.0055808, 36.5017254]]]}}, {"type": "Feature", "properties": {"OCC_CLS": "Residential", "PRIM_OCC": "building=apartments", "OSM_ID": "way/601172990", "SOURCE": "OpenStreetMap", "building": "apartments", "building:levels": "2"}, "geometry": {"type": "Polygon", "coordinates": [[[139.0055285, 36.501568], [139.0056069, 36.5014776], [139.005454, 36.5013919], [139.0053756, 36.5014823], [139.0055285, 36.501568]]]}}, {"type": "Feature", "properties": {"OCC_CLS": "Residential", "PRIM_OCC": "building=house", "OSM_ID": "way/601172992", "SOURCE": "OpenStreetMap", "building": "house"}, "geometry": {"type": "Polygon", "coordinates": [[[139.0056181, 36.5014136], [139.0056778, 36.5013382], [139.0055374, 36.5012664], [139.0054734, 36.5013473], [139.0055088, 36.5013654], [139.0055131, 36.5013599], [139.0056181, 36.5014136]]]}}, {"type": "Feature", "properties": {"OCC_CLS": "Unclassified", "PRIM_OCC": "building=yes", "OSM_ID": "way/601172993", "SOURCE": "OpenStreetMap", "building": "yes"}, "geometry": {"type": "Polygon", "coordinates": [[[139.0057793, 36.5014516], [139.0058119, 36.501414], [139.0057073, 36.5013552], [139.0056746, 36.5013929], [139.0057793, 36.5014516]]]}}, {"type": "Feature", "properties": {"OCC_CLS": "Unclassified", "PRIM_OCC": "building=yes", "OSM_ID": "way/601172994", "SOURCE": "OpenStreetMap", "building": "yes", "building:levels": "2"}, "geometry": {"type": "Polygon", "coordinates": [[[139.0057059, 36.5013362], [139.0058096, 36.501214], [139.0057073, 36.5011579], [139.0056758, 36.501195], [139.005697, 36.5012066], [139.0056248, 36.5012917], [139.0057059, 36.5013362]]]}}, {"type": "Feature", "properties": {"OCC_CLS": "Residential", "PRIM_OCC": "building=apartments", "OSM_ID": "way/601172996", "SOURCE": "OpenStreetMap", "building": "apartments", "building:levels": "4"}, "geometry": {"type": "Polygon", "coordinates": [[[139.0055761, 36.501084], [139.0056609, 36.5009749], [139.0054732, 36.5008806], [139.0053883, 36.5009897], [139.0055761, 36.501084]]]}}, {"type": "Feature", "properties": {"OCC_CLS": "Utility", "PRIM_OCC": "building=roof", "OSM_ID": "way/601172997", "SOURCE": "OpenStreetMap", "building": "roof"}, "geometry": {"type": "Polygon", "coordinates": [[[139.0058671, 36.5010182], [139.0058914, 36.5009876], [139.0058599, 36.5009715], [139.0058356, 36.5010021], [139.0058671, 36.5010182]]]}}, {"type": "Feature", "properties": {"OCC_CLS": "Unclassified", "PRIM_OCC": "building=yes", "OSM_ID": "way/601173000", "SOURCE": "OpenStreetMap", "building": "yes"}, "geometry": {"type": "Polygon", "coordinates": [[[139.0063351, 36.500918], [139.006366, 36.5008869], [139.0063224, 36.5008589], [139.0062916, 36.5008899], [139.0063351, 36.500918]]]}}, {"type": "Feature", "properties": {"OCC_CLS": "Residential", "PRIM_OCC": "building=apartments", "OSM_ID": "way/601173002", "SOURCE": "OpenStreetMap", "name": "\u30b3\u30fc\u30dd\u9577\u8c37\u5ddd1", "building": "apartments", "building:levels": "2"}, "geometry": {"type": "Polygon", "coordinates": [[[139.0063439, 36.5008631], [139.0064069, 36.500788], [139.0062439, 36.5006996], [139.0061809, 36.5007747], [139.0063439, 36.5008631]]]}}, {"type": "Feature", "properties": {"OCC_CLS": "Residential", "PRIM_OCC": "building=apartments", "OSM_ID": "way/601173003", "SOURCE": "OpenStreetMap", "name": "\u30b3\u30fc\u30dd\u9577\u8c37\u5ddd2", "building": "apartments", "building:levels": "2"}, "geometry": {"type": "Polygon", "coordinates": [[[139.0064136, 36.5007714], [139.0064766, 36.5006963], [139.0063137, 36.5006079], [139.0062506, 36.500683], [139.0064136, 36.5007714]]]}}, {"type": "Feature", "properties": {"OCC_CLS": "Unclassified", "PRIM_OCC": "building=yes", "OSM_ID": "way/601173005", "SOURCE": "OpenStreetMap", "building": "yes"}, "geometry": {"type": "Polygon", "coordinates": [[[139.0064411, 36.5006361], [139.0064538, 36.5006194], [139.0064218, 36.5006036], [139.0064091, 36.5006203], [139.0064411, 36.5006361]]]}}, {"type": "Feature", "properties": {"OCC_CLS": "Residential", "PRIM_OCC": "building=house", "OSM_ID": "way/601173006", "SOURCE": "OpenStreetMap", "building": "house", "building:levels": "2"}, "geometry": {"type": "Polygon", "coordinates": [[[139.0063975, 36.500601], [139.0064658, 36.5005096], [139.0062881, 36.5004238], [139.0062198, 36.5005153], [139.0063975, 36.500601]]]}}, {"type": "Feature", "properties": {"OCC_CLS": "Utility", "PRIM_OCC": "building=garage", "OSM_ID": "way/601173007", "SOURCE": "OpenStreetMap", "building": "garage"}, "geometry": {"type": "Polygon", "coordinates": [[[139.0065913, 36.5006301], [139.0066304, 36.5005839], [139.0065761, 36.5005542], [139.006537, 36.5006005], [139.0065913, 36.5006301]]]}}, {"type": "Feature", "properties": {"OCC_CLS": "Utility", "PRIM_OCC": "building=garage", "OSM_ID": "way/601173008", "SOURCE": "OpenStreetMap", "building": "garage"}, "geometry": {"type": "Polygon", "coordinates": [[[139.0066865, 36.5005369], [139.0067172, 36.5004988], [139.0066696, 36.500474], [139.0066389, 36.5005121], [139.0066865, 36.5005369]]]}}, {"type": "Feature", "properties": {"OCC_CLS": "Residential", "PRIM_OCC": "building=house", "OSM_ID": "way/601173009", "SOURCE": "OpenStreetMap", "building": "house", "building:levels": "2"}, "geometry": {"type": "Polygon", "coordinates": [[[139.0065879, 36.500545], [139.0064491, 36.5004749], [139.0065113, 36.5003954], [139.0065631, 36.5004215], [139.0065528, 36.5004347], [139.0066147, 36.5004659], [139.0066028, 36.5004811], [139.0066279, 36.5004938], [139.0065879, 36.500545]]]}}, {"type": "Feature", "properties": {"OCC_CLS": "Unclassified", "PRIM_OCC": "building=yes", "OSM_ID": "way/601173010", "SOURCE": "OpenStreetMap", "building": "yes", "building:levels": "3"}, "geometry": {"type": "Polygon", "coordinates": [[[139.0067415, 36.5004787], [139.0068186, 36.5003782], [139.0066402, 36.5002898], [139.0065631, 36.5003903], [139.0067415, 36.5004787]]]}}, {"type": "Feature", "properties": {"OCC_CLS": "Residential", "PRIM_OCC": "building=house", "OSM_ID": "way/601173011", "SOURCE": "OpenStreetMap", "building": "house"}, "geometry": {"type": "Polygon", "coordinates": [[[139.006519, 36.5001124], [139.0066006, 36.5001151], [139.0066046, 36.5000386], [139.006523, 36.5000358], [139.006519, 36.5001124]]]}}, {"type": "Feature", "properties": {"OCC_CLS": "Residential", "PRIM_OCC": "building=house", "OSM_ID": "way/601173012", "SOURCE": "OpenStreetMap", "building": "house"}, "geometry": {"type": "Polygon", "coordinates": [[[139.0066202, 36.5001323], [139.0067018, 36.5001351], [139.0067059, 36.5000585], [139.0066242, 36.5000558], [139.0066202, 36.5001323]]]}}, {"type": "Feature", "properties": {"OCC_CLS": "Residential", "PRIM_OCC": "building=house", "OSM_ID": "way/601173013", "SOURCE": "OpenStreetMap", "building": "house"}, "geometry": {"type": "Polygon", "coordinates": [[[139.0067267, 36.5001499], [139.0068083, 36.5001526], [139.0068124, 36.5000761], [139.0067308, 36.5000733], [139.0067267, 36.5001499]]]}}, {"type": "Feature", "properties": {"OCC_CLS": "Unclassified", "PRIM_OCC": "building=yes", "OSM_ID": "way/601173016", "SOURCE": "OpenStreetMap", "building": "yes", "building:levels": "4"}, "geometry": {"type": "Polygon", "coordinates": [[[139.0054857, 36.4998112], [139.0058181, 36.4998104], [139.0058187, 36.4999741], [139.0057946, 36.4999742], [139.0057948, 36.5000246], [139.0056479, 36.500025], [139.0056478, 36.4999993], [139.0055277, 36.4999996], [139.0055276, 36.4999756], [139.0054864, 36.4999757], [139.0054857, 36.4998112]]]}}, {"type": "Feature", "properties": {"OCC_CLS": "Utility", "PRIM_OCC": "building=hut", "OSM_ID": "way/601173017", "SOURCE": "OpenStreetMap", "building": "hut"}, "geometry": {"type": "Polygon", "coordinates": [[[139.0070379, 36.5001456], [139.0070674, 36.5001175], [139.007045, 36.5001023], [139.0070155, 36.5001303], [139.0070379, 36.5001456]]]}}, {"type": "Feature", "properties": {"OCC_CLS": "Residential", "PRIM_OCC": "building=house", "OSM_ID": "way/601173018", "SOURCE": "OpenStreetMap", "building": "house", "building:levels": "2"}, "geometry": {"type": "Polygon", "coordinates": [[[139.0068541, 36.5001768], [139.006999, 36.5001779], [139.0069999, 36.5000968], [139.0068551, 36.5000957], [139.0068541, 36.5001768]]]}}, {"type": "Feature", "properties": {"OCC_CLS": "Unclassified", "PRIM_OCC": "building=yes", "OSM_ID": "way/601173019", "SOURCE": "OpenStreetMap", "building": "yes", "building:levels": "2"}, "geometry": {"type": "Polygon", "coordinates": [[[139.0070432, 36.5000108], [139.0071613, 36.5000108], [139.0071613, 36.4999213], [139.0070432, 36.4999213], [139.0070432, 36.5000108]]]}}, {"type": "Feature", "properties": {"OCC_CLS": "Residential", "PRIM_OCC": "building=house", "OSM_ID": "way/601173023", "SOURCE": "OpenStreetMap", "building": "house", "building:levels": "2"}, "geometry": {"type": "Polygon", "coordinates": [[[139.007119, 36.499675], [139.0072229, 36.499675], [139.0072229, 36.4995806], [139.007119, 36.4995806], [139.007119, 36.499675]]]}}, {"type": "Feature", "properties": {"OCC_CLS": "Residential", "PRIM_OCC": "building=house", "OSM_ID": "way/601173024", "SOURCE": "OpenStreetMap", "building": "house", "building:levels": "2"}, "geometry": {"type": "Polygon", "coordinates": [[[139.0072323, 36.4996831], [139.0073599, 36.4996845], [139.0073619, 36.4995713], [139.0072343, 36.4995699], [139.0072323, 36.4996831]]]}}, {"type": "Feature", "properties": {"OCC_CLS": "Unclassified", "PRIM_OCC": "building=yes", "OSM_ID": "way/601173026", "SOURCE": "OpenStreetMap", "building": "yes", "building:levels": "2"}, "geometry": {"type": "Polygon", "coordinates": [[[139.0068246, 36.4995063], [139.006826, 36.49942], [139.0068682, 36.4994204], [139.0068681, 36.4994303], [139.0069567, 36.4994311], [139.0069569, 36.4994213], [139.0070505, 36.4994223], [139.0070504, 36.4994321], [139.0070841, 36.4994324], [139.0070836, 36.499468], [139.0070627, 36.4994696], [139.0070627, 36.4995057], [139.0070836, 36.4995057], [139.0070836, 36.4995505], [139.0070164, 36.4995505], [139.0070164, 36.499516], [139.0069648, 36.499516], [139.0069648, 36.4995364], [139.0069286, 36.4995364], [139.0069286, 36.4995505], [139.006889, 36.4995505], [139.006889, 36.4995364], [139.0068562, 36.4995364], [139.0068562, 36.4995057], [139.0068246, 36.4995063]]]}}, {"type": "Feature", "properties": {"OCC_CLS": "Residential", "PRIM_OCC": "building=house", "OSM_ID": "way/601173028", "SOURCE": "OpenStreetMap", "building": "house"}, "geometry": {"type": "Polygon", "coordinates": [[[139.0070512, 36.4993057], [139.0070514, 36.4991712], [139.0071123, 36.4991713], [139.0071122, 36.4992076], [139.0071754, 36.4992077], [139.0071753, 36.4993058], [139.0070512, 36.4993057]]]}}, {"type": "Feature", "properties": {"OCC_CLS": "Unclassified", "PRIM_OCC": "building=yes", "OSM_ID": "way/601173031", "SOURCE": "OpenStreetMap", "building": "yes"}, "geometry": {"type": "Polygon", "coordinates": [[[139.0077902, 36.4992734], [139.0078561, 36.4992763], [139.0078588, 36.4992364], [139.0077929, 36.4992335], [139.0077902, 36.4992734]]]}}, {"type": "Feature", "properties": {"OCC_CLS": "Residential", "PRIM_OCC": "building=apartments", "OSM_ID": "way/601173032", "SOURCE": "OpenStreetMap", "building": "apartments", "building:levels": "3"}, "geometry": {"type": "Polygon", "coordinates": [[[139.0073557, 36.4992076], [139.0079183, 36.4992132], [139.0079203, 36.4990783], [139.0073578, 36.4990727], [139.0073557, 36.4992076]]]}}, {"type": "Feature", "properties": {"OCC_CLS": "Residential", "PRIM_OCC": "building=house", "OSM_ID": "way/601173033", "SOURCE": "OpenStreetMap", "building": "house", "building:levels": "2"}, "geometry": {"type": "Polygon", "coordinates": [[[139.0079901, 36.4990427], [139.0080987, 36.4990438], [139.0080999, 36.4989629], [139.0079913, 36.4989618], [139.0079901, 36.4990427]]]}}, {"type": "Feature", "properties": {"OCC_CLS": "Residential", "PRIM_OCC": "building=house", "OSM_ID": "way/601173034", "SOURCE": "OpenStreetMap", "building": "house", "building:levels": "2"}, "geometry": {"type": "Polygon", "coordinates": [[[139.0079414, 36.4987837], [139.0080733, 36.498782], [139.0080745, 36.4988421], [139.0080624, 36.4988422], [139.0080626, 36.4988502], [139.008051, 36.4988503], [139.0080512, 36.4988621], [139.0079616, 36.4988633], [139.0079608, 36.4988234], [139.0079422, 36.4988237], [139.0079414, 36.4987837]]]}}, {"type": "Feature", "properties": {"OCC_CLS": "Residential", "PRIM_OCC": "building=house", "OSM_ID": "way/601173035", "SOURCE": "OpenStreetMap", "building": "house", "building:levels": "2"}, "geometry": {"type": "Polygon", "coordinates": [[[139.0077956, 36.4988503], [139.007921, 36.4988492], [139.0079199, 36.4987674], [139.0077945, 36.4987685], [139.0077956, 36.4988503]]]}}, {"type": "Feature", "properties": {"OCC_CLS": "Residential", "PRIM_OCC": "building=house", "OSM_ID": "way/601173902", "SOURCE": "OpenStreetMap", "building": "house", "building:levels": "2"}, "geometry": {"type": "Polygon", "coordinates": [[[139.0019101, 36.5058632], [139.0017808, 36.5058006], [139.0018332, 36.5057306], [139.0019309, 36.5057779], [139.0019189, 36.505794], [139.0019505, 36.5058093], [139.0019101, 36.5058632]]]}}, {"type": "Feature", "properties": {"OCC_CLS": "Residential", "PRIM_OCC": "building=house", "OSM_ID": "way/601173904", "SOURCE": "OpenStreetMap", "building": "house", "building:levels": "2"}, "geometry": {"type": "Polygon", "coordinates": [[[139.0019873, 36.5057636], [139.0018525, 36.5057205], [139.0018849, 36.5056551], [139.0019172, 36.5056655], [139.0019282, 36.5056433], [139.0020306, 36.5056761], [139.0019873, 36.5057636]]]}}, {"type": "Feature", "properties": {"OCC_CLS": "Residential", "PRIM_OCC": "building=house", "OSM_ID": "way/601173905", "SOURCE": "OpenStreetMap", "building": "house", "building:levels": "2"}, "geometry": {"type": "Polygon", "coordinates": [[[139.0020798, 36.5055728], [139.0019772, 36.505548], [139.0020012, 36.505484], [139.0021038, 36.5055088], [139.0020798, 36.5055728]]]}}, {"type": "Feature", "properties": {"OCC_CLS": "Residential", "PRIM_OCC": "building=house", "OSM_ID": "way/601173906", "SOURCE": "OpenStreetMap", "building": "house", "building:levels": "2"}, "geometry": {"type": "Polygon", "coordinates": [[[139.0021375, 36.5054564], [139.002, 36.5054171], [139.0020287, 36.5053524], [139.0021316, 36.5053819], [139.0021249, 36.505397], [139.0021594, 36.5054069], [139.0021375, 36.5054564]]]}}, {"type": "Feature", "properties": {"OCC_CLS": "Residential", "PRIM_OCC": "building=house", "OSM_ID": "way/601173908", "SOURCE": "OpenStreetMap", "building": "house", "building:levels": "2"}, "geometry": {"type": "Polygon", "coordinates": [[[139.0023769, 36.5051459], [139.0023967, 36.5050704], [139.0022642, 36.5050478], [139.0022443, 36.5051234], [139.0023769, 36.5051459]]]}}, {"type": "Feature", "properties": {"OCC_CLS": "Residential", "PRIM_OCC": "building=house", "OSM_ID": "way/601173909", "SOURCE": "OpenStreetMap", "building": "house", "building:levels": "2"}, "geometry": {"type": "Polygon", "coordinates": [[[139.0024795, 36.5050683], [139.0023272, 36.5050425], [139.0023467, 36.5049684], [139.0025477, 36.5050026], [139.0025401, 36.5050315], [139.0024913, 36.5050232], [139.0024795, 36.5050683]]]}}, {"type": "Feature", "properties": {"OCC_CLS": "Utility", "PRIM_OCC": "building=garage", "OSM_ID": "way/601173910", "SOURCE": "OpenStreetMap", "building": "garage"}, "geometry": {"type": "Polygon", "coordinates": [[[139.0026022, 36.5049524], [139.0026117, 36.5049234], [139.0025653, 36.5049136], [139.0025558, 36.5049426], [139.0026022, 36.5049524]]]}}, {"type": "Feature", "properties": {"OCC_CLS": "Residential", "PRIM_OCC": "building=house", "OSM_ID": "way/601173911", "SOURCE": "OpenStreetMap", "building": "house", "building:levels": "2"}, "geometry": {"type": "Polygon", "coordinates": [[[139.002517, 36.5049675], [139.002538, 36.5049035], [139.002436, 36.504882], [139.0024151, 36.504946], [139.002517, 36.5049675]]]}}, {"type": "Feature", "properties": {"OCC_CLS": "Residential", "PRIM_OCC": "building=house", "OSM_ID": "way/601173912", "SOURCE": "OpenStreetMap", "building": "house"}, "geometry": {"type": "Polygon", "coordinates": [[[139.0022582, 36.5047606], [139.0023413, 36.5047713], [139.0023525, 36.5047159], [139.0022693, 36.5047051], [139.0022582, 36.5047606]]]}}, {"type": "Feature", "properties": {"OCC_CLS": "Unclassified", "PRIM_OCC": "building=yes", "OSM_ID": "way/601173913", "SOURCE": "OpenStreetMap", "building": "yes"}, "geometry": {"type": "Polygon", "coordinates": [[[139.0025559, 36.5048328], [139.0025694, 36.5048018], [139.0025198, 36.5047878], [139.0025063, 36.5048188], [139.0025559, 36.5048328]]]}}, {"type": "Feature", "properties": {"OCC_CLS": "Residential", "PRIM_OCC": "building=house", "OSM_ID": "way/601173914", "SOURCE": "OpenStreetMap", "building": "house", "building:levels": "2"}, "geometry": {"type": "Polygon", "coordinates": [[[139.0026793, 36.5048393], [139.0027372, 36.5047503], [139.0026218, 36.5047018], [139.002564, 36.5047907], [139.0026793, 36.5048393]]]}}, {"type": "Feature", "properties": {"OCC_CLS": "Residential", "PRIM_OCC": "building=apartments", "OSM_ID": "way/601173915", "SOURCE": "OpenStreetMap", "building": "apartments"}, "geometry": {"type": "Polygon", "coordinates": [[[139.0022649, 36.5045892], [139.0026578, 36.504629], [139.0026689, 36.5045585], [139.002276, 36.5045186], [139.0022649, 36.5045892]]]}}, {"type": "Feature", "properties": {"OCC_CLS": "Residential", "PRIM_OCC": "building=apartments", "OSM_ID": "way/601173916", "SOURCE": "OpenStreetMap", "building": "apartments", "building:levels": "2"}, "geometry": {"type": "Polygon", "coordinates": [[[139.0023547, 36.5044404], [139.0023724, 36.5043468], [139.0021243, 36.5043166], [139.0021066, 36.5044102], [139.0023547, 36.5044404]]]}}, {"type": "Feature", "properties": {"OCC_CLS": "Residential", "PRIM_OCC": "building=apartments", "OSM_ID": "way/601173917", "SOURCE": "OpenStreetMap", "building": "apartments", "building:levels": "2"}, "geometry": {"type": "Polygon", "coordinates": [[[139.0023722, 36.5042841], [139.0023879, 36.5041919], [139.0020459, 36.5041542], [139.0020302, 36.5042464], [139.0023722, 36.5042841]]]}}, {"type": "Feature", "properties": {"OCC_CLS": "Residential", "PRIM_OCC": "building=house", "OSM_ID": "way/601173918", "SOURCE": "OpenStreetMap", "building": "house", "building:levels": "2"}, "geometry": {"type": "Polygon", "coordinates": [[[139.0025653, 36.5045137], [139.002568, 36.5044027], [139.0026674, 36.5044042], [139.0026666, 36.504435], [139.0027061, 36.5044356], [139.002705, 36.5044845], [139.002682, 36.5044842], [139.0026812, 36.5045155], [139.0025653, 36.5045137]]]}}, {"type": "Feature", "properties": {"OCC_CLS": "Residential", "PRIM_OCC": "building=apartments", "OSM_ID": "way/605977019", "SOURCE": "OpenStreetMap", "building": "apartments", "building:levels": "2"}, "geometry": {"type": "Polygon", "coordinates": [[[139.0062617, 36.5015664], [139.0064575, 36.5015653], [139.0064569, 36.5014888], [139.0062611, 36.5014899], [139.0062617, 36.5015664]]]}}, {"type": "Feature", "properties": {"OCC_CLS": "Residential", "PRIM_OCC": "building=apartments", "OSM_ID": "way/605977020", "SOURCE": "OpenStreetMap", "building": "apartments", "building:levels": "2"}, "geometry": {"type": "Polygon", "coordinates": [[[139.0062845, 36.5017217], [139.0064803, 36.5017206], [139.0064797, 36.501644], [139.0062838, 36.5016451], [139.0062845, 36.5017217]]]}}, {"type": "Feature", "properties": {"OCC_CLS": "Residential", "PRIM_OCC": "building=apartments", "OSM_ID": "way/605977021", "SOURCE": "OpenStreetMap", "building": "apartments", "building:levels": "2"}, "geometry": {"type": "Polygon", "coordinates": [[[139.0062885, 36.5019087], [139.0064843, 36.5019076], [139.0064837, 36.5018311], [139.0062879, 36.5018321], [139.0062885, 36.5019087]]]}}, {"type": "Feature", "properties": {"OCC_CLS": "Residential", "PRIM_OCC": "building=apartments", "OSM_ID": "way/605977022", "SOURCE": "OpenStreetMap", "building": "apartments", "building:levels": "2"}, "geometry": {"type": "Polygon", "coordinates": [[[139.0062855, 36.5020763], [139.0064813, 36.5020752], [139.0064807, 36.5019987], [139.0062849, 36.5019998], [139.0062855, 36.5020763]]]}}, {"type": "Feature", "properties": {"OCC_CLS": "Residential", "PRIM_OCC": "building=house", "OSM_ID": "way/605977023", "SOURCE": "OpenStreetMap", "building": "house", "building:levels": "2"}, "geometry": {"type": "Polygon", "coordinates": [[[139.0059596, 36.5017599], [139.0060931, 36.5017567], [139.0060903, 36.5016829], [139.0059569, 36.5016861], [139.0059596, 36.5017599]]]}}, {"type": "Feature", "properties": {"OCC_CLS": "Residential", "PRIM_OCC": "building=house", "OSM_ID": "way/605977024", "SOURCE": "OpenStreetMap", "building": "house", "building:levels": "2"}, "geometry": {"type": "Polygon", "coordinates": [[[139.0058188, 36.5018817], [139.0059201, 36.5018796], [139.0059176, 36.5018044], [139.0058163, 36.5018065], [139.0058188, 36.5018817]]]}}, {"type": "Feature", "properties": {"OCC_CLS": "Residential", "PRIM_OCC": "building=house", "OSM_ID": "way/605977025", "SOURCE": "OpenStreetMap", "building": "house", "building:levels": "2"}, "geometry": {"type": "Polygon", "coordinates": [[[139.0059288, 36.5022148], [139.0060435, 36.5022129], [139.0060415, 36.5021358], [139.0059268, 36.5021378], [139.0059288, 36.5022148]]]}}, {"type": "Feature", "properties": {"OCC_CLS": "Residential", "PRIM_OCC": "building=house", "OSM_ID": "way/605977027", "SOURCE": "OpenStreetMap", "building": "house", "building:levels": "2"}, "geometry": {"type": "Polygon", "coordinates": [[[139.0059187, 36.5019949], [139.0060025, 36.5019928], [139.0060003, 36.5019353], [139.0059164, 36.5019374], [139.0059187, 36.5019949]]]}}, {"type": "Feature", "properties": {"OCC_CLS": "Residential", "PRIM_OCC": "building=house", "OSM_ID": "way/605977029", "SOURCE": "OpenStreetMap", "building": "house"}, "geometry": {"type": "Polygon", "coordinates": [[[139.0055601, 36.5021962], [139.0056412, 36.5021946], [139.005639, 36.5021236], [139.0055579, 36.5021252], [139.0055601, 36.5021962]]]}}, {"type": "Feature", "properties": {"OCC_CLS": "Residential", "PRIM_OCC": "building=house", "OSM_ID": "way/605977030", "SOURCE": "OpenStreetMap", "building": "house"}, "geometry": {"type": "Polygon", "coordinates": [[[139.0055547, 36.5023056], [139.0056358, 36.502304], [139.0056337, 36.502233], [139.0055525, 36.5022346], [139.0055547, 36.5023056]]]}}, {"type": "Feature", "properties": {"OCC_CLS": "Residential", "PRIM_OCC": "building=house", "OSM_ID": "way/605977031", "SOURCE": "OpenStreetMap", "building": "house"}, "geometry": {"type": "Polygon", "coordinates": [[[139.0054394, 36.5023083], [139.0055205, 36.5023067], [139.0055183, 36.5022357], [139.0054372, 36.5022373], [139.0054394, 36.5023083]]]}}, {"type": "Feature", "properties": {"OCC_CLS": "Residential", "PRIM_OCC": "building=house", "OSM_ID": "way/605977032", "SOURCE": "OpenStreetMap", "building": "house"}, "geometry": {"type": "Polygon", "coordinates": [[[139.0055527, 36.5024201], [139.0056338, 36.5024185], [139.0056316, 36.5023475], [139.0055505, 36.5023491], [139.0055527, 36.5024201]]]}}, {"type": "Feature", "properties": {"OCC_CLS": "Residential", "PRIM_OCC": "building=house", "OSM_ID": "way/605977033", "SOURCE": "OpenStreetMap", "building": "house"}, "geometry": {"type": "Polygon", "coordinates": [[[139.0054379, 36.5024245], [139.0055191, 36.5024229], [139.0055169, 36.5023519], [139.0054357, 36.5023535], [139.0054379, 36.5024245]]]}}, {"type": "Feature", "properties": {"OCC_CLS": "Residential", "PRIM_OCC": "building=house", "OSM_ID": "way/605977034", "SOURCE": "OpenStreetMap", "building": "house", "building:levels": "2"}, "geometry": {"type": "Polygon", "coordinates": [[[139.0053789, 36.5025668], [139.0054641, 36.5025663], [139.0054633, 36.502486], [139.0053781, 36.5024866], [139.0053789, 36.5025668]]]}}, {"type": "Feature", "properties": {"OCC_CLS": "Residential", "PRIM_OCC": "building=house", "OSM_ID": "way/605977035", "SOURCE": "OpenStreetMap", "building": "house", "building:levels": "2"}, "geometry": {"type": "Polygon", "coordinates": [[[139.0052877, 36.5025905], [139.0053528, 36.50259], [139.0053555, 36.5024687], [139.0053005, 36.5024679], [139.0053, 36.5024914], [139.0052824, 36.5024849], [139.0052341, 36.5025286], [139.0052868, 36.5025662], [139.0052877, 36.5025905]]]}}, {"type": "Feature", "properties": {"OCC_CLS": "Unclassified", "PRIM_OCC": "building=yes", "OSM_ID": "way/605977036", "SOURCE": "OpenStreetMap", "building": "yes"}, "geometry": {"type": "Polygon", "coordinates": [[[139.0051818, 36.502652], [139.0052416, 36.5026196], [139.0051792, 36.5025452], [139.0051194, 36.5025776], [139.0051818, 36.502652]]]}}, {"type": "Feature", "properties": {"OCC_CLS": "Residential", "PRIM_OCC": "building=house", "OSM_ID": "way/605977037", "SOURCE": "OpenStreetMap", "building": "house", "building:levels": "2"}, "geometry": {"type": "Polygon", "coordinates": [[[139.005102, 36.5027172], [139.0051736, 36.5026759], [139.0051159, 36.5026113], [139.0050443, 36.5026525], [139.005102, 36.5027172]]]}}, {"type": "Feature", "properties": {"OCC_CLS": "Unclassified", "PRIM_OCC": "building=yes", "OSM_ID": "way/605977038", "SOURCE": "OpenStreetMap", "building": "yes", "building:levels": "2"}, "geometry": {"type": "Polygon", "coordinates": [[[139.004996, 36.5028067], [139.0050337, 36.502753], [139.0049599, 36.5027196], [139.0049223, 36.5027733], [139.004996, 36.5028067]]]}}, {"type": "Feature", "properties": {"OCC_CLS": "Unclassified", "PRIM_OCC": "building=yes", "OSM_ID": "way/605977039", "SOURCE": "OpenStreetMap", "building": "yes"}, "geometry": {"type": "Polygon", "coordinates": [[[139.0049699, 36.5028304], [139.0049095, 36.5027943], [139.0048378, 36.5028514], [139.00488, 36.5028762], [139.0049699, 36.5028304]]]}}, {"type": "Feature", "properties": {"OCC_CLS": "Unclassified", "PRIM_OCC": "building=yes", "OSM_ID": "way/605977040", "SOURCE": "OpenStreetMap", "building": "yes", "building:levels": "2"}, "geometry": {"type": "Polygon", "coordinates": [[[139.005041, 36.5033796], [139.0050825, 36.503297], [139.0049363, 36.5032496], [139.0048948, 36.5033322], [139.005041, 36.5033796]]]}}, {"type": "Feature", "properties": {"OCC_CLS": "Unclassified", "PRIM_OCC": "building=yes", "OSM_ID": "way/605977042", "SOURCE": "OpenStreetMap", "building": "yes", "building:levels": "2"}, "geometry": {"type": "Polygon", "coordinates": [[[139.0046172, 36.5034465], [139.0049055, 36.5034734], [139.004872, 36.5033883], [139.0048063, 36.5033624], [139.0047473, 36.5033581], [139.0046829, 36.5033699], [139.0046467, 36.5033818], [139.004636, 36.5034044], [139.0046172, 36.5034465]]]}}, {"type": "Feature", "properties": {"OCC_CLS": "Residential", "PRIM_OCC": "building=detached", "OSM_ID": "way/605977045", "SOURCE": "OpenStreetMap", "building": "detached", "building:levels": "2"}, "geometry": {"type": "Polygon", "coordinates": [[[139.0038615, 36.5038594], [139.003956, 36.5038583], [139.0039546, 36.5037769], [139.0039178, 36.5037773], [139.0039183, 36.5038066], [139.0038923, 36.5038069], [139.0038928, 36.5038313], [139.003861, 36.5038317], [139.0038615, 36.5038594]]]}}, {"type": "Feature", "properties": {"OCC_CLS": "Residential", "PRIM_OCC": "building=house", "OSM_ID": "way/605977046", "SOURCE": "OpenStreetMap", "building": "house"}, "geometry": {"type": "Polygon", "coordinates": [[[139.0027557, 36.5053863], [139.0028995, 36.5053974], [139.0029123, 36.5052901], [139.0027685, 36.5052791], [139.0027557, 36.5053863]]]}}, {"type": "Feature", "properties": {"OCC_CLS": "Utility", "PRIM_OCC": "building=garage", "OSM_ID": "way/605977047", "SOURCE": "OpenStreetMap", "building": "garage"}, "geometry": {"type": "Polygon", "coordinates": [[[139.0025995, 36.5054074], [139.0026682, 36.505412], [139.0026796, 36.5053026], [139.0026109, 36.5052979], [139.0025995, 36.5054074]]]}}, {"type": "Feature", "properties": {"OCC_CLS": "Residential", "PRIM_OCC": "building=house", "OSM_ID": "way/605977048", "SOURCE": "OpenStreetMap", "building": "house", "building:levels": "2"}, "geometry": {"type": "Polygon", "coordinates": [[[139.0024178, 36.5055626], [139.0025081, 36.5055667], [139.0025134, 36.5054901], [139.0024231, 36.505486], [139.0024178, 36.5055626]]]}}, {"type": "Feature", "properties": {"OCC_CLS": "Unclassified", "PRIM_OCC": "building=yes", "OSM_ID": "way/605977049", "SOURCE": "OpenStreetMap", "building": "yes", "building:levels": "2"}, "geometry": {"type": "Polygon", "coordinates": [[[139.0026357, 36.505948], [139.0026673, 36.5058759], [139.0024373, 36.5058107], [139.0024057, 36.5058827], [139.0026357, 36.505948]]]}}, {"type": "Feature", "properties": {"OCC_CLS": "Residential", "PRIM_OCC": "building=house", "OSM_ID": "way/605977050", "SOURCE": "OpenStreetMap", "building": "house", "building:levels": "2"}, "geometry": {"type": "Polygon", "coordinates": [[[139.0022381, 36.505955], [139.0022918, 36.5058738], [139.0021483, 36.5058124], [139.0020946, 36.5058935], [139.0022381, 36.505955]]]}}, {"type": "Feature", "properties": {"OCC_CLS": "Residential", "PRIM_OCC": "building=house", "OSM_ID": "way/605977051", "SOURCE": "OpenStreetMap", "building": "house", "building:levels": "2"}, "geometry": {"type": "Polygon", "coordinates": [[[139.0021516, 36.5062024], [139.0022656, 36.5062131], [139.0022783, 36.5061261], [139.0021643, 36.5061153], [139.0021516, 36.5062024]]]}}, {"type": "Feature", "properties": {"OCC_CLS": "Residential", "PRIM_OCC": "building=house", "OSM_ID": "way/605977052", "SOURCE": "OpenStreetMap", "building": "house"}, "geometry": {"type": "Polygon", "coordinates": [[[139.0020485, 36.5063232], [139.0020628, 36.5062664], [139.001977, 36.5062524], [139.0019627, 36.5063092], [139.0020485, 36.5063232]]]}}, {"type": "Feature", "properties": {"OCC_CLS": "Residential", "PRIM_OCC": "building=house", "OSM_ID": "way/605977053", "SOURCE": "OpenStreetMap", "building": "house"}, "geometry": {"type": "Polygon", "coordinates": [[[139.0019564, 36.5063075], [139.0019708, 36.5062507], [139.0018849, 36.5062367], [139.0018706, 36.5062934], [139.0019564, 36.5063075]]]}}, {"type": "Feature", "properties": {"OCC_CLS": "Residential", "PRIM_OCC": "building=apartments", "OSM_ID": "way/606001879", "SOURCE": "OpenStreetMap", "building": "apartments", "building:levels": "3"}, "geometry": {"type": "Polygon", "coordinates": [[[139.0098416, 36.4927782], [139.0098603, 36.4926484], [139.0095599, 36.4926204], [139.0095412, 36.4927501], [139.0098416, 36.4927782]]]}}, {"type": "Feature", "properties": {"OCC_CLS": "Residential", "PRIM_OCC": "building=apartments", "OSM_ID": "way/606001880", "SOURCE": "OpenStreetMap", "building": "apartments", "building:levels": "3"}, "geometry": {"type": "Polygon", "coordinates": [[[139.0100268, 36.4930134], [139.0100455, 36.4928837], [139.0097451, 36.4928556], [139.0097264, 36.4929854], [139.0100268, 36.4930134]]]}}, {"type": "Feature", "properties": {"OCC_CLS": "Residential", "PRIM_OCC": "building=apartments", "OSM_ID": "way/606001881", "SOURCE": "OpenStreetMap", "building": "apartments", "building:levels": "4"}, "geometry": {"type": "Polygon", "coordinates": [[[139.010196, 36.4932407], [139.0097831, 36.493195], [139.0098033, 36.4930768], [139.0100932, 36.4931088], [139.0100865, 36.4931484], [139.0102095, 36.493162], [139.010196, 36.4932407]]]}}, {"type": "Feature", "properties": {"OCC_CLS": "Residential", "PRIM_OCC": "building=house", "OSM_ID": "way/606001883", "SOURCE": "OpenStreetMap", "building": "house", "building:levels": "2"}, "geometry": {"type": "Polygon", "coordinates": [[[139.0101501, 36.494077], [139.0101496, 36.4940157], [139.0100574, 36.4940161], [139.0100568, 36.4939396], [139.0100066, 36.4939398], [139.0100075, 36.4940776], [139.0101501, 36.494077]]]}}, {"type": "Feature", "properties": {"OCC_CLS": "Residential", "PRIM_OCC": "building=house", "OSM_ID": "way/606001884", "SOURCE": "OpenStreetMap", "building": "house", "building:levels": "2"}, "geometry": {"type": "Polygon", "coordinates": [[[139.0100259, 36.4942344], [139.0101338, 36.4942398], [139.0101405, 36.4941535], [139.0100326, 36.4941481], [139.0100259, 36.4942344]]]}}, {"type": "Feature", "properties": {"OCC_CLS": "Unclassified", "PRIM_OCC": "building=yes", "OSM_ID": "way/606001889", "SOURCE": "OpenStreetMap", "building": "yes", "building:levels": "2"}, "geometry": {"type": "Polygon", "coordinates": [[[139.0104496, 36.4950257], [139.0105856, 36.4950414], [139.0106151, 36.4948765], [139.0104792, 36.4948608], [139.0104496, 36.4950257]]]}}, {"type": "Feature", "properties": {"OCC_CLS": "Unclassified", "PRIM_OCC": "building=yes", "OSM_ID": "way/606001890", "SOURCE": "OpenStreetMap", "building": "yes"}, "geometry": {"type": "Polygon", "coordinates": [[[139.010227, 36.494989], [139.0102854, 36.4949758], [139.0102585, 36.4948993], [139.0102002, 36.4949125], [139.010227, 36.494989]]]}}, {"type": "Feature", "properties": {"OCC_CLS": "Unclassified", "PRIM_OCC": "building=yes", "OSM_ID": "way/606001892", "SOURCE": "OpenStreetMap", "building": "yes", "building:levels": "2"}, "geometry": {"type": "Polygon", "coordinates": [[[139.0103846, 36.4952548], [139.0104275, 36.4952327], [139.0104002, 36.4951984], [139.0103572, 36.4952205], [139.0103846, 36.4952548]]]}}, {"type": "Feature", "properties": {"OCC_CLS": "Unclassified", "PRIM_OCC": "building=yes", "OSM_ID": "way/606001893", "SOURCE": "OpenStreetMap", "building": "yes"}, "geometry": {"type": "Polygon", "coordinates": [[[139.0104973, 36.4954246], [139.010402, 36.4952871], [139.0105331, 36.4952285], [139.0105694, 36.495281], [139.0105279, 36.4952996], [139.0105868, 36.4953845], [139.0104973, 36.4954246]]]}}, {"type": "Feature", "properties": {"OCC_CLS": "Unclassified", "PRIM_OCC": "building=yes", "OSM_ID": "way/606001894", "SOURCE": "OpenStreetMap", "building": "yes", "building:levels": "2"}, "geometry": {"type": "Polygon", "coordinates": [[[139.0107125, 36.4957772], [139.0108121, 36.4957265], [139.0107128, 36.4956004], [139.0106133, 36.495651], [139.0107125, 36.4957772]]]}}, {"type": "Feature", "properties": {"OCC_CLS": "Residential", "PRIM_OCC": "building=house", "OSM_ID": "way/606001899", "SOURCE": "OpenStreetMap", "building": "house", "building:levels": "2"}, "geometry": {"type": "Polygon", "coordinates": [[[139.0103276, 36.4966547], [139.0104496, 36.4966623], [139.0104587, 36.4965678], [139.0103366, 36.4965603], [139.0103276, 36.4966547]]]}}, {"type": "Feature", "properties": {"OCC_CLS": "Residential", "PRIM_OCC": "building=house", "OSM_ID": "way/606001902", "SOURCE": "OpenStreetMap", "building": "house", "building:levels": "2"}, "geometry": {"type": "Polygon", "coordinates": [[[139.0103115, 36.4969911], [139.0105033, 36.496976], [139.0104949, 36.4969067], [139.0103031, 36.4969218], [139.0103115, 36.4969911]]]}}, {"type": "Feature", "properties": {"OCC_CLS": "Unclassified", "PRIM_OCC": "building=yes", "OSM_ID": "way/606001904", "SOURCE": "OpenStreetMap", "building": "yes"}, "geometry": {"type": "Polygon", "coordinates": [[[139.0102793, 36.4970472], [139.0102847, 36.4969631], [139.0102431, 36.4969577], [139.0102015, 36.4970375], [139.0102793, 36.4970472]]]}}, {"type": "Feature", "properties": {"OCC_CLS": "Residential", "PRIM_OCC": "building=house", "OSM_ID": "way/606001905", "SOURCE": "OpenStreetMap", "building": "house", "building:levels": "2"}, "geometry": {"type": "Polygon", "coordinates": [[[139.0101559, 36.4971981], [139.0102525, 36.4971959], [139.0102498, 36.4971173], [139.0101532, 36.4971194], [139.0101559, 36.4971981]]]}}, {"type": "Feature", "properties": {"OCC_CLS": "Residential", "PRIM_OCC": "building=house", "OSM_ID": "way/606001906", "SOURCE": "OpenStreetMap", "building": "house", "building:levels": "2"}, "geometry": {"type": "Polygon", "coordinates": [[[139.0100835, 36.4973232], [139.0101747, 36.497321], [139.010172, 36.4972457], [139.0100808, 36.4972478], [139.0100835, 36.4973232]]]}}, {"type": "Feature", "properties": {"OCC_CLS": "Unclassified", "PRIM_OCC": "building=yes", "OSM_ID": "way/606001907", "SOURCE": "OpenStreetMap", "building": "yes"}, "geometry": {"type": "Polygon", "coordinates": [[[139.0103222, 36.4975021], [139.0102954, 36.4972746], [139.0102152, 36.4972808], [139.0102421, 36.4975082], [139.0103222, 36.4975021]]]}}, {"type": "Feature", "properties": {"OCC_CLS": "Residential", "PRIM_OCC": "building=house", "OSM_ID": "way/606001908", "SOURCE": "OpenStreetMap", "building": "house"}, "geometry": {"type": "Polygon", "coordinates": [[[139.0100487, 36.4974504], [139.0101948, 36.4974504], [139.0101948, 36.4973932], [139.0100487, 36.4973932], [139.0100487, 36.4974504]]]}}, {"type": "Feature", "properties": {"OCC_CLS": "Residential", "PRIM_OCC": "building=house", "OSM_ID": "way/606001909", "SOURCE": "OpenStreetMap", "building": "house", "building:levels": "2"}, "geometry": {"type": "Polygon", "coordinates": [[[139.0098971, 36.4977199], [139.0100513, 36.4976444], [139.0100081, 36.4975873], [139.0098538, 36.4976627], [139.0098971, 36.4977199]]]}}, {"type": "Feature", "properties": {"OCC_CLS": "Unclassified", "PRIM_OCC": "building=yes", "OSM_ID": "way/606001912", "SOURCE": "OpenStreetMap", "building": "yes"}, "geometry": {"type": "Polygon", "coordinates": [[[139.009877, 36.4980606], [139.0099425, 36.4980654], [139.0099479, 36.4980179], [139.0098824, 36.4980131], [139.009877, 36.4980606]]]}}, {"type": "Feature", "properties": {"OCC_CLS": "Residential", "PRIM_OCC": "building=house", "OSM_ID": "way/606001913", "SOURCE": "OpenStreetMap", "building": "house"}, "geometry": {"type": "Polygon", "coordinates": [[[139.0093459, 36.4983015], [139.0094961, 36.4983021], [139.0094964, 36.4982433], [139.0093462, 36.4982428], [139.0093459, 36.4983015]]]}}, {"type": "Feature", "properties": {"OCC_CLS": "Residential", "PRIM_OCC": "building=house", "OSM_ID": "way/606001914", "SOURCE": "OpenStreetMap", "building": "house", "building:levels": "2"}, "geometry": {"type": "Polygon", "coordinates": [[[139.0092266, 36.4982983], [139.0093218, 36.4982977], [139.0093213, 36.4982395], [139.009226, 36.4982401], [139.0092266, 36.4982983]]]}}, {"type": "Feature", "properties": {"OCC_CLS": "Residential", "PRIM_OCC": "building=apartments", "OSM_ID": "way/606001916", "SOURCE": "OpenStreetMap", "name": "\u30cf\u30a4\u30c4 \u30a2\u30cd\u30c3\u30af\u30b9", "building": "apartments", "building:levels": "2"}, "geometry": {"type": "Polygon", "coordinates": [[[139.0094928, 36.49808], [139.0094953, 36.4981708], [139.0096717, 36.4981676], [139.0096691, 36.4980767], [139.0094928, 36.49808]]]}}, {"type": "Feature", "properties": {"OCC_CLS": "Residential", "PRIM_OCC": "building=house", "OSM_ID": "way/606001920", "SOURCE": "OpenStreetMap", "building": "house", "building:levels": "2"}, "geometry": {"type": "Polygon", "coordinates": [[[139.0089805, 36.4991182], [139.0089818, 36.4990292], [139.0088885, 36.4990283], [139.0088872, 36.4991173], [139.0089805, 36.4991182]]]}}, {"type": "Feature", "properties": {"OCC_CLS": "Unclassified", "PRIM_OCC": "building=yes", "OSM_ID": "way/606001923", "SOURCE": "OpenStreetMap", "building": "yes", "building:levels": "2"}, "geometry": {"type": "Polygon", "coordinates": [[[139.0085114, 36.4992092], [139.0085155, 36.4990412], [139.0085376, 36.4990415], [139.0085388, 36.4989911], [139.0086546, 36.4989929], [139.0086533, 36.4990473], [139.0086156, 36.4990467], [139.0086116, 36.4992108], [139.0085114, 36.4992092]]]}}, {"type": "Feature", "properties": {"OCC_CLS": "Residential", "PRIM_OCC": "building=house", "OSM_ID": "way/606001924", "SOURCE": "OpenStreetMap", "building": "house", "building:levels": "2"}, "geometry": {"type": "Polygon", "coordinates": [[[139.0085191, 36.4993187], [139.0086546, 36.4993208], [139.0086562, 36.4992534], [139.0085208, 36.4992512], [139.0085191, 36.4993187]]]}}, {"type": "Feature", "properties": {"OCC_CLS": "Unclassified", "PRIM_OCC": "building=yes", "OSM_ID": "way/606001925", "SOURCE": "OpenStreetMap", "building": "yes"}, "geometry": {"type": "Polygon", "coordinates": [[[139.0082697, 36.4992858], [139.0082851, 36.4992858], [139.0082844, 36.4993203], [139.0083206, 36.4993208], [139.0083193, 36.4992319], [139.0083066, 36.4992319], [139.0082697, 36.4992858]]]}}, {"type": "Feature", "properties": {"OCC_CLS": "Unclassified", "PRIM_OCC": "building=yes", "OSM_ID": "way/606001926", "SOURCE": "OpenStreetMap", "building": "yes"}, "geometry": {"type": "Polygon", "coordinates": [[[139.0081443, 36.4994038], [139.0082864, 36.4993931], [139.008273, 36.4992993], [139.0082529, 36.4992993], [139.0081443, 36.4994038]]]}}, {"type": "Feature", "properties": {"OCC_CLS": "Residential", "PRIM_OCC": "building=house", "OSM_ID": "way/606001927", "SOURCE": "OpenStreetMap", "building": "house", "building:levels": "2"}, "geometry": {"type": "Polygon", "coordinates": [[[139.0085855, 36.4996076], [139.0087545, 36.4996054], [139.0087523, 36.4994968], [139.0085834, 36.499499], [139.0085855, 36.4996076]]]}}, {"type": "Feature", "properties": {"OCC_CLS": "Utility", "PRIM_OCC": "building=garage", "OSM_ID": "way/606001928", "SOURCE": "OpenStreetMap", "building": "garage"}, "geometry": {"type": "Polygon", "coordinates": [[[139.0083924, 36.4994696], [139.0084312, 36.4994688], [139.0084299, 36.4994246], [139.0083911, 36.4994254], [139.0083924, 36.4994696]]]}}, {"type": "Feature", "properties": {"OCC_CLS": "Unclassified", "PRIM_OCC": "building=yes", "OSM_ID": "way/606001929", "SOURCE": "OpenStreetMap", "building": "yes"}, "geometry": {"type": "Polygon", "coordinates": [[[139.008151, 36.499461], [139.0081993, 36.4994567], [139.0081965, 36.4994368], [139.0081482, 36.4994411], [139.008151, 36.499461]]]}}, {"type": "Feature", "properties": {"OCC_CLS": "Residential", "PRIM_OCC": "building=house", "OSM_ID": "way/606001930", "SOURCE": "OpenStreetMap", "building": "house", "building:levels": "2"}, "geometry": {"type": "Polygon", "coordinates": [[[139.0083978, 36.4996313], [139.0085694, 36.4996259], [139.0085655, 36.4995449], [139.0083938, 36.4995503], [139.0083978, 36.4996313]]]}}, {"type": "Feature", "properties": {"OCC_CLS": "Residential", "PRIM_OCC": "building=house", "OSM_ID": "way/606001932", "SOURCE": "OpenStreetMap", "building": "house"}, "geometry": {"type": "Polygon", "coordinates": [[[139.007809, 36.4997197], [139.0078548, 36.4997496], [139.0079071, 36.4996978], [139.0078613, 36.499668], [139.007809, 36.4997197]]]}}, {"type": "Feature", "properties": {"OCC_CLS": "Unclassified", "PRIM_OCC": "building=yes", "OSM_ID": "way/606001933", "SOURCE": "OpenStreetMap", "building": "yes"}, "geometry": {"type": "Polygon", "coordinates": [[[139.0081725, 36.5001014], [139.0085828, 36.5000938], [139.0085803, 36.5000044], [139.0081699, 36.5000119], [139.0081725, 36.5001014]]]}}, {"type": "Feature", "properties": {"OCC_CLS": "Unclassified", "PRIM_OCC": "building=yes", "OSM_ID": "way/606001934", "SOURCE": "OpenStreetMap", "building": "yes"}, "geometry": {"type": "Polygon", "coordinates": [[[139.008045, 36.5000173], [139.0081523, 36.5000173], [139.0081523, 36.4999008], [139.008045, 36.4999008], [139.008045, 36.5000173]]]}}, {"type": "Feature", "properties": {"OCC_CLS": "Unclassified", "PRIM_OCC": "building=yes", "OSM_ID": "way/606001935", "SOURCE": "OpenStreetMap", "building": "yes"}, "geometry": {"type": "Polygon", "coordinates": [[[139.008045, 36.4998857], [139.0081805, 36.4998857], [139.0081805, 36.4997176], [139.008045, 36.4997176], [139.008045, 36.4998857]]]}}, {"type": "Feature", "properties": {"OCC_CLS": "Residential", "PRIM_OCC": "building=house", "OSM_ID": "way/606001936", "SOURCE": "OpenStreetMap", "building": "house"}, "geometry": {"type": "Polygon", "coordinates": [[[139.0078077, 36.4998717], [139.0079284, 36.4998674], [139.0079251, 36.4998074], [139.0078044, 36.4998117], [139.0078077, 36.4998717]]]}}, {"type": "Feature", "properties": {"OCC_CLS": "Residential", "PRIM_OCC": "building=house", "OSM_ID": "way/606001937", "SOURCE": "OpenStreetMap", "building": "house", "building:levels": "2"}, "geometry": {"type": "Polygon", "coordinates": [[[139.0077849, 36.5000135], [139.0079532, 36.5000124], [139.0079526, 36.4999558], [139.0078607, 36.4999564], [139.0078605, 36.4999369], [139.0077869, 36.4999374], [139.0077849, 36.5000135]]]}}, {"type": "Feature", "properties": {"OCC_CLS": "Residential", "PRIM_OCC": "building=house", "OSM_ID": "way/606001938", "SOURCE": "OpenStreetMap", "building": "house", "building:levels": "2"}, "geometry": {"type": "Polygon", "coordinates": [[[139.0075904, 36.5000501], [139.0077212, 36.5000421], [139.0077144, 36.499971], [139.0076399, 36.4999756], [139.0075904, 36.5000501]]]}}, {"type": "Feature", "properties": {"OCC_CLS": "Residential", "PRIM_OCC": "building=house", "OSM_ID": "way/606001939", "SOURCE": "OpenStreetMap", "building": "house"}, "geometry": {"type": "Polygon", "coordinates": [[[139.0075529, 36.5001898], [139.0077212, 36.5001757], [139.0077109, 36.5000959], [139.0075426, 36.5001099], [139.0075529, 36.5001898]]]}}, {"type": "Feature", "properties": {"OCC_CLS": "Residential", "PRIM_OCC": "building=house", "OSM_ID": "way/606001940", "SOURCE": "OpenStreetMap", "building": "house"}, "geometry": {"type": "Polygon", "coordinates": [[[139.007469, 36.5001968], [139.0075281, 36.5001941], [139.0075242, 36.50014], [139.0074652, 36.5001427], [139.007469, 36.5001968]]]}}, {"type": "Feature", "properties": {"OCC_CLS": "Residential", "PRIM_OCC": "building=house", "OSM_ID": "way/606001941", "SOURCE": "OpenStreetMap", "building": "house", "building:levels": "2"}, "geometry": {"type": "Polygon", "coordinates": [[[139.0077151, 36.5003563], [139.0078191, 36.5003558], [139.0078185, 36.5002857], [139.0077146, 36.5002862], [139.0077151, 36.5003563]]]}}, {"type": "Feature", "properties": {"OCC_CLS": "Residential", "PRIM_OCC": "building=house", "OSM_ID": "way/606001944", "SOURCE": "OpenStreetMap", "building": "house", "building:levels": "2"}, "geometry": {"type": "Polygon", "coordinates": [[[139.0073497, 36.5005924], [139.0075213, 36.5005929], [139.0075217, 36.5005105], [139.0073501, 36.5005099], [139.0073497, 36.5005924]]]}}, {"type": "Feature", "properties": {"OCC_CLS": "Residential", "PRIM_OCC": "building=house", "OSM_ID": "way/606001945", "SOURCE": "OpenStreetMap", "building": "house", "building:levels": "2"}, "geometry": {"type": "Polygon", "coordinates": [[[139.007113, 36.5007013], [139.0072176, 36.500697], [139.0072125, 36.5006167], [139.0071079, 36.500621], [139.007113, 36.5007013]]]}}, {"type": "Feature", "properties": {"OCC_CLS": "Residential", "PRIM_OCC": "building=house", "OSM_ID": "way/606001946", "SOURCE": "OpenStreetMap", "building": "house", "building:levels": "2"}, "geometry": {"type": "Polygon", "coordinates": [[[139.0068562, 36.5008339], [139.0069648, 36.5008323], [139.0069632, 36.5007617], [139.0068742, 36.500763], [139.0068748, 36.5007864], [139.0068551, 36.5007867], [139.0068562, 36.5008339]]]}}, {"type": "Feature", "properties": {"OCC_CLS": "Residential", "PRIM_OCC": "building=house", "OSM_ID": "way/606001947", "SOURCE": "OpenStreetMap", "building": "house"}, "geometry": {"type": "Polygon", "coordinates": [[[139.0068682, 36.5010646], [139.0069956, 36.5010543], [139.0069876, 36.5009899], [139.0069687, 36.5009914], [139.0069652, 36.500963], [139.0068567, 36.5009717], [139.0068682, 36.5010646]]]}}, {"type": "Feature", "properties": {"OCC_CLS": "Residential", "PRIM_OCC": "building=house", "OSM_ID": "way/606001949", "SOURCE": "OpenStreetMap", "building": "house"}, "geometry": {"type": "Polygon", "coordinates": [[[139.0067482, 36.5010748], [139.0068434, 36.5010651], [139.0068306, 36.5009841], [139.0067354, 36.5009938], [139.0067482, 36.5010748]]]}}, {"type": "Feature", "properties": {"OCC_CLS": "Residential", "PRIM_OCC": "building=house", "OSM_ID": "way/606001950", "SOURCE": "OpenStreetMap", "building": "house", "building:levels": "2"}, "geometry": {"type": "Polygon", "coordinates": [[[139.0066691, 36.5012527], [139.0067643, 36.5012495], [139.0067608, 36.5011829], [139.0066656, 36.5011861], [139.0066691, 36.5012527]]]}}, {"type": "Feature", "properties": {"OCC_CLS": "Residential", "PRIM_OCC": "building=house", "OSM_ID": "way/606001951", "SOURCE": "OpenStreetMap", "building": "house", "building:levels": "2"}, "geometry": {"type": "Polygon", "coordinates": [[[139.0066288, 36.5012592], [139.0066221, 36.5011546], [139.0065496, 36.5011576], [139.0065563, 36.5012622], [139.0066288, 36.5012592]]]}}, {"type": "Feature", "properties": {"OCC_CLS": "Residential", "PRIM_OCC": "building=house", "OSM_ID": "way/606001952", "SOURCE": "OpenStreetMap", "building": "house"}, "geometry": {"type": "Polygon", "coordinates": [[[139.0064572, 36.5012732], [139.0065391, 36.5012714], [139.006535, 36.5011549], [139.0064532, 36.5011568], [139.0064572, 36.5012732]]]}}, {"type": "Feature", "properties": {"OCC_CLS": "Unclassified", "PRIM_OCC": "building=yes", "OSM_ID": "way/1049237830", "SOURCE": "OpenStreetMap", "name": "\u6e0b\u5ddd\u5e83\u57df\u5e02\u753a\u6751\u570f\u632f\u8208\u6574\u5099\u7d44\u5408 \u6e0b\u5ddd\u5e83\u57df\u658e\u5834\u3057\u3089\u3086\u308a\u8056\u82d1", "building": "yes"}, "geometry": {"type": "Polygon", "coordinates": [[[139.0192365, 36.5069543], [139.0193579, 36.506713], [139.0193983, 36.5067284], [139.0194153, 36.5066685], [139.0194494, 36.5066463], [139.0193706, 36.5064683], [139.0194643, 36.5064358], [139.0194558, 36.5064204], [139.0197049, 36.5063417], [139.0198305, 36.5065744], [139.0198113, 36.5065829], [139.0198028, 36.5066873], [139.0198837, 36.5067369], [139.0198901, 36.5067917], [139.0198581, 36.5068345], [139.0199007, 36.506855], [139.019922, 36.5069098], [139.0199412, 36.5069064], [139.0200519, 36.5071408], [139.0197474, 36.5072315], [139.0196644, 36.5070552], [139.0196197, 36.5070655], [139.0195452, 36.5070381], [139.0195367, 36.5070569], [139.0192365, 36.5069543]]]}}, {"type": "Feature", "properties": {"OCC_CLS": "Commercial", "PRIM_OCC": "amenity=fast_food", "OSM_ID": "way/1049237834", "SOURCE": "OpenStreetMap", "name": "\u30de\u30af\u30c9\u30ca\u30eb\u30c9", "name:en": "McDonald's", "building": "yes"}, "geometry": {"type": "Polygon", "coordinates": [[[139.0152639, 36.5067729], [139.0154426, 36.5067354], [139.0153991, 36.5066017], [139.0152204, 36.5066392], [139.0152639, 36.5067729]]]}}, {"type": "Feature", "properties": {"OCC_CLS": "Commercial", "PRIM_OCC": "shop=doityourself", "OSM_ID": "way/1049237836", "SOURCE": "OpenStreetMap", "name": "\u30ab\u30a4\u30f3\u30ba\u30db\u30fc\u30e0", "name:en": "Cainz Home", "building": "yes"}, "geometry": {"type": "Polygon", "coordinates": [[[139.0155496, 36.505788], [139.0160196, 36.5056917], [139.0159985, 36.505625], [139.0160915, 36.505606], [139.0158874, 36.5049619], [139.0157814, 36.5049836], [139.0157469, 36.5048749], [139.0151122, 36.505005], [139.0152309, 36.505379], [139.0153484, 36.5053549], [139.0154512, 36.5056789], [139.0155111, 36.5056666], [139.0155496, 36.505788]]]}}, {"type": "Feature", "properties": {"OCC_CLS": "Unclassified", "PRIM_OCC": "building=yes", "OSM_ID": "way/1049237837", "SOURCE": "OpenStreetMap", "name": "\u30c0\u30a4\u30ca\u30e0", "name:en": "Dynam", "building": "yes"}, "geometry": {"type": "Polygon", "coordinates": [[[139.013148, 36.5051138], [139.013471, 36.5050443], [139.0133287, 36.504617], [139.0130057, 36.5046865], [139.013148, 36.5051138]]]}}, {"type": "Feature", "properties": {"OCC_CLS": "Unclassified", "PRIM_OCC": "building=yes", "OSM_ID": "way/1051550227", "SOURCE": "OpenStreetMap", "building": "yes"}, "geometry": {"type": "Polygon", "coordinates": [[[139.0173934, 36.5098651], [139.0173998, 36.5093107], [139.0184707, 36.5093159], [139.0184728, 36.5098737], [139.0173934, 36.5098651]]]}}, {"type": "Feature", "properties": {"OCC_CLS": "Unclassified", "PRIM_OCC": "building=yes", "OSM_ID": "way/1051550228", "SOURCE": "OpenStreetMap", "building": "yes"}, "geometry": {"type": "Polygon", "coordinates": [[[139.0184456, 36.5101184], [139.0184464, 36.5099513], [139.0179517, 36.5099496], [139.017952, 36.5098828], [139.0178206, 36.5098824], [139.0178195, 36.5101078], [139.0181212, 36.5101087], [139.0181213, 36.5100874], [139.018253, 36.5100878], [139.0182529, 36.5101178], [139.0184456, 36.5101184]]]}}, {"type": "Feature", "properties": {"OCC_CLS": "Unclassified", "PRIM_OCC": "building=yes", "OSM_ID": "way/1051550229", "SOURCE": "OpenStreetMap", "building": "yes"}, "geometry": {"type": "Polygon", "coordinates": [[[139.0176079, 36.5091215], [139.01773, 36.5090931], [139.0179418, 36.5090766], [139.0180948, 36.5090706], [139.0182669, 36.5090848], [139.0183699, 36.5091014], [139.0184611, 36.5091191], [139.0184199, 36.509222], [139.0181654, 36.5092243], [139.0181669, 36.5092471], [139.0180133, 36.509252], [139.0180053, 36.5093017], [139.0179767, 36.5093029], [139.0179753, 36.5092862], [139.017908, 36.5092796], [139.017911, 36.5092266], [139.0176344, 36.5092291], [139.0176079, 36.5091215]]]}}, {"type": "Feature", "properties": {"OCC_CLS": "Commercial", "PRIM_OCC": "shop=mobile_phone", "OSM_ID": "way/1135909128", "SOURCE": "OpenStreetMap", "name": "au\u30b7\u30e7\u30c3\u30d7", "name:en": "au Shop", "building": "yes"}, "geometry": {"type": "Polygon", "coordinates": [[[139.0054107, 36.4946541], [139.0053974, 36.4945144], [139.0055742, 36.4945036], [139.0055874, 36.4946433], [139.0054107, 36.4946541]]]}}, {"type": "Feature", "properties": {"OCC_CLS": "Unclassified", "PRIM_OCC": "building=yes", "OSM_ID": "way/1168294788", "SOURCE": "OpenStreetMap", "building": "yes"}, "geometry": {"type": "Polygon", "coordinates": [[[139.0022637, 36.5039158], [139.0023675, 36.5039312], [139.0023832, 36.5038628], [139.0022793, 36.5038474], [139.0022637, 36.5039158]]]}}, {"type": "Feature", "properties": {"OCC_CLS": "Unclassified", "PRIM_OCC": "building=yes", "OSM_ID": "way/1168294789", "SOURCE": "OpenStreetMap", "building": "yes"}, "geometry": {"type": "Polygon", "coordinates": [[[139.0028984, 36.5036649], [139.0030952, 36.5036823], [139.0031066, 36.5035992], [139.0029097, 36.5035818], [139.0028984, 36.5036649]]]}}, {"type": "Feature", "properties": {"OCC_CLS": "Unclassified", "PRIM_OCC": "building=yes", "OSM_ID": "way/1168294790", "SOURCE": "OpenStreetMap", "building": "yes"}, "geometry": {"type": "Polygon", "coordinates": [[[139.0036314, 36.5019886], [139.0039408, 36.5019779], [139.0039354, 36.5018756], [139.0036259, 36.5018863], [139.0036314, 36.5019886]]]}}, {"type": "Feature", "properties": {"OCC_CLS": "Unclassified", "PRIM_OCC": "building=yes", "OSM_ID": "way/1168294791", "SOURCE": "OpenStreetMap", "building": "yes"}, "geometry": {"type": "Polygon", "coordinates": [[[139.0044971, 36.5011873], [139.0046122, 36.5012486], [139.0047231, 36.5011141], [139.0046079, 36.5010527], [139.0044971, 36.5011873]]]}}, {"type": "Feature", "properties": {"OCC_CLS": "Unclassified", "PRIM_OCC": "building=yes", "OSM_ID": "way/1168294792", "SOURCE": "OpenStreetMap", "building": "yes"}, "geometry": {"type": "Polygon", "coordinates": [[[139.0062833, 36.5000387], [139.0064033, 36.5000412], [139.0064072, 36.4999209], [139.0062872, 36.4999184], [139.0062833, 36.5000387]]]}}, {"type": "Feature", "properties": {"OCC_CLS": "Unclassified", "PRIM_OCC": "building=yes", "OSM_ID": "way/1168294793", "SOURCE": "OpenStreetMap", "building": "yes"}, "geometry": {"type": "Polygon", "coordinates": [[[139.006016, 36.4998408], [139.0061931, 36.499842], [139.006194, 36.4997591], [139.0060169, 36.4997579], [139.006016, 36.4998408]]]}}, {"type": "Feature", "properties": {"OCC_CLS": "Unclassified", "PRIM_OCC": "building=yes", "OSM_ID": "way/1168294794", "SOURCE": "OpenStreetMap", "building": "yes"}, "geometry": {"type": "Polygon", "coordinates": [[[139.0054888, 36.4996883], [139.0058705, 36.4997104], [139.0058895, 36.4994983], [139.0055078, 36.4994762], [139.0054888, 36.4996883]]]}}, {"type": "Feature", "properties": {"OCC_CLS": "Unclassified", "PRIM_OCC": "building=yes", "OSM_ID": "way/1168294795", "SOURCE": "OpenStreetMap", "building": "yes"}, "geometry": {"type": "Polygon", "coordinates": [[[139.0065931, 36.4982365], [139.0069052, 36.49825], [139.0069142, 36.4981148], [139.0066022, 36.4981013], [139.0065931, 36.4982365]]]}}, {"type": "Feature", "properties": {"OCC_CLS": "Unclassified", "PRIM_OCC": "building=yes", "OSM_ID": "way/1168294796", "SOURCE": "OpenStreetMap", "building": "yes"}, "geometry": {"type": "Polygon", "coordinates": [[[139.0066047, 36.4987242], [139.0067216, 36.4987261], [139.0067233, 36.4986588], [139.0066064, 36.4986569], [139.0066047, 36.4987242]]]}}, {"type": "Feature", "properties": {"OCC_CLS": "Unclassified", "PRIM_OCC": "building=yes", "OSM_ID": "way/1168294797", "SOURCE": "OpenStreetMap", "building": "yes"}, "geometry": {"type": "Polygon", "coordinates": [[[139.0074014, 36.4976633], [139.0075311, 36.4976715], [139.0075367, 36.4976134], [139.0074071, 36.4976052], [139.0074014, 36.4976633]]]}}, {"type": "Feature", "properties": {"OCC_CLS": "Unclassified", "PRIM_OCC": "building=yes", "OSM_ID": "way/1216792639", "SOURCE": "OpenStreetMap", "building": "yes"}, "geometry": {"type": "Polygon", "coordinates": [[[139.0031704, 36.5024967], [139.0033182, 36.5024943], [139.0033161, 36.5024127], [139.0031683, 36.5024151], [139.0031704, 36.5024967]]]}}, {"type": "Feature", "properties": {"OCC_CLS": "Unclassified", "PRIM_OCC": "building=yes", "OSM_ID": "way/1216792640", "SOURCE": "OpenStreetMap", "building": "yes"}, "geometry": {"type": "Polygon", "coordinates": [[[139.0046618, 36.5044485], [139.0048042, 36.5044688], [139.0048272, 36.5043642], [139.0046848, 36.504344], [139.0046618, 36.5044485]]]}}, {"type": "Feature", "properties": {"OCC_CLS": "Unclassified", "PRIM_OCC": "building=yes", "OSM_ID": "way/1235767728", "SOURCE": "OpenStreetMap", "building": "yes"}, "geometry": {"type": "Polygon", "coordinates": [[[139.0117961, 36.4929373], [139.0112329, 36.4929546], [139.0112456, 36.4932243], [139.0118089, 36.4932071], [139.0118062, 36.4931497], [139.0120557, 36.4931421], [139.0120478, 36.492974], [139.0117982, 36.4929816], [139.0117961, 36.4929373]]]}}, {"type": "Feature", "properties": {"OCC_CLS": "Unclassified", "PRIM_OCC": "building=yes", "OSM_ID": "way/1235767729", "SOURCE": "OpenStreetMap", "building": "yes"}, "geometry": {"type": "Polygon", "coordinates": [[[139.0118093, 36.4928605], [139.0117965, 36.4926524], [139.0117069, 36.4926559], [139.0117053, 36.4926313], [139.0117604, 36.4926291], [139.0117505, 36.4924673], [139.0115013, 36.4924771], [139.0115254, 36.4928717], [139.0118093, 36.4928605]]]}}, {"type": "Feature", "properties": {"OCC_CLS": "Unclassified", "PRIM_OCC": "building=yes", "OSM_ID": "way/1235767730", "SOURCE": "OpenStreetMap", "building": "yes"}, "geometry": {"type": "Polygon", "coordinates": [[[139.0111363, 36.4924953], [139.0111436, 36.4926085], [139.0114521, 36.4925956], [139.0114447, 36.4924824], [139.0111363, 36.4924953]]]}}, {"type": "Feature", "properties": {"OCC_CLS": "Unclassified", "PRIM_OCC": "building=yes", "OSM_ID": "way/1235767732", "SOURCE": "OpenStreetMap", "building": "yes"}, "geometry": {"type": "Polygon", "coordinates": [[[139.0107661, 36.4927131], [139.0107763, 36.4928922], [139.0114817, 36.4928664], [139.0114716, 36.4926872], [139.0107661, 36.4927131]]]}}, {"type": "Feature", "properties": {"OCC_CLS": "Unclassified", "PRIM_OCC": "building=yes", "OSM_ID": "way/1244811585", "SOURCE": "OpenStreetMap", "building": "yes"}, "geometry": {"type": "Polygon", "coordinates": [[[139.0062634, 36.4928141], [139.0064418, 36.4928086], [139.0064352, 36.4926725], [139.0062569, 36.492678], [139.0062634, 36.4928141]]]}}, {"type": "Feature", "properties": {"OCC_CLS": "Unclassified", "PRIM_OCC": "building=yes", "OSM_ID": "way/1244811586", "SOURCE": "OpenStreetMap", "building": "yes"}, "geometry": {"type": "Polygon", "coordinates": [[[139.0062725, 36.4926466], [139.0065083, 36.4926371], [139.0065018, 36.4925316], [139.0062659, 36.4925411], [139.0062725, 36.4926466]]]}}, {"type": "Feature", "properties": {"OCC_CLS": "Unclassified", "PRIM_OCC": "building=yes", "OSM_ID": "way/1244811587", "SOURCE": "OpenStreetMap", "building": "yes"}, "geometry": {"type": "Polygon", "coordinates": [[[139.0062157, 36.4932798], [139.0064295, 36.4932729], [139.0064241, 36.4931666], [139.0062104, 36.4931735], [139.0062157, 36.4932798]]]}}, {"type": "Feature", "properties": {"OCC_CLS": "Unclassified", "PRIM_OCC": "building=yes", "OSM_ID": "way/1244811588", "SOURCE": "OpenStreetMap", "building": "yes"}, "geometry": {"type": "Polygon", "coordinates": [[[139.0070778, 36.4937952], [139.0071194, 36.4938547], [139.0072128, 36.4938125], [139.0071713, 36.4937531], [139.0070778, 36.4937952]]]}}, {"type": "Feature", "properties": {"OCC_CLS": "Unclassified", "PRIM_OCC": "building=yes", "OSM_ID": "way/1244811589", "SOURCE": "OpenStreetMap", "building": "yes"}, "geometry": {"type": "Polygon", "coordinates": [[[139.0065481, 36.4940017], [139.006698, 36.4939771], [139.0066662, 36.4938522], [139.0065164, 36.4938768], [139.0065481, 36.4940017]]]}}, {"type": "Feature", "properties": {"OCC_CLS": "Unclassified", "PRIM_OCC": "building=yes", "OSM_ID": "way/1244811590", "SOURCE": "OpenStreetMap", "building": "yes"}, "geometry": {"type": "Polygon", "coordinates": [[[139.0074175, 36.4942912], [139.0076643, 36.4942504], [139.007641, 36.4941592], [139.0073942, 36.4942], [139.0074175, 36.4942912]]]}}, {"type": "Feature", "properties": {"OCC_CLS": "Unclassified", "PRIM_OCC": "building=yes", "OSM_ID": "way/1244811591", "SOURCE": "OpenStreetMap", "building": "yes"}, "geometry": {"type": "Polygon", "coordinates": [[[139.0070748, 36.4946298], [139.0074937, 36.4945717], [139.0074419, 36.4943303], [139.0069128, 36.4944037], [139.0069561, 36.4946055], [139.0070663, 36.4945902], [139.0070748, 36.4946298]]]}}, {"type": "Feature", "properties": {"OCC_CLS": "Unclassified", "PRIM_OCC": "building=yes", "OSM_ID": "way/1244811592", "SOURCE": "OpenStreetMap", "building": "yes"}, "geometry": {"type": "Polygon", "coordinates": [[[139.0075312, 36.495152], [139.0076594, 36.4951393], [139.0076429, 36.4950315], [139.0075147, 36.4950441], [139.0075312, 36.495152]]]}}, {"type": "Feature", "properties": {"OCC_CLS": "Unclassified", "PRIM_OCC": "building=yes", "OSM_ID": "way/1244811593", "SOURCE": "OpenStreetMap", "building": "yes"}, "geometry": {"type": "Polygon", "coordinates": [[[139.0076595, 36.4963499], [139.0078382, 36.4963428], [139.0078303, 36.4962135], [139.0076516, 36.4962205], [139.0076595, 36.4963499]]]}}, {"type": "Feature", "properties": {"OCC_CLS": "Unclassified", "PRIM_OCC": "building=yes", "OSM_ID": "way/1244811594", "SOURCE": "OpenStreetMap", "building": "yes"}, "geometry": {"type": "Polygon", "coordinates": [[[139.0069426, 36.4965487], [139.0071498, 36.4965422], [139.007144, 36.4964231], [139.0069368, 36.4964296], [139.0069426, 36.4965487]]]}}, {"type": "Feature", "properties": {"OCC_CLS": "Unclassified", "PRIM_OCC": "building=yes", "OSM_ID": "way/1244811595", "SOURCE": "OpenStreetMap", "building": "yes"}, "geometry": {"type": "Polygon", "coordinates": [[[139.0082342, 36.4964179], [139.0084204, 36.4964383], [139.008435, 36.4963525], [139.0082488, 36.496332], [139.0082342, 36.4964179]]]}}, {"type": "Feature", "properties": {"OCC_CLS": "Unclassified", "PRIM_OCC": "building=yes", "OSM_ID": "way/1244811596", "SOURCE": "OpenStreetMap", "building": "yes"}, "geometry": {"type": "Polygon", "coordinates": [[[139.0071612, 36.4970446], [139.0072594, 36.4970437], [139.0072583, 36.4969596], [139.0071601, 36.4969604], [139.0071612, 36.4970446]]]}}, {"type": "Feature", "properties": {"OCC_CLS": "Unclassified", "PRIM_OCC": "building=yes", "OSM_ID": "way/1244811597", "SOURCE": "OpenStreetMap", "building": "yes"}, "geometry": {"type": "Polygon", "coordinates": [[[139.0056417, 36.4983739], [139.0059851, 36.498386], [139.0059989, 36.4981327], [139.0056556, 36.4981205], [139.0056417, 36.4983739]]]}}, {"type": "Feature", "properties": {"OCC_CLS": "Unclassified", "PRIM_OCC": "building=yes", "OSM_ID": "way/1244811598", "SOURCE": "OpenStreetMap", "building": "yes"}, "geometry": {"type": "Polygon", "coordinates": [[[139.0052209, 36.4988041], [139.0053311, 36.4988074], [139.0053343, 36.4987389], [139.005224, 36.4987356], [139.0052209, 36.4988041]]]}}, {"type": "Feature", "properties": {"OCC_CLS": "Unclassified", "PRIM_OCC": "building=yes", "OSM_ID": "way/1244811599", "SOURCE": "OpenStreetMap", "building": "yes"}, "geometry": {"type": "Polygon", "coordinates": [[[139.0045722, 36.4984149], [139.0049269, 36.4984162], [139.0049276, 36.498302], [139.0045728, 36.4983007], [139.0045722, 36.4984149]]]}}, {"type": "Feature", "properties": {"OCC_CLS": "Unclassified", "PRIM_OCC": "building=yes", "OSM_ID": "way/1244811600", "SOURCE": "OpenStreetMap", "building": "yes"}, "geometry": {"type": "Polygon", "coordinates": [[[139.0037637, 36.4994409], [139.0038835, 36.499438], [139.0038781, 36.4992951], [139.0037584, 36.499298], [139.0037637, 36.4994409]]]}}, {"type": "Feature", "properties": {"OCC_CLS": "Unclassified", "PRIM_OCC": "building=yes", "OSM_ID": "way/1244811601", "SOURCE": "OpenStreetMap", "building": "yes"}, "geometry": {"type": "Polygon", "coordinates": [[[139.0040858, 36.5000224], [139.004284, 36.5000259], [139.0042857, 36.4999609], [139.0040876, 36.4999574], [139.0040858, 36.5000224]]]}}, {"type": "Feature", "properties": {"OCC_CLS": "Unclassified", "PRIM_OCC": "building=yes", "OSM_ID": "way/1359264248", "SOURCE": "OpenStreetMap", "building": "yes"}, "geometry": {"type": "Polygon", "coordinates": [[[139.0171266, 36.4969112], [139.0171255, 36.4968545], [139.0170739, 36.4968551], [139.017075, 36.4969119], [139.0171266, 36.4969112]]]}}, {"type": "Feature", "properties": {"OCC_CLS": "Industrial", "PRIM_OCC": "building=industrial", "OSM_ID": "way/1359264254", "SOURCE": "OpenStreetMap", "building": "industrial"}, "geometry": {"type": "Polygon", "coordinates": [[[139.0187945, 36.4988948], [139.0187446, 36.4987696], [139.0184158, 36.4988668], [139.018467, 36.4989949], [139.0187945, 36.4988948]]]}}, {"type": "Feature", "properties": {"OCC_CLS": "Industrial", "PRIM_OCC": "building=industrial", "OSM_ID": "way/1359264255", "SOURCE": "OpenStreetMap", "building": "industrial"}, "geometry": {"type": "Polygon", "coordinates": [[[139.0184252, 36.4989906], [139.0183753, 36.4988733], [139.0180059, 36.4989749], [139.0180558, 36.4990922], [139.0184252, 36.4989906]]]}}, {"type": "Feature", "properties": {"OCC_CLS": "Commercial", "PRIM_OCC": "shop=convenience", "OSM_ID": "way/1383964298", "SOURCE": "OpenStreetMap", "name": "\u30df\u30cb\u30b9\u30c8\u30c3\u30d7", "name:en": "Ministop", "building": "yes"}, "geometry": {"type": "Polygon", "coordinates": [[[139.0027336, 36.4970569], [139.003314, 36.4970682], [139.0031547, 36.496825], [139.002776, 36.4968165], [139.002746, 36.4968349], [139.0027336, 36.4970569]]]}}, {"type": "Feature", "properties": {"OCC_CLS": "Commercial", "PRIM_OCC": "shop=convenience", "OSM_ID": "way/1383964299", "SOURCE": "OpenStreetMap", "name": "\u30bb\u30d6\u30f3-\u30a4\u30ec\u30d6\u30f3", "name:en": "7-Eleven", "building": "yes"}, "geometry": {"type": "Polygon", "coordinates": [[[139.0055446, 36.4991472], [139.0055741, 36.4988766], [139.0059496, 36.498882], [139.0059429, 36.4990815], [139.0057954, 36.4990771], [139.0057887, 36.4991774], [139.0055446, 36.4991472]]]}}, {"type": "Feature", "properties": {"OCC_CLS": "Commercial", "PRIM_OCC": "amenity=restaurant", "OSM_ID": "way/1489067742", "SOURCE": "OpenStreetMap", "name": "\u843d\u5408\u7c17", "building": "yes"}, "geometry": {"type": "Polygon", "coordinates": [[[139.0173568, 36.4952879], [139.0174266, 36.4952933], [139.0174413, 36.495234], [139.0175996, 36.4952405], [139.0176224, 36.4951866], [139.0176184, 36.495179], [139.0176076, 36.4951715], [139.0176049, 36.4951456], [139.0176143, 36.4950917], [139.0175768, 36.4950798], [139.0175808, 36.4950399], [139.0176707, 36.495041], [139.0176666, 36.4950044], [139.0176613, 36.4949515], [139.0176452, 36.4949418], [139.0176747, 36.494861], [139.0177511, 36.4947855], [139.0178235, 36.494696], [139.0177538, 36.4946421], [139.0176344, 36.4947381], [139.0175647, 36.4948071], [139.017495, 36.4949418], [139.0174789, 36.4949408], [139.0174614, 36.4950281], [139.0174735, 36.4950302], [139.0174655, 36.4950647], [139.0174319, 36.4950583], [139.0174185, 36.4951359], [139.0173957, 36.4951499], [139.0174038, 36.4951585], [139.0173568, 36.4952879]]]}}, {"type": "Feature", "properties": {"OCC_CLS": "Unclassified", "PRIM_OCC": "building=yes", "OSM_ID": "way/1506501672", "SOURCE": "OpenStreetMap", "building": "yes"}, "geometry": {"type": "Polygon", "coordinates": [[[139.0051447, 36.4947011], [139.0051396, 36.4946727], [139.0049786, 36.4946915], [139.0049837, 36.4947198], [139.0048472, 36.4947357], [139.0048968, 36.4950111], [139.0051943, 36.4949765], [139.0051447, 36.4947011]]]}}, {"type": "Feature", "properties": {"OCC_CLS": "Government", "PRIM_OCC": "amenity=fire_station", "OSM_ID": "way/1506501673", "SOURCE": "OpenStreetMap", "name": "\u6e0b\u5ddd\u5e83\u57df\u6d88\u9632\u7f72", "building": "yes"}, "geometry": {"type": "Polygon", "coordinates": [[[139.0054357, 36.4938277], [139.0055646, 36.4938032], [139.0055137, 36.4936295], [139.0053848, 36.493654], [139.0053905, 36.4936735], [139.005159, 36.4937174], [139.0052227, 36.4939346], [139.0054542, 36.4938908], [139.0054357, 36.4938277]]]}}, {"type": "Feature", "properties": {"OCC_CLS": "Commercial", "PRIM_OCC": "shop=supermarket", "OSM_ID": "way/1506501674", "SOURCE": "OpenStreetMap", "name": "\u30d9\u30eb\u30af", "name:en": "Belc", "building": "yes"}, "geometry": {"type": "Polygon", "coordinates": [[[139.0055774, 36.4938969], [139.0060586, 36.4938738], [139.0061259, 36.4937664], [139.0060948, 36.4933595], [139.0055358, 36.4933891], [139.0055774, 36.4938969]]]}}, {"type": "Feature", "properties": {"OCC_CLS": "Commercial", "PRIM_OCC": "shop=convenience", "OSM_ID": "way/1506501676", "SOURCE": "OpenStreetMap", "name": "\u30bb\u30d6\u30f3-\u30a4\u30ec\u30d6\u30f3", "name:en": "7-Eleven", "building": "yes"}, "geometry": {"type": "Polygon", "coordinates": [[[139.0042343, 36.4927546], [139.0043477, 36.4927343], [139.0042987, 36.492558], [139.0041853, 36.4925783], [139.0042343, 36.4927546]]]}}, {"type": "Feature", "properties": {"OCC_CLS": "Unclassified", "PRIM_OCC": "building=yes", "OSM_ID": "way/1533148554", "SOURCE": "OpenStreetMap", "building": "yes"}, "geometry": {"type": "Polygon", "coordinates": [[[139.002846, 36.5090662], [139.0029727, 36.5091372], [139.0030755, 36.5090188], [139.0029489, 36.5089477], [139.002846, 36.5090662]]]}}, {"type": "Feature", "properties": {"OCC_CLS": "Unclassified", "PRIM_OCC": "building=yes", "OSM_ID": "way/1533148555", "SOURCE": "OpenStreetMap", "building": "yes"}, "geometry": {"type": "Polygon", "coordinates": [[[139.0025094, 36.509407], [139.0028156, 36.5096895], [139.0030912, 36.5094965], [139.0027849, 36.509214], [139.0025094, 36.509407]]]}}, {"type": "Feature", "properties": {"OCC_CLS": "Unclassified", "PRIM_OCC": "building=yes", "OSM_ID": "way/1533148556", "SOURCE": "OpenStreetMap", "building": "yes"}, "geometry": {"type": "Polygon", "coordinates": [[[139.0035186, 36.5095754], [139.0037941, 36.5097699], [139.0039141, 36.50966], [139.0036386, 36.5094656], [139.0035186, 36.5095754]]]}}, {"type": "Feature", "properties": {"OCC_CLS": "Unclassified", "PRIM_OCC": "building=yes", "OSM_ID": "way/1533148561", "SOURCE": "OpenStreetMap", "building": "yes"}, "geometry": {"type": "Polygon", "coordinates": [[[139.0050435, 36.5122419], [139.0052085, 36.5122587], [139.0052257, 36.5121503], [139.0050607, 36.5121335], [139.0050435, 36.5122419]]]}}, {"type": "Feature", "properties": {"OCC_CLS": "Unclassified", "PRIM_OCC": "building=yes", "OSM_ID": "way/1533148564", "SOURCE": "OpenStreetMap", "building": "yes"}, "geometry": {"type": "Polygon", "coordinates": [[[139.0116243, 36.4979525], [139.0119784, 36.4979676], [139.0120436, 36.4978634], [139.0119515, 36.497752], [139.0116163, 36.4979302], [139.0116243, 36.4979525]]]}}, {"type": "Feature", "properties": {"OCC_CLS": "Unclassified", "PRIM_OCC": "building=yes", "OSM_ID": "way/1533148570", "SOURCE": "OpenStreetMap", "building": "yes"}, "geometry": {"type": "Polygon", "coordinates": [[[139.0060584, 36.5032697], [139.0062184, 36.5032695], [139.0062183, 36.5031872], [139.0060582, 36.5031874], [139.0060584, 36.5032697]]]}}, {"type": "Feature", "properties": {"OCC_CLS": "Unclassified", "PRIM_OCC": "building=yes", "OSM_ID": "way/1533148573", "SOURCE": "OpenStreetMap", "building": "yes"}, "geometry": {"type": "Polygon", "coordinates": [[[139.0052657, 36.5090446], [139.0055329, 36.5091274], [139.0055769, 36.5090356], [139.0053098, 36.5089528], [139.0052657, 36.5090446]]]}}, {"type": "Feature", "properties": {"OCC_CLS": "Unclassified", "PRIM_OCC": "building=yes", "OSM_ID": "way/1533148579", "SOURCE": "OpenStreetMap", "building": "yes"}, "geometry": {"type": "Polygon", "coordinates": [[[139.0143743, 36.5119652], [139.0145266, 36.5119129], [139.0144929, 36.5118495], [139.0143406, 36.5119019], [139.0143743, 36.5119652]]]}}, {"type": "Feature", "properties": {"OCC_CLS": "Unclassified", "PRIM_OCC": "building=yes", "OSM_ID": "way/1533148669", "SOURCE": "OpenStreetMap", "building": "yes"}, "geometry": {"type": "Polygon", "coordinates": [[[139.0038213, 36.510311], [139.0040934, 36.5104632], [139.0042164, 36.5103211], [139.004152, 36.5102851], [139.0042755, 36.5101424], [139.0043789, 36.5102002], [139.0044305, 36.5101406], [139.0045022, 36.5101807], [139.0046187, 36.5100461], [139.004236, 36.5098321], [139.0038213, 36.510311]]]}}, {"type": "Feature", "properties": {"OCC_CLS": "Unclassified", "PRIM_OCC": "building=yes", "OSM_ID": "way/1533148691", "SOURCE": "OpenStreetMap", "building": "yes"}, "geometry": {"type": "Polygon", "coordinates": [[[139.0047469, 36.5042674], [139.0048733, 36.504271], [139.004876, 36.5042087], [139.0047496, 36.5042052], [139.0047469, 36.5042674]]]}}, {"type": "Feature", "properties": {"OCC_CLS": "Unclassified", "PRIM_OCC": "building=yes", "OSM_ID": "way/1533148695", "SOURCE": "OpenStreetMap", "building": "yes"}, "geometry": {"type": "Polygon", "coordinates": [[[139.0157888, 36.507747], [139.0160685, 36.5076881], [139.0160262, 36.5075583], [139.0162967, 36.5075014], [139.016229, 36.5072937], [139.0159691, 36.5073484], [139.0159823, 36.5073889], [139.0158276, 36.5074215], [139.0158417, 36.5074647], [139.0157061, 36.5074933], [139.0157888, 36.507747]]]}}, {"type": "Feature", "properties": {"OCC_CLS": "Unclassified", "PRIM_OCC": "building=yes", "OSM_ID": "way/1533148703", "SOURCE": "OpenStreetMap", "building": "yes"}, "geometry": {"type": "Polygon", "coordinates": [[[139.0026812, 36.5089329], [139.0027786, 36.508984], [139.002829, 36.5089219], [139.0027316, 36.5088708], [139.0026812, 36.5089329]]]}}, {"type": "Feature", "properties": {"OCC_CLS": "Unclassified", "PRIM_OCC": "building=yes", "OSM_ID": "way/1533148707", "SOURCE": "OpenStreetMap", "building": "yes"}, "geometry": {"type": "Polygon", "coordinates": [[[139.0056765, 36.5031806], [139.0058294, 36.503181], [139.0058298, 36.5031094], [139.0056768, 36.503109], [139.0056765, 36.5031806]]]}}, {"type": "Feature", "properties": {"OCC_CLS": "Unclassified", "PRIM_OCC": "building=yes", "OSM_ID": "way/1533148714", "SOURCE": "OpenStreetMap", "building": "yes"}, "geometry": {"type": "Polygon", "coordinates": [[[139.0140974, 36.4948653], [139.0143509, 36.4948179], [139.0143049, 36.4946587], [139.0140514, 36.4947061], [139.0140974, 36.4948653]]]}}, {"type": "Feature", "properties": {"OCC_CLS": "Unclassified", "PRIM_OCC": "building=yes", "OSM_ID": "way/1533148715", "SOURCE": "OpenStreetMap", "building": "yes"}, "geometry": {"type": "Polygon", "coordinates": [[[139.005668, 36.5022891], [139.0058289, 36.5022891], [139.0058289, 36.5022014], [139.005668, 36.5022014], [139.005668, 36.5022891]]]}}, {"type": "Feature", "properties": {"OCC_CLS": "Unclassified", "PRIM_OCC": "building=yes", "OSM_ID": "way/1533148721", "SOURCE": "OpenStreetMap", "building": "yes"}, "geometry": {"type": "Polygon", "coordinates": [[[139.0125982, 36.4963747], [139.0128354, 36.4964118], [139.012858, 36.4963186], [139.0126208, 36.4962814], [139.0125982, 36.4963747]]]}}]}