{"type": "FeatureCollection", "features": [{"type": "Feature", "properties": {"MTFCC": "tertiary", "NAME": "", "OSM_ID": "way/47471936", "SOURCE": "OpenStreetMap", "highway": "tertiary"}, "geometry": {"type": "LineString", "coordinates": [[139.0056005, 36.4976344], [139.0060663, 36.4976651], [139.006587, 36.4976994], [139.0073732, 36.4977511], [139.008213, 36.4978064], [139.0085868, 36.497831], [139.0092646, 36.4978757], [139.0095601, 36.4978951], [139.0096441, 36.4979006], [139.0100879, 36.4979299], [139.0102715, 36.497942], [139.011232, 36.4980052], [139.0114233, 36.4980178], [139.0119654, 36.4980516], [139.0120626, 36.4980599], [139.0121797, 36.4980676]]}}, {"type": "Feature", "properties": {"MTFCC": "unclassified", "NAME": "", "OSM_ID": "way/78490151", "SOURCE": "OpenStreetMap", "highway": "unclassified", "surface": "asphalt"}, "geometry": {"type": "LineString", "coordinates": [[139.0133133, 36.5079806], [139.0132914, 36.5084217], [139.0133076, 36.5087806], [139.013322, 36.5091], [139.0133216, 36.5091644], [139.0133199, 36.509414], [139.0133191, 36.5095414], [139.0133607, 36.5098349], [139.0134512, 36.5101354], [139.0134808, 36.5102338], [139.0137127, 36.5108673], [139.0138123, 36.5110864], [139.0141296, 36.5117578], [139.0144742, 36.5124591], [139.014714, 36.5128789], [139.0151546, 36.513619], [139.0151985, 36.5137086], [139.0155958, 36.5145071], [139.0157531, 36.5148022], [139.0158653, 36.5149564]]}}, {"type": "Feature", "properties": {"MTFCC": "unclassified", "NAME": "", "OSM_ID": "way/78490153", "SOURCE": "OpenStreetMap", "highway": "unclassified", "surface": "asphalt"}, "geometry": {"type": "LineString", "coordinates": [[139.0147597, 36.5059989], [139.0146501, 36.506022], [139.0131206, 36.506349], [139.0132859, 36.5066393], [139.0133584, 36.5068226], [139.0133554, 36.506854], [139.013321, 36.5072131], [139.0133103, 36.5075563], [139.0133258, 36.507726], [139.0133247, 36.5077479], [139.0133218, 36.5078073], [139.0133133, 36.5079806]]}}, {"type": "Feature", "properties": {"MTFCC": "unclassified", "NAME": "", "OSM_ID": "way/90756861", "SOURCE": "OpenStreetMap", "highway": "unclassified", "surface": "asphalt"}, "geometry": {"type": "LineString", "coordinates": [[138.9977202, 36.494882], [138.9977946, 36.4948669], [138.9995044, 36.4943017], [139.0000223, 36.494146], [139.00127, 36.4937228], [139.0015185, 36.4936306], [139.0018596, 36.4935039], [139.0022459, 36.4933831], [139.0026799, 36.4933399]]}}, {"type": "Feature", "properties": {"MTFCC": "residential", "NAME": "", "OSM_ID": "way/90756868", "SOURCE": "OpenStreetMap", "highway": "residential", "surface": "asphalt"}, "geometry": {"type": "LineString", "coordinates": [[138.9964267, 36.4976449], [138.9968862, 36.4976081], [138.9972646, 36.4976007], [138.9979005, 36.4977434], [138.9980392, 36.4977745], [138.9980538, 36.4977778], [138.9987897, 36.4979106], [138.9991524, 36.4979566], [138.9993412, 36.497975], [138.9994759, 36.4979687], [138.999646, 36.4979433], [139.0000451, 36.4978439], [139.0002182, 36.4977714], [139.000424, 36.4976637], [139.0005834, 36.497647], [139.0007224, 36.4976562], [139.0008701, 36.4976943], [139.0011102, 36.4977563], [139.0011966, 36.4977993], [139.0014841, 36.4979974], [139.0017164, 36.4981597], [139.0020007, 36.4982488], [139.0022082, 36.4982334], [139.0025979, 36.4981575], [139.0027214, 36.4981796], [139.0031029, 36.4983654]]}}, {"type": "Feature", "properties": {"MTFCC": "unclassified", "NAME": "", "OSM_ID": "way/112412100", "SOURCE": "OpenStreetMap", "highway": "unclassified", "surface": "asphalt"}, "geometry": {"type": "LineString", "coordinates": [[139.006517, 36.4928617], [139.0065907, 36.4923267], [139.006638, 36.4920888], [139.0065806, 36.4916323], [139.0065205, 36.4906433]]}}, {"type": "Feature", "properties": {"MTFCC": "primary", "NAME": "\u6e0b\u5ddd\u5927\u80e1\u7dda", "OSM_ID": "way/115816218", "SOURCE": "OpenStreetMap", "highway": "primary", "lanes": "2"}, "geometry": {"type": "LineString", "coordinates": [[139.0186382, 36.4968891], [139.018649, 36.4967072], [139.0186427, 36.4963391], [139.0186362, 36.4961061], [139.0186194, 36.4959386], [139.0186057, 36.4958572], [139.0185705, 36.4957345], [139.0184895, 36.4954167], [139.0184653, 36.4952572], [139.018469, 36.4950555], [139.0184932, 36.4943837], [139.0185208, 36.4942447], [139.0185687, 36.4941162], [139.0187289, 36.4938491], [139.0190004, 36.4934592], [139.0194637, 36.492794], [139.0195848, 36.4926755], [139.0196095, 36.4926549], [139.0196694, 36.4926051], [139.0213295, 36.4916464], [139.022304, 36.4911163], [139.0236089, 36.4904904], [139.0242222, 36.4902221], [139.024319, 36.4901806], [139.0250394, 36.4898718], [139.0255541, 36.4896386], [139.0261483, 36.4893708], [139.0263204, 36.4892457], [139.0264487, 36.489112], [139.0265507, 36.4889155], [139.0265916, 36.4888054], [139.0266335, 36.488665], [139.0266873, 36.4882666]]}}, {"type": "Feature", "properties": {"MTFCC": "trunk", "NAME": "\u9bc9\u6ca2\u30d0\u30a4\u30d1\u30b9", "OSM_ID": "way/161178418", "SOURCE": "OpenStreetMap", "highway": "trunk", "surface": "paved", "lanes": "2"}, "geometry": {"type": "LineString", "coordinates": [[139.0188034, 36.5172797], [139.0175223, 36.5154804], [139.0173298, 36.5151759], [139.0172626, 36.5150696], [139.0170902, 36.5147181], [139.0170188, 36.5145669], [139.0169118, 36.5143268], [139.0168526, 36.5141594], [139.016807, 36.5140273], [139.0167432, 36.5137983], [139.0165895, 36.5131935], [139.0165539, 36.513059], [139.0163348, 36.512196], [139.0162808, 36.511985], [139.0157464, 36.5099094], [139.0156906, 36.5096926], [139.0152018, 36.5077533], [139.0150133, 36.5070052], [139.0147597, 36.5059989], [139.0145199, 36.50499], [139.0142468, 36.5040957], [139.0142282, 36.5040299], [139.0139923, 36.5034865], [139.0137404, 36.5030709], [139.0134727, 36.5027178], [139.013309, 36.5025528]]}}, {"type": "Feature", "properties": {"MTFCC": "trunk", "NAME": "\u6e0b\u5ddd\u30d0\u30a4\u30d1\u30b9", "OSM_ID": "way/161178420", "SOURCE": "OpenStreetMap", "highway": "trunk", "surface": "paved", "lanes": "2"}, "geometry": {"type": "LineString", "coordinates": [[139.0119525, 36.4982758], [139.0118771, 36.4984389], [139.0118362, 36.49857], [139.0117989, 36.4987153], [139.0117662, 36.4988299], [139.0117434, 36.4989599], [139.0117089, 36.4991481], [139.0116918, 36.4992977], [139.0116781, 36.4994401]]}}, {"type": "Feature", "properties": {"MTFCC": "trunk", "NAME": "\u6e0b\u5ddd\u30d0\u30a4\u30d1\u30b9", "OSM_ID": "way/161178431", "SOURCE": "OpenStreetMap", "highway": "trunk", "surface": "paved", "lanes": "2"}, "geometry": {"type": "LineString", "coordinates": [[139.0120261, 36.4984013], [139.0121325, 36.4981702], [139.0121797, 36.4980676], [139.012225, 36.4979716], [139.012435, 36.4975729], [139.012712, 36.4970694], [139.0130423, 36.4964885], [139.0130783, 36.4964209], [139.0131118, 36.4963495], [139.0131471, 36.4962692]]}}, {"type": "Feature", "properties": {"MTFCC": "trunk_link", "NAME": "Shibukawa Bypass", "OSM_ID": "way/161178432", "SOURCE": "OpenStreetMap", "highway": "trunk_link", "surface": "paved", "lanes": "1"}, "geometry": {"type": "LineString", "coordinates": [[139.0119525, 36.4982758], [139.0118766, 36.4983501], [139.0117361, 36.4986161], [139.0113756, 36.4992476], [139.0112903, 36.49937], [139.0111952, 36.499512], [139.0110425, 36.4996889], [139.0109809, 36.4997921]]}}, {"type": "Feature", "properties": {"MTFCC": "trunk", "NAME": "\u56fd\u9053353\u53f7", "OSM_ID": "way/165059631", "SOURCE": "OpenStreetMap", "highway": "trunk", "surface": "paved", "lanes": "2"}, "geometry": {"type": "LineString", "coordinates": [[139.0303947, 36.5039631], [139.0302214, 36.5038085], [139.0301245, 36.5037217], [139.0298161, 36.5034328], [139.0296624, 36.5032865], [139.0295272, 36.5031411], [139.0294243, 36.5029912], [139.0293776, 36.5028833], [139.0293514, 36.5027848], [139.0293417, 36.5026794], [139.0293429, 36.5025524], [139.0293969, 36.50188], [139.0294021, 36.5017614], [139.0293975, 36.5016475], [139.0293736, 36.5015358], [139.0291638, 36.5008431], [139.0291185, 36.5007528], [139.0290518, 36.5006719], [139.0289858, 36.5006167], [139.0289351, 36.5005791], [139.0288639, 36.5005438], [139.0287734, 36.5005159], [139.0286851, 36.5005045], [139.0285962, 36.5004988], [139.0284915, 36.5005096], [139.0283519, 36.5005312], [139.0282454, 36.5005552], [139.0278456, 36.5006377], [139.0277306, 36.5006469], [139.0274789, 36.5006588], [139.0272818, 36.5006628], [139.0268564, 36.5006537], [139.0267738, 36.5006486], [139.026689, 36.5006281], [139.0266093, 36.500603], [139.0265124, 36.5005523], [139.026431, 36.5004948], [139.0251713, 36.4995984], [139.0250756, 36.4995471], [139.0249833, 36.4995084], [139.0248768, 36.499476], [139.0247709, 36.4994629], [139.0246399, 36.4994714], [139.0245716, 36.4994868], [139.0244514, 36.4995181], [139.0243819, 36.4995528], [139.0243056, 36.4995876], [139.0242282, 36.4996263], [139.0241718, 36.4996759], [139.0241285, 36.4997237], [139.0240887, 36.4997841], [139.0240522, 36.4998376], [139.0240306, 36.4998945], [139.0240203, 36.499956], [139.0240158, 36.5000278], [139.0240231, 36.5000969], [139.0241131, 36.5006782]]}}, {"type": "Feature", "properties": {"MTFCC": "secondary", "NAME": "\u4e0b\u4e45\u5c4b\u6e0b\u5ddd\u7dda", "OSM_ID": "way/165059632", "SOURCE": "OpenStreetMap", "highway": "secondary", "surface": "asphalt", "lanes": "2"}, "geometry": {"type": "LineString", "coordinates": [[139.0235192, 36.5038948], [139.0237024, 36.5036167], [139.02379, 36.5034711], [139.0238418, 36.5033539], [139.0239044, 36.5031583], [139.0239289, 36.5030111], [139.0239457, 36.5028714], [139.0239414, 36.502741], [139.023919, 36.5025585], [139.0238835, 36.5023947], [139.0238334, 36.5022307], [139.0236807, 36.5018934], [139.0235448, 36.5016444], [139.0234702, 36.5015079]]}}, {"type": "Feature", "properties": {"MTFCC": "trunk", "NAME": "\u56fd\u9053353\u53f7", "OSM_ID": "way/165315783", "SOURCE": "OpenStreetMap", "highway": "trunk", "surface": "paved", "lanes": "2"}, "geometry": {"type": "LineString", "coordinates": [[139.0234702, 36.5015079], [139.0234114, 36.5013927], [139.0233087, 36.5011912]]}}, {"type": "Feature", "properties": {"MTFCC": "trunk", "NAME": "\u56fd\u9053353\u53f7", "OSM_ID": "way/165315784", "SOURCE": "OpenStreetMap", "highway": "trunk", "surface": "paved", "lanes": "2", "bridge": "yes", "layer": "1"}, "geometry": {"type": "LineString", "coordinates": [[139.0171251, 36.4967768], [139.0146058, 36.4967421]]}}, {"type": "Feature", "properties": {"MTFCC": "primary", "NAME": "\u4e09\u56fd\u8857\u9053", "OSM_ID": "way/167061905", "SOURCE": "OpenStreetMap", "highway": "primary", "surface": "asphalt", "lanes": "2"}, "geometry": {"type": "LineString", "coordinates": [[139.0027829, 36.4956985], [139.0028426, 36.4958645], [139.0030264, 36.4962938], [139.0033008, 36.4967875], [139.0035254, 36.4971523], [139.0037007, 36.4974091], [139.0037475, 36.4975561], [139.0037786, 36.4976793], [139.0037961, 36.497739], [139.0038132, 36.4977971], [139.0038429, 36.4980446], [139.0038932, 36.4988074], [139.0039263, 36.4991262], [139.0039647, 36.4996429], [139.0039977, 36.5000859], [139.0040379, 36.500735], [139.004065, 36.5012925], [139.0041041, 36.5018663], [139.0041188, 36.502083]]}}, {"type": "Feature", "properties": {"MTFCC": "primary", "NAME": "\u6e0b\u5ddd\u677e\u4e95\u7530\u7dda", "OSM_ID": "way/167061906", "SOURCE": "OpenStreetMap", "highway": "primary", "surface": "asphalt", "lanes": "2"}, "geometry": {"type": "LineString", "coordinates": [[139.005473, 36.4954291], [139.0046655, 36.4955132], [139.004461, 36.49554], [139.003875, 36.495596], [139.0027829, 36.4956985]]}}, {"type": "Feature", "properties": {"MTFCC": "unclassified", "NAME": "", "OSM_ID": "way/185230616", "SOURCE": "OpenStreetMap", "highway": "unclassified", "surface": "asphalt"}, "geometry": {"type": "LineString", "coordinates": [[139.0158653, 36.5149564], [139.0158278, 36.5147637], [139.0154189, 36.5139423], [139.0152493, 36.5135849], [139.0148192, 36.5128321], [139.0144706, 36.5122609], [139.0142177, 36.5117294], [139.0139302, 36.5110573], [139.0138364, 36.5108186], [139.0136228, 36.5102814], [139.0134668, 36.5096772], [139.0134325, 36.5091584], [139.0134239, 36.5087838], [139.0133995, 36.5085979], [139.0133908, 36.5084426], [139.01336, 36.5083456], [139.0133402, 36.5082115], [139.0133243, 36.5080751], [139.0133133, 36.5079806]]}}, {"type": "Feature", "properties": {"MTFCC": "unclassified", "NAME": "", "OSM_ID": "way/185230619", "SOURCE": "OpenStreetMap", "highway": "unclassified", "surface": "asphalt"}, "geometry": {"type": "LineString", "coordinates": [[139.0131206, 36.506349], [139.0127926, 36.5056126], [139.0127475, 36.5055114], [139.0126972, 36.5053422], [139.0126783, 36.5048993], [139.0127029, 36.5043074], [139.012703, 36.5041838], [139.0126184, 36.5039125], [139.0126326, 36.5037994], [139.0127046, 36.5036198], [139.0128193, 36.5034595], [139.0129439, 36.5032853], [139.0132655, 36.5028357], [139.0133423, 36.5027484]]}}, {"type": "Feature", "properties": {"MTFCC": "trunk", "NAME": "\u9bc9\u6ca2\u30d0\u30a4\u30d1\u30b9", "OSM_ID": "way/192270514", "SOURCE": "OpenStreetMap", "highway": "trunk", "surface": "paved", "lanes": "2", "bridge": "yes", "layer": "1"}, "geometry": {"type": "LineString", "coordinates": [[139.013309, 36.5025528], [139.0130294, 36.5022332], [139.0125597, 36.5016917], [139.0124175, 36.5014857], [139.0122817, 36.5012695], [139.012182, 36.501112], [139.0120824, 36.5009184], [139.011987, 36.5007032]]}}, {"type": "Feature", "properties": {"MTFCC": "trunk", "NAME": "\u9bc9\u6ca2\u30d0\u30a4\u30d1\u30b9", "OSM_ID": "way/192270515", "SOURCE": "OpenStreetMap", "highway": "trunk", "surface": "paved", "lanes": "2"}, "geometry": {"type": "LineString", "coordinates": [[139.0116784, 36.4995426], [139.0116814, 36.4997132], [139.0116946, 36.4998877], [139.0117212, 36.5001272], [139.0117563, 36.500333], [139.0117926, 36.5004742], [139.0118262, 36.5005893], [139.0118701, 36.5007119]]}}, {"type": "Feature", "properties": {"MTFCC": "trunk", "NAME": "\u9bc9\u6ca2\u30d0\u30a4\u30d1\u30b9", "OSM_ID": "way/192270523", "SOURCE": "OpenStreetMap", "highway": "trunk", "surface": "paved", "lanes": "2"}, "geometry": {"type": "LineString", "coordinates": [[139.0132445, 36.5026334], [139.0133423, 36.5027484], [139.0136375, 36.5031409], [139.0138665, 36.5035056], [139.0140356, 36.5038777], [139.0141262, 36.5041156], [139.0142579, 36.5044756], [139.014377, 36.504997], [139.0144306, 36.5051635], [139.0146501, 36.506022], [139.0148917, 36.5070172], [139.0151384, 36.5080236], [139.0154004, 36.5090418], [139.0155931, 36.5097908], [139.0156413, 36.5099812], [139.0158727, 36.5108954], [139.015942, 36.5111929], [139.0160621, 36.5116433], [139.0162213, 36.5122493], [139.0163796, 36.5128449], [139.0164662, 36.5132233], [139.0165746, 36.5136429], [139.0166888, 36.5140664], [139.0167977, 36.5143855], [139.01691, 36.51464], [139.017037, 36.5148861], [139.0171766, 36.5151095], [139.0172417, 36.5152125], [139.0174396, 36.5155256], [139.0178144, 36.5160924], [139.0184342, 36.5169605], [139.0186979, 36.5173314]]}}, {"type": "Feature", "properties": {"MTFCC": "unclassified", "NAME": "", "OSM_ID": "way/197539885", "SOURCE": "OpenStreetMap", "highway": "unclassified"}, "geometry": {"type": "LineString", "coordinates": [[139.0014712, 36.4947484], [139.0015836, 36.4947218], [139.0018477, 36.4946733], [139.0026531, 36.4945911]]}}, {"type": "Feature", "properties": {"MTFCC": "unclassified", "NAME": "", "OSM_ID": "way/197540039", "SOURCE": "OpenStreetMap", "highway": "unclassified"}, "geometry": {"type": "LineString", "coordinates": [[139.0026538, 36.494444], [139.0018401, 36.4945116], [139.0017289, 36.4945339], [139.0014563, 36.4945886], [139.0012976, 36.4946278], [139.0009538, 36.494752], [139.0006547, 36.4948366], [139.0002344, 36.4948986], [138.9997317, 36.4949731], [138.9995319, 36.4950059], [138.9985913, 36.4954315], [138.9978866, 36.495656], [138.9976025, 36.4957902]]}}, {"type": "Feature", "properties": {"MTFCC": "service", "NAME": "", "OSM_ID": "way/197542084", "SOURCE": "OpenStreetMap", "highway": "service"}, "geometry": {"type": "LineString", "coordinates": [[139.0088784, 36.4950507], [139.0089037, 36.4942408], [139.0089054, 36.4941877], [139.0089359, 36.4941368], [139.0089318, 36.4941054], [139.0089126, 36.494089], [139.0088782, 36.4940743], [139.0082063, 36.4940868], [139.0080377, 36.494099], [139.0077663, 36.4942603], [139.007632, 36.494284], [139.007088, 36.494363], [139.0068502, 36.4943979]]}}, {"type": "Feature", "properties": {"MTFCC": "unclassified", "NAME": "", "OSM_ID": "way/197542119", "SOURCE": "OpenStreetMap", "highway": "unclassified", "surface": "asphalt"}, "geometry": {"type": "LineString", "coordinates": [[139.0078589, 36.4930898], [139.0074309, 36.4929657], [139.0069807, 36.4928352], [139.006517, 36.4928617], [139.0061368, 36.4928866], [139.0057179, 36.4929015], [139.0054822, 36.4929227], [139.005367, 36.492933], [139.005122, 36.492961], [139.004851, 36.493006], [139.004586, 36.493051], [139.0044171, 36.4930845], [139.0041054, 36.4931374], [139.0037734, 36.4931889], [139.003715, 36.493198], [139.003625, 36.493203], [139.0031261, 36.4932753], [139.0026799, 36.4933399]]}}, {"type": "Feature", "properties": {"MTFCC": "tertiary", "NAME": "", "OSM_ID": "way/197542165", "SOURCE": "OpenStreetMap", "highway": "tertiary"}, "geometry": {"type": "LineString", "coordinates": [[139.0067643, 36.4940125], [139.0067601, 36.4939937], [139.0066357, 36.4934351]]}}, {"type": "Feature", "properties": {"MTFCC": "tertiary", "NAME": "", "OSM_ID": "way/197542195", "SOURCE": "OpenStreetMap", "highway": "tertiary"}, "geometry": {"type": "LineString", "coordinates": [[139.0067907, 36.4941309], [139.0067956, 36.4941529], [139.0068502, 36.4943979], [139.0069426, 36.4948825], [139.0070018, 36.4952759]]}}, {"type": "Feature", "properties": {"MTFCC": "unclassified", "NAME": "", "OSM_ID": "way/197542196", "SOURCE": "OpenStreetMap", "highway": "unclassified"}, "geometry": {"type": "LineString", "coordinates": [[139.0106401, 36.493561], [139.0106409, 36.4935351]]}}, {"type": "Feature", "properties": {"MTFCC": "tertiary", "NAME": "", "OSM_ID": "way/197542198", "SOURCE": "OpenStreetMap", "highway": "tertiary", "bridge": "yes", "layer": "1"}, "geometry": {"type": "LineString", "coordinates": [[139.0067643, 36.4940125], [139.0067907, 36.4941309]]}}, {"type": "Feature", "properties": {"MTFCC": "unclassified", "NAME": "", "OSM_ID": "way/197542199", "SOURCE": "OpenStreetMap", "highway": "unclassified", "tunnel": "yes", "layer": "-1"}, "geometry": {"type": "LineString", "coordinates": [[139.0131079, 36.4948832], [139.0133662, 36.4948385]]}}, {"type": "Feature", "properties": {"MTFCC": "unclassified", "NAME": "", "OSM_ID": "way/197542202", "SOURCE": "OpenStreetMap", "highway": "unclassified", "bridge": "yes", "layer": "1"}, "geometry": {"type": "LineString", "coordinates": [[139.0041914, 36.494333], [139.0041985, 36.4944298]]}}, {"type": "Feature", "properties": {"MTFCC": "unclassified", "NAME": "", "OSM_ID": "way/197542233", "SOURCE": "OpenStreetMap", "highway": "unclassified", "bridge": "yes", "layer": "1"}, "geometry": {"type": "LineString", "coordinates": [[139.0106465, 36.4934261], [139.0106409, 36.4935351]]}}, {"type": "Feature", "properties": {"MTFCC": "unclassified", "NAME": "", "OSM_ID": "way/197542248", "SOURCE": "OpenStreetMap", "highway": "unclassified"}, "geometry": {"type": "LineString", "coordinates": [[139.0041985, 36.4944298], [139.0042059, 36.4944709]]}}, {"type": "Feature", "properties": {"MTFCC": "unclassified", "NAME": "", "OSM_ID": "way/197542251", "SOURCE": "OpenStreetMap", "highway": "unclassified"}, "geometry": {"type": "LineString", "coordinates": [[139.0133662, 36.4948385], [139.0134593, 36.4948151], [139.0135548, 36.4947911], [139.0139974, 36.4947001], [139.0140324, 36.494692], [139.0143803, 36.4946169]]}}, {"type": "Feature", "properties": {"MTFCC": "service", "NAME": "", "OSM_ID": "way/197542276", "SOURCE": "OpenStreetMap", "highway": "service"}, "geometry": {"type": "LineString", "coordinates": [[139.0127632, 36.4928101], [139.0127359, 36.4927311], [139.0127835, 36.492513], [139.013084, 36.4913527]]}}, {"type": "Feature", "properties": {"MTFCC": "unclassified", "NAME": "", "OSM_ID": "way/197542326", "SOURCE": "OpenStreetMap", "highway": "unclassified", "surface": "asphalt"}, "geometry": {"type": "LineString", "coordinates": [[139.008436, 36.4917463], [139.0082912, 36.4920828], [139.008125, 36.4924688], [139.0079662, 36.4929044], [139.0078589, 36.4930898], [139.007826, 36.4931513], [139.0076652, 36.4932616], [139.0076409, 36.4932782], [139.0071777, 36.4936455], [139.0068403, 36.4939454], [139.0067601, 36.4939937]]}}, {"type": "Feature", "properties": {"MTFCC": "tertiary_link", "NAME": "", "OSM_ID": "way/197542372", "SOURCE": "OpenStreetMap", "highway": "tertiary_link"}, "geometry": {"type": "LineString", "coordinates": [[139.0107201, 36.4913355], [139.0107351, 36.4913844], [139.0107027, 36.492123], [139.0106465, 36.4934261]]}}, {"type": "Feature", "properties": {"MTFCC": "unclassified", "NAME": "", "OSM_ID": "way/197542381", "SOURCE": "OpenStreetMap", "highway": "unclassified", "surface": "asphalt"}, "geometry": {"type": "LineString", "coordinates": [[139.00267, 36.4937438], [139.0027275, 36.4937561], [139.003381, 36.493834], [139.0041532, 36.4939442]]}}, {"type": "Feature", "properties": {"MTFCC": "unclassified", "NAME": "", "OSM_ID": "way/197542421", "SOURCE": "OpenStreetMap", "highway": "unclassified"}, "geometry": {"type": "LineString", "coordinates": [[139.0026531, 36.4945911], [139.0031288, 36.4945565], [139.0037083, 36.4945143], [139.0042059, 36.4944709], [139.0044898, 36.4944483], [139.0047743, 36.4944223], [139.0052244, 36.4943894]]}}, {"type": "Feature", "properties": {"MTFCC": "unclassified", "NAME": "", "OSM_ID": "way/197542456", "SOURCE": "OpenStreetMap", "highway": "unclassified"}, "geometry": {"type": "LineString", "coordinates": [[139.007826, 36.4931513], [139.0080694, 36.4931319], [139.0083127, 36.4931122], [139.0089019, 36.4930896]]}}, {"type": "Feature", "properties": {"MTFCC": "unclassified", "NAME": "", "OSM_ID": "way/197542458", "SOURCE": "OpenStreetMap", "highway": "unclassified"}, "geometry": {"type": "LineString", "coordinates": [[139.0103361, 36.4950994], [139.010461, 36.494634], [139.0105178, 36.4943332], [139.0105591, 36.4941209], [139.0105911, 36.4939455], [139.010596, 36.4939167], [139.0106277, 36.4936566], [139.0106375, 36.4935824], [139.0106401, 36.493561]]}}, {"type": "Feature", "properties": {"MTFCC": "unclassified", "NAME": "", "OSM_ID": "way/197542465", "SOURCE": "OpenStreetMap", "highway": "unclassified"}, "geometry": {"type": "LineString", "coordinates": [[139.003875, 36.495596], [139.003826, 36.495315], [139.0038004, 36.4951323], [139.0037526, 36.4947616], [139.0037083, 36.4945143]]}}, {"type": "Feature", "properties": {"MTFCC": "unclassified", "NAME": "", "OSM_ID": "way/197542478", "SOURCE": "OpenStreetMap", "highway": "unclassified"}, "geometry": {"type": "LineString", "coordinates": [[139.0143803, 36.4946169], [139.014384, 36.4940197], [139.0144131, 36.4935121], [139.0144424, 36.4929552], [139.0144267, 36.4928908], [139.0144108, 36.492867], [139.014376, 36.4928575], [139.0142831, 36.4928506], [139.0137531, 36.4929251]]}}, {"type": "Feature", "properties": {"MTFCC": "unclassified", "NAME": "", "OSM_ID": "way/197542522", "SOURCE": "OpenStreetMap", "highway": "unclassified"}, "geometry": {"type": "LineString", "coordinates": [[139.0131079, 36.4948832], [139.0123273, 36.4949553], [139.01212, 36.494977], [139.011946, 36.495], [139.011527, 36.495068], [139.0114501, 36.4950848], [139.0111248, 36.4951641]]}}, {"type": "Feature", "properties": {"MTFCC": "unclassified", "NAME": "", "OSM_ID": "way/197542575", "SOURCE": "OpenStreetMap", "highway": "unclassified", "surface": "asphalt"}, "geometry": {"type": "LineString", "coordinates": [[139.0041914, 36.494333], [139.0041908, 36.4943099], [139.0041532, 36.4939442], [139.0041054, 36.4931374], [139.003854, 36.492071]]}}, {"type": "Feature", "properties": {"MTFCC": "unclassified", "NAME": "", "OSM_ID": "way/197544596", "SOURCE": "OpenStreetMap", "highway": "unclassified"}, "geometry": {"type": "LineString", "coordinates": [[139.0196694, 36.4926051], [139.0194649, 36.4912175], [139.019425, 36.4909635], [139.0192982, 36.4901574], [139.0192619, 36.4897555], [139.0192599, 36.4897072], [139.0192759, 36.4896706], [139.020087, 36.4889321], [139.0208616, 36.4882382], [139.0209055, 36.4881996], [139.0209605, 36.4881901], [139.021889, 36.4881322]]}}, {"type": "Feature", "properties": {"MTFCC": "service", "NAME": "", "OSM_ID": "way/197544610", "SOURCE": "OpenStreetMap", "highway": "service"}, "geometry": {"type": "LineString", "coordinates": [[139.0171739, 36.4967788], [139.0171744, 36.4967346], [139.0171757, 36.496711], [139.0171387, 36.4965225], [139.0171826, 36.4962589], [139.0173132, 36.4957653], [139.0174047, 36.495499], [139.017773, 36.4955346], [139.0179357, 36.4955171]]}}, {"type": "Feature", "properties": {"MTFCC": "unclassified", "NAME": "", "OSM_ID": "way/197553565", "SOURCE": "OpenStreetMap", "highway": "unclassified"}, "geometry": {"type": "LineString", "coordinates": [[139.0283618, 36.4970046], [139.028657, 36.497101], [139.028797, 36.497191], [139.02902, 36.497298], [139.029187, 36.497422], [139.029249, 36.497456], [139.029374, 36.497501], [139.029632, 36.497552], [139.0300729, 36.4976339]]}}, {"type": "Feature", "properties": {"MTFCC": "unclassified", "NAME": "", "OSM_ID": "way/197553575", "SOURCE": "OpenStreetMap", "highway": "unclassified"}, "geometry": {"type": "LineString", "coordinates": [[139.0237428, 36.4937689], [139.0236421, 36.4937053], [139.0234502, 36.4936547], [139.0233625, 36.4936173], [139.0233151, 36.493597], [139.0232022, 36.4934247], [139.0230745, 36.4931367], [139.0229713, 36.4929882], [139.0226157, 36.4927799], [139.022334, 36.4926793], [139.0221579, 36.492632]]}}, {"type": "Feature", "properties": {"MTFCC": "unclassified", "NAME": "", "OSM_ID": "way/197553577", "SOURCE": "OpenStreetMap", "highway": "unclassified"}, "geometry": {"type": "LineString", "coordinates": [[139.0242222, 36.4902221], [139.0240463, 36.4907942], [139.0239889, 36.490946], [139.023619, 36.491232], [139.023493, 36.491367], [139.023389, 36.49157], [139.023243, 36.491767], [139.023166, 36.491846], [139.022754, 36.492206], [139.022671, 36.492263], [139.022281, 36.492528], [139.0221579, 36.492632]]}}, {"type": "Feature", "properties": {"MTFCC": "unclassified", "NAME": "", "OSM_ID": "way/197553580", "SOURCE": "OpenStreetMap", "highway": "unclassified"}, "geometry": {"type": "LineString", "coordinates": [[139.0306384, 36.4994345], [139.0298876, 36.499143], [139.0296663, 36.4990574], [139.0293042, 36.4990018], [139.0290268, 36.4989047], [139.0288458, 36.4989107], [139.0283792, 36.4990103], [139.0282342, 36.4990103], [139.0281772, 36.4989813], [139.0280168, 36.4987879]]}}, {"type": "Feature", "properties": {"MTFCC": "unclassified", "NAME": "", "OSM_ID": "way/197553585", "SOURCE": "OpenStreetMap", "highway": "unclassified"}, "geometry": {"type": "LineString", "coordinates": [[139.020301, 36.495608], [139.0203154, 36.4959201], [139.0203563, 36.496579], [139.0203778, 36.4967222], [139.0207436, 36.4969831], [139.020943, 36.4970603], [139.021082, 36.4970748], [139.021151, 36.4970723], [139.0213411, 36.4969996]]}}, {"type": "Feature", "properties": {"MTFCC": "unclassified", "NAME": "", "OSM_ID": "way/197553590", "SOURCE": "OpenStreetMap", "highway": "unclassified"}, "geometry": {"type": "LineString", "coordinates": [[139.024543, 36.494965], [139.0245812, 36.4948774], [139.0246028, 36.4948353], [139.0246038, 36.4946304], [139.02456, 36.494433], [139.024469, 36.494217], [139.0243939, 36.4941419], [139.0239207, 36.4939326], [139.0237673, 36.4938771], [139.0237428, 36.4937689]]}}, {"type": "Feature", "properties": {"MTFCC": "residential", "NAME": "", "OSM_ID": "way/197553599", "SOURCE": "OpenStreetMap", "highway": "residential"}, "geometry": {"type": "LineString", "coordinates": [[139.024543, 36.494965], [139.024616, 36.495008], [139.024696, 36.495048], [139.0250601, 36.4951707], [139.0251085, 36.4953213], [139.0251251, 36.4959937]]}}, {"type": "Feature", "properties": {"MTFCC": "residential", "NAME": "", "OSM_ID": "way/197553604", "SOURCE": "OpenStreetMap", "highway": "residential"}, "geometry": {"type": "LineString", "coordinates": [[139.0287798, 36.4943901], [139.0286658, 36.4942305], [139.0286128, 36.4941577], [139.02846, 36.4939553], [139.02818, 36.4936604], [139.0281431, 36.493642], [139.027918, 36.4935301], [139.0275971, 36.4933913]]}}, {"type": "Feature", "properties": {"MTFCC": "unclassified", "NAME": "", "OSM_ID": "way/197553637", "SOURCE": "OpenStreetMap", "highway": "unclassified"}, "geometry": {"type": "LineString", "coordinates": [[139.0228411, 36.4988524], [139.0228089, 36.4984117], [139.0227519, 36.4981689], [139.0226847, 36.4980465], [139.0225447, 36.4976729], [139.0224547, 36.4975099], [139.0223738, 36.4973611], [139.0223988, 36.4972169], [139.0224628, 36.4970606], [139.0225418, 36.496897], [139.0225114, 36.4967406], [139.0224653, 36.4965768], [139.0224504, 36.4965223]]}}, {"type": "Feature", "properties": {"MTFCC": "unclassified", "NAME": "", "OSM_ID": "way/197553639", "SOURCE": "OpenStreetMap", "highway": "unclassified"}, "geometry": {"type": "LineString", "coordinates": [[139.0280168, 36.4987879], [139.0279819, 36.498736], [139.0278919, 36.4985567], [139.0278174, 36.4984272], [139.0277592, 36.4983999], [139.0272918, 36.498288], [139.0269251, 36.4981001], [139.0264869, 36.4978305], [139.0260758, 36.4975612], [139.0255338, 36.4971938], [139.025186, 36.496819], [139.025039, 36.49674], [139.0248753, 36.496695]]}}, {"type": "Feature", "properties": {"MTFCC": "residential", "NAME": "", "OSM_ID": "way/197553677", "SOURCE": "OpenStreetMap", "highway": "residential"}, "geometry": {"type": "LineString", "coordinates": [[139.0258935, 36.4934161], [139.0257937, 36.4932465], [139.0258841, 36.4930591], [139.0259172, 36.4929175]]}}, {"type": "Feature", "properties": {"MTFCC": "residential", "NAME": "", "OSM_ID": "way/197553695", "SOURCE": "OpenStreetMap", "highway": "residential"}, "geometry": {"type": "LineString", "coordinates": [[139.0241063, 36.4955795], [139.0240226, 36.4955747], [139.0237357, 36.4955525], [139.023626, 36.495896], [139.023568, 36.496247], [139.023536, 36.496445], [139.023517, 36.496568], [139.023575, 36.4967866]]}}, {"type": "Feature", "properties": {"MTFCC": "residential", "NAME": "", "OSM_ID": "way/197553703", "SOURCE": "OpenStreetMap", "highway": "residential"}, "geometry": {"type": "LineString", "coordinates": [[139.0258747, 36.4982127], [139.0266, 36.498238], [139.026699, 36.498255], [139.026739, 36.498265], [139.026874, 36.498325], [139.027069, 36.49842], [139.027152, 36.498455], [139.02731, 36.49854], [139.027465, 36.498612], [139.02757, 36.498658], [139.027639, 36.49869], [139.027722, 36.498714], [139.027814, 36.498742], [139.027902, 36.498759], [139.0280168, 36.4987879]]}}, {"type": "Feature", "properties": {"MTFCC": "residential", "NAME": "", "OSM_ID": "way/197553729", "SOURCE": "OpenStreetMap", "highway": "residential"}, "geometry": {"type": "LineString", "coordinates": [[139.027989, 36.492568], [139.028034, 36.492534], [139.028091, 36.492498], [139.028182, 36.49245], [139.028261, 36.492412], [139.02834, 36.492374], [139.028407, 36.492337], [139.028464, 36.492306], [139.02848, 36.492287], [139.028499, 36.492264], [139.028499, 36.492215], [139.0285074, 36.491993], [139.02851, 36.491925], [139.028644, 36.4916586]]}}, {"type": "Feature", "properties": {"MTFCC": "residential", "NAME": "", "OSM_ID": "way/197553770", "SOURCE": "OpenStreetMap", "highway": "residential"}, "geometry": {"type": "LineString", "coordinates": [[139.023575, 36.4967866], [139.0237762, 36.4970554], [139.0243872, 36.4975991]]}}, {"type": "Feature", "properties": {"MTFCC": "residential", "NAME": "", "OSM_ID": "way/197553800", "SOURCE": "OpenStreetMap", "highway": "residential"}, "geometry": {"type": "LineString", "coordinates": [[139.019291, 36.495653], [139.019333, 36.496048]]}}, {"type": "Feature", "properties": {"MTFCC": "unclassified", "NAME": "", "OSM_ID": "way/197553945", "SOURCE": "OpenStreetMap", "highway": "unclassified"}, "geometry": {"type": "LineString", "coordinates": [[139.0195848, 36.4926755], [139.0199738, 36.4926679]]}}, {"type": "Feature", "properties": {"MTFCC": "unclassified", "NAME": "", "OSM_ID": "way/197553951", "SOURCE": "OpenStreetMap", "highway": "unclassified"}, "geometry": {"type": "LineString", "coordinates": [[139.0189756, 36.494005], [139.0187289, 36.4938491]]}}, {"type": "Feature", "properties": {"MTFCC": "unclassified", "NAME": "", "OSM_ID": "way/197553975", "SOURCE": "OpenStreetMap", "highway": "unclassified"}, "geometry": {"type": "LineString", "coordinates": [[139.0248753, 36.496695], [139.0247455, 36.4966124]]}}, {"type": "Feature", "properties": {"MTFCC": "unclassified", "NAME": "", "OSM_ID": "way/197553983", "SOURCE": "OpenStreetMap", "highway": "unclassified"}, "geometry": {"type": "LineString", "coordinates": [[139.020301, 36.495608], [139.0212988, 36.4955739], [139.0224986, 36.4955233]]}}, {"type": "Feature", "properties": {"MTFCC": "residential", "NAME": "", "OSM_ID": "way/197553998", "SOURCE": "OpenStreetMap", "highway": "residential"}, "geometry": {"type": "LineString", "coordinates": [[139.0228411, 36.4988524], [139.0229538, 36.4989247], [139.0230665, 36.4989524], [139.0231762, 36.4989319], [139.0232858, 36.4989113], [139.0235764, 36.4986606], [139.0244361, 36.4981759], [139.0246678, 36.4980452]]}}, {"type": "Feature", "properties": {"MTFCC": "unclassified", "NAME": "", "OSM_ID": "way/197554169", "SOURCE": "OpenStreetMap", "highway": "unclassified"}, "geometry": {"type": "LineString", "coordinates": [[139.020301, 36.495608], [139.0202298, 36.4940738]]}}, {"type": "Feature", "properties": {"MTFCC": "residential", "NAME": "", "OSM_ID": "way/197554177", "SOURCE": "OpenStreetMap", "highway": "residential"}, "geometry": {"type": "LineString", "coordinates": [[139.0243872, 36.4975991], [139.0248753, 36.496695]]}}, {"type": "Feature", "properties": {"MTFCC": "unclassified", "NAME": "", "OSM_ID": "way/197554192", "SOURCE": "OpenStreetMap", "highway": "unclassified"}, "geometry": {"type": "LineString", "coordinates": [[139.0302113, 36.4963051], [139.02933, 36.4962489], [139.0284063, 36.4961866]]}}, {"type": "Feature", "properties": {"MTFCC": "unclassified", "NAME": "", "OSM_ID": "way/197554200", "SOURCE": "OpenStreetMap", "highway": "unclassified"}, "geometry": {"type": "LineString", "coordinates": [[139.0284063, 36.4961866], [139.0284046, 36.4967872], [139.0283618, 36.4970046]]}}, {"type": "Feature", "properties": {"MTFCC": "unclassified", "NAME": "", "OSM_ID": "way/197554201", "SOURCE": "OpenStreetMap", "highway": "unclassified"}, "geometry": {"type": "LineString", "coordinates": [[139.0284063, 36.4961866], [139.0275443, 36.496127]]}}, {"type": "Feature", "properties": {"MTFCC": "unclassified", "NAME": "", "OSM_ID": "way/197554202", "SOURCE": "OpenStreetMap", "highway": "unclassified"}, "geometry": {"type": "LineString", "coordinates": [[139.0221579, 36.492632], [139.0221231, 36.4926402], [139.0208742, 36.4926563], [139.0199738, 36.4926679]]}}, {"type": "Feature", "properties": {"MTFCC": "residential", "NAME": "", "OSM_ID": "way/197554257", "SOURCE": "OpenStreetMap", "highway": "residential"}, "geometry": {"type": "LineString", "coordinates": [[139.0275971, 36.4933913], [139.0272446, 36.4933698], [139.027152, 36.4933575], [139.0269774, 36.4932859]]}}, {"type": "Feature", "properties": {"MTFCC": "unclassified", "NAME": "", "OSM_ID": "way/197554264", "SOURCE": "OpenStreetMap", "highway": "unclassified"}, "geometry": {"type": "LineString", "coordinates": [[139.0269774, 36.4932859], [139.0269835, 36.4933402], [139.0267844, 36.4940892], [139.0266223, 36.4953136]]}}, {"type": "Feature", "properties": {"MTFCC": "unclassified", "NAME": "", "OSM_ID": "way/197554282", "SOURCE": "OpenStreetMap", "highway": "unclassified"}, "geometry": {"type": "LineString", "coordinates": [[139.0224504, 36.4965223], [139.022056, 36.496692], [139.0213411, 36.4969996]]}}, {"type": "Feature", "properties": {"MTFCC": "unclassified", "NAME": "", "OSM_ID": "way/197554295", "SOURCE": "OpenStreetMap", "highway": "unclassified"}, "geometry": {"type": "LineString", "coordinates": [[139.0224986, 36.4955233], [139.0225414, 36.4959614], [139.0224667, 36.4962518], [139.0224504, 36.4965223]]}}, {"type": "Feature", "properties": {"MTFCC": "unclassified", "NAME": "", "OSM_ID": "way/197554302", "SOURCE": "OpenStreetMap", "highway": "unclassified"}, "geometry": {"type": "LineString", "coordinates": [[139.0213411, 36.4969996], [139.0212988, 36.4955739]]}}, {"type": "Feature", "properties": {"MTFCC": "track", "NAME": "", "OSM_ID": "way/197554329", "SOURCE": "OpenStreetMap", "highway": "track"}, "geometry": {"type": "LineString", "coordinates": [[139.0306349, 36.4985174], [139.0305044, 36.4984744], [139.0302079, 36.4983861], [139.0299673, 36.4983025], [139.0297347, 36.4981731], [139.02961, 36.498123], [139.029485, 36.498096], [139.029354, 36.498056], [139.029197, 36.498002], [139.029057, 36.497939], [139.028947, 36.497891], [139.02883, 36.49784], [139.028645, 36.497755], [139.02849, 36.497685], [139.02837, 36.497636], [139.02825, 36.497591], [139.02816, 36.497569], [139.028095, 36.497553], [139.027995, 36.497523], [139.02784, 36.497466], [139.027694, 36.497386], [139.027575, 36.497303], [139.027515, 36.497247], [139.027462, 36.497188], [139.027397, 36.497086], [139.027355, 36.497032], [139.027324, 36.497009], [139.027284, 36.497002], [139.02722, 36.497013], [139.0264545, 36.4973393], [139.0263111, 36.4971387], [139.0259379, 36.4966078], [139.025724, 36.496213], [139.025684, 36.496187], [139.0251251, 36.4959937]]}}, {"type": "Feature", "properties": {"MTFCC": "service", "NAME": "", "OSM_ID": "way/197554349", "SOURCE": "OpenStreetMap", "highway": "service"}, "geometry": {"type": "LineString", "coordinates": [[139.027989, 36.492568], [139.0278389, 36.4927355], [139.0277653, 36.4928207], [139.0276953, 36.4930276], [139.0275971, 36.4933913]]}}, {"type": "Feature", "properties": {"MTFCC": "residential", "NAME": "", "OSM_ID": "way/197554352", "SOURCE": "OpenStreetMap", "highway": "residential"}, "geometry": {"type": "LineString", "coordinates": [[139.02295, 36.5005019], [139.0229622, 36.5004453], [139.022958, 36.5003811], [139.0229067, 36.5001986], [139.0228688, 36.50007], [139.022859, 36.499958], [139.0228585, 36.4996884], [139.0228289, 36.4995437], [139.0227742, 36.4993023], [139.0227703, 36.4992125], [139.0228411, 36.4988524]]}}, {"type": "Feature", "properties": {"MTFCC": "unclassified", "NAME": "", "OSM_ID": "way/197554363", "SOURCE": "OpenStreetMap", "highway": "unclassified"}, "geometry": {"type": "LineString", "coordinates": [[139.0202298, 36.4940738], [139.0195148, 36.4940988], [139.0193492, 36.4941046], [139.0191445, 36.494102], [139.0189756, 36.494005]]}}, {"type": "Feature", "properties": {"MTFCC": "residential", "NAME": "", "OSM_ID": "way/197554398", "SOURCE": "OpenStreetMap", "highway": "residential"}, "geometry": {"type": "LineString", "coordinates": [[139.0251251, 36.4959937], [139.0247455, 36.4966124]]}}, {"type": "Feature", "properties": {"MTFCC": "unclassified", "NAME": "", "OSM_ID": "way/197554419", "SOURCE": "OpenStreetMap", "highway": "unclassified"}, "geometry": {"type": "LineString", "coordinates": [[139.0284063, 36.4961866], [139.0285569, 36.4946705], [139.0287798, 36.4943901]]}}, {"type": "Feature", "properties": {"MTFCC": "residential", "NAME": "", "OSM_ID": "way/197554423", "SOURCE": "OpenStreetMap", "highway": "residential"}, "geometry": {"type": "LineString", "coordinates": [[139.020301, 36.495608], [139.019291, 36.495653]]}}, {"type": "Feature", "properties": {"MTFCC": "unclassified", "NAME": "", "OSM_ID": "way/197554427", "SOURCE": "OpenStreetMap", "highway": "unclassified"}, "geometry": {"type": "LineString", "coordinates": [[139.0223318, 36.4939428], [139.0219812, 36.4939909], [139.021833, 36.4940124], [139.0214923, 36.493999], [139.0202298, 36.4940738]]}}, {"type": "Feature", "properties": {"MTFCC": "unclassified", "NAME": "", "OSM_ID": "way/197554433", "SOURCE": "OpenStreetMap", "highway": "unclassified"}, "geometry": {"type": "LineString", "coordinates": [[139.0283618, 36.4970046], [139.0275443, 36.496127]]}}, {"type": "Feature", "properties": {"MTFCC": "unclassified", "NAME": "", "OSM_ID": "way/197554436", "SOURCE": "OpenStreetMap", "highway": "unclassified"}, "geometry": {"type": "LineString", "coordinates": [[139.0275443, 36.496127], [139.0275002, 36.4960769], [139.0271544, 36.4956847], [139.0266223, 36.4953136]]}}, {"type": "Feature", "properties": {"MTFCC": "unclassified", "NAME": "", "OSM_ID": "way/197554438", "SOURCE": "OpenStreetMap", "highway": "unclassified"}, "geometry": {"type": "LineString", "coordinates": [[139.0266223, 36.4953136], [139.0261492, 36.4950797], [139.0258948, 36.4948945], [139.0254399, 36.4943047]]}}, {"type": "Feature", "properties": {"MTFCC": "unclassified", "NAME": "", "OSM_ID": "way/197554444", "SOURCE": "OpenStreetMap", "highway": "unclassified"}, "geometry": {"type": "LineString", "coordinates": [[139.0224986, 36.4955233], [139.0224897, 36.4952072], [139.022462, 36.494662], [139.0223679, 36.4940508], [139.0223318, 36.4939428]]}}, {"type": "Feature", "properties": {"MTFCC": "unclassified", "NAME": "", "OSM_ID": "way/197554512", "SOURCE": "OpenStreetMap", "highway": "unclassified"}, "geometry": {"type": "LineString", "coordinates": [[139.0247511, 36.4935742], [139.024371, 36.493575], [139.02403, 36.493491], [139.0239423, 36.4935184], [139.0237428, 36.4937689]]}}, {"type": "Feature", "properties": {"MTFCC": "unclassified", "NAME": "", "OSM_ID": "way/197554514", "SOURCE": "OpenStreetMap", "highway": "unclassified"}, "geometry": {"type": "LineString", "coordinates": [[139.0254399, 36.4943047], [139.025284, 36.494065], [139.025103, 36.493868], [139.0249796, 36.4937416], [139.0247511, 36.4935742]]}}, {"type": "Feature", "properties": {"MTFCC": "unclassified", "NAME": "", "OSM_ID": "way/197554520", "SOURCE": "OpenStreetMap", "highway": "unclassified"}, "geometry": {"type": "LineString", "coordinates": [[139.027989, 36.492568], [139.0276088, 36.4924444], [139.0272029, 36.4923587], [139.0269015, 36.4923204], [139.026523, 36.492336]]}}, {"type": "Feature", "properties": {"MTFCC": "unclassified", "NAME": "", "OSM_ID": "way/197554546", "SOURCE": "OpenStreetMap", "highway": "unclassified"}, "geometry": {"type": "LineString", "coordinates": [[139.0199738, 36.4926679], [139.0199966, 36.4931871], [139.0200084, 36.4934566], [139.020032, 36.4936346], [139.0202298, 36.4940738]]}}, {"type": "Feature", "properties": {"MTFCC": "residential", "NAME": "", "OSM_ID": "way/197554555", "SOURCE": "OpenStreetMap", "highway": "residential"}, "geometry": {"type": "LineString", "coordinates": [[139.0189756, 36.494005], [139.019291, 36.495653]]}}, {"type": "Feature", "properties": {"MTFCC": "unclassified", "NAME": "", "OSM_ID": "way/197554596", "SOURCE": "OpenStreetMap", "highway": "unclassified"}, "geometry": {"type": "LineString", "coordinates": [[139.0239889, 36.490946], [139.0240124, 36.4914182], [139.0240246, 36.4917238], [139.0240978, 36.4922445], [139.024178, 36.4926754], [139.0243363, 36.4929632], [139.0245747, 36.4932246], [139.0246808, 36.4934162], [139.0247511, 36.4935742]]}}, {"type": "Feature", "properties": {"MTFCC": "unclassified", "NAME": "", "OSM_ID": "way/197554598", "SOURCE": "OpenStreetMap", "highway": "unclassified"}, "geometry": {"type": "LineString", "coordinates": [[139.0247455, 36.4966124], [139.024594, 36.496532], [139.0243049, 36.4963471], [139.0242171, 36.4962358], [139.0242214, 36.496064], [139.0241063, 36.4955795]]}}, {"type": "Feature", "properties": {"MTFCC": "unclassified", "NAME": "", "OSM_ID": "way/197554600", "SOURCE": "OpenStreetMap", "highway": "unclassified"}, "geometry": {"type": "LineString", "coordinates": [[139.0241063, 36.4955795], [139.0241709, 36.4953971], [139.0242546, 36.4951982], [139.024295, 36.495152], [139.024399, 36.495062], [139.024543, 36.494965]]}}, {"type": "Feature", "properties": {"MTFCC": "unclassified", "NAME": "", "OSM_ID": "way/197554618", "SOURCE": "OpenStreetMap", "highway": "unclassified"}, "geometry": {"type": "LineString", "coordinates": [[139.0254399, 36.4943047], [139.0257657, 36.4941186], [139.0260124, 36.4940287], [139.0261733, 36.4940114], [139.0267844, 36.4940892], [139.027442, 36.4942874], [139.0276776, 36.4943684], [139.0285569, 36.4946705], [139.0290942, 36.4948438], [139.0294646, 36.4949386], [139.0295743, 36.4949667], [139.0300491, 36.4950594]]}}, {"type": "Feature", "properties": {"MTFCC": "service", "NAME": "", "OSM_ID": "way/197569786", "SOURCE": "OpenStreetMap", "highway": "service"}, "geometry": {"type": "LineString", "coordinates": [[139.0232647, 36.5086118], [139.0231947, 36.5086581], [139.0231518, 36.5087163], [139.0231276, 36.5088155], [139.0231343, 36.5088802], [139.0231422, 36.5089301], [139.0231351, 36.5089799], [139.0230619, 36.5090289], [139.0230277, 36.5090314], [139.0228939, 36.5090204], [139.0228395, 36.5090568], [139.0227892, 36.5091185], [139.0226954, 36.5094214], [139.0225174, 36.5097479], [139.0224182, 36.5101425], [139.0223395, 36.5102625], [139.0223011, 36.5103642]]}}, {"type": "Feature", "properties": {"MTFCC": "service", "NAME": "", "OSM_ID": "way/197569787", "SOURCE": "OpenStreetMap", "highway": "service"}, "geometry": {"type": "LineString", "coordinates": [[139.0200858, 36.5127158], [139.0200257, 36.5127633], [139.0199542, 36.512734], [139.0199184, 36.5126822], [139.0199193, 36.5125871], [139.019965, 36.5124557], [139.0200509, 36.5123584], [139.0201206, 36.5122795], [139.0206541, 36.5117017], [139.0208526, 36.5114529], [139.0212816, 36.5108047], [139.0216091, 36.5103483], [139.0219395, 36.5097596], [139.0221232, 36.50934], [139.022342, 36.50883], [139.02239, 36.50872], [139.022432, 36.50854], [139.02253, 36.508292], [139.02261, 36.508174], [139.022644, 36.508135], [139.022694, 36.508104], [139.022797, 36.508069], [139.02308, 36.507998], [139.0231194, 36.5079517], [139.0231913, 36.5078376], [139.0232358, 36.5075768], [139.0232735, 36.5075324], [139.0233862, 36.5075271]]}}, {"type": "Feature", "properties": {"MTFCC": "service", "NAME": "", "OSM_ID": "way/197569848", "SOURCE": "OpenStreetMap", "highway": "service"}, "geometry": {"type": "LineString", "coordinates": [[139.0214766, 36.513258], [139.021447, 36.513159], [139.021322, 36.5126631], [139.0213014, 36.5125469], [139.0213043, 36.5124371], [139.021324, 36.512162], [139.02135, 36.51188], [139.0214, 36.511666], [139.021519, 36.511593], [139.021692, 36.511571], [139.022077, 36.511571], [139.022412, 36.511588], [139.022482, 36.511588]]}}, {"type": "Feature", "properties": {"MTFCC": "residential", "NAME": "", "OSM_ID": "way/197569877", "SOURCE": "OpenStreetMap", "highway": "residential"}, "geometry": {"type": "LineString", "coordinates": [[139.027324, 36.510309], [139.027393, 36.51042], [139.027546, 36.510465], [139.02777, 36.5105], [139.027902, 36.51054], [139.028112, 36.510657], [139.028272, 36.510737], [139.028412, 36.51077], [139.028523, 36.510782], [139.028558, 36.510792], [139.028781, 36.510837], [139.029074, 36.510882], [139.029235, 36.510945], [139.029242, 36.51103], [139.029235, 36.511143]]}}, {"type": "Feature", "properties": {"MTFCC": "residential", "NAME": "", "OSM_ID": "way/197569895", "SOURCE": "OpenStreetMap", "highway": "residential"}, "geometry": {"type": "LineString", "coordinates": [[139.027338, 36.50899], [139.027603, 36.509047], [139.028, 36.509182], [139.028872, 36.509289], [139.029005, 36.509334], [139.029326, 36.509577], [139.029765, 36.509835], [139.029863, 36.50992], [139.030163, 36.51033], [139.030219, 36.510444], [139.030226, 36.510607], [139.030086, 36.510725], [139.029884, 36.510894], [139.029828, 36.51103], [139.029793, 36.511188], [139.029723, 36.51131], [139.029681, 36.511384]]}}, {"type": "Feature", "properties": {"MTFCC": "residential", "NAME": "", "OSM_ID": "way/197569904", "SOURCE": "OpenStreetMap", "highway": "residential"}, "geometry": {"type": "LineString", "coordinates": [[139.027324, 36.510309], [139.027205, 36.510292], [139.027038, 36.510235], [139.026989, 36.510179], [139.026905, 36.50997], [139.026842, 36.509875], [139.026668, 36.509722], [139.026605, 36.509684], [139.026507, 36.509592], [139.026446, 36.509517], [139.026438, 36.509452], [139.026444, 36.509374], [139.026528, 36.50926], [139.026675, 36.509149], [139.026941, 36.508995], [139.027021, 36.508962], [139.027205, 36.508962], [139.027338, 36.50899]]}}, {"type": "Feature", "properties": {"MTFCC": "unclassified", "NAME": "", "OSM_ID": "way/197569906", "SOURCE": "OpenStreetMap", "highway": "unclassified"}, "geometry": {"type": "LineString", "coordinates": [[139.0270482, 36.5026922], [139.0265903, 36.5026933], [139.0262173, 36.5026853], [139.0261687, 36.5026744], [139.0261428, 36.5026446], [139.0261365, 36.5025981], [139.0261553, 36.5018811], [139.0261753, 36.5018421], [139.0262106, 36.5018229], [139.026255, 36.501816], [139.0266044, 36.5018136]]}}, {"type": "Feature", "properties": {"MTFCC": "unclassified", "NAME": "", "OSM_ID": "way/197569980", "SOURCE": "OpenStreetMap", "highway": "unclassified"}, "geometry": {"type": "LineString", "coordinates": [[139.0283252, 36.5027102], [139.0291672, 36.5027156]]}}, {"type": "Feature", "properties": {"MTFCC": "unclassified", "NAME": "", "OSM_ID": "way/197569982", "SOURCE": "OpenStreetMap", "highway": "unclassified"}, "geometry": {"type": "LineString", "coordinates": [[139.0283417, 36.5017853], [139.0283363, 36.5020882], [139.0283308, 36.5023958], [139.0283252, 36.5027102]]}}, {"type": "Feature", "properties": {"MTFCC": "unclassified", "NAME": "", "OSM_ID": "way/197569984", "SOURCE": "OpenStreetMap", "highway": "unclassified"}, "geometry": {"type": "LineString", "coordinates": [[139.0283252, 36.5027102], [139.0283212, 36.5030251], [139.0283104, 36.5033349]]}}, {"type": "Feature", "properties": {"MTFCC": "residential", "NAME": "", "OSM_ID": "way/197570009", "SOURCE": "OpenStreetMap", "highway": "residential"}, "geometry": {"type": "LineString", "coordinates": [[139.027338, 36.50899], [139.027324, 36.510309]]}}, {"type": "Feature", "properties": {"MTFCC": "unclassified", "NAME": "", "OSM_ID": "way/197570041", "SOURCE": "OpenStreetMap", "highway": "unclassified"}, "geometry": {"type": "LineString", "coordinates": [[139.0283104, 36.5033349], [139.0283066, 36.503656]]}}, {"type": "Feature", "properties": {"MTFCC": "unclassified", "NAME": "", "OSM_ID": "way/197570042", "SOURCE": "OpenStreetMap", "highway": "unclassified"}, "geometry": {"type": "LineString", "coordinates": [[139.027036, 36.5036424], [139.0270394, 36.5033195], [139.0270426, 36.5030046]]}}, {"type": "Feature", "properties": {"MTFCC": "unclassified", "NAME": "", "OSM_ID": "way/197570055", "SOURCE": "OpenStreetMap", "highway": "unclassified"}, "geometry": {"type": "LineString", "coordinates": [[139.0270482, 36.5026922], [139.0283252, 36.5027102]]}}, {"type": "Feature", "properties": {"MTFCC": "residential", "NAME": "", "OSM_ID": "way/197570059", "SOURCE": "OpenStreetMap", "highway": "residential"}, "geometry": {"type": "LineString", "coordinates": [[139.0236647, 36.5102654], [139.02342, 36.5104], [139.0230548, 36.5106528]]}}, {"type": "Feature", "properties": {"MTFCC": "unclassified", "NAME": "", "OSM_ID": "way/197570076", "SOURCE": "OpenStreetMap", "highway": "unclassified"}, "geometry": {"type": "LineString", "coordinates": [[139.027036, 36.5036424], [139.0270278, 36.5039698], [139.0270205, 36.50426]]}}, {"type": "Feature", "properties": {"MTFCC": "unclassified", "NAME": "", "OSM_ID": "way/197570089", "SOURCE": "OpenStreetMap", "highway": "unclassified"}, "geometry": {"type": "LineString", "coordinates": [[139.027589, 36.51157], [139.027504, 36.511543], [139.027453, 36.511499], [139.02742, 36.511458], [139.027424, 36.5114], [139.027463, 36.511358], [139.027526, 36.511323], [139.027618, 36.51131], [139.027721, 36.5113], [139.027785, 36.511289], [139.027807, 36.511262], [139.027817, 36.51122], [139.027791, 36.51118], [139.027719, 36.511127], [139.027634, 36.511083], [139.027524, 36.511025], [139.027465, 36.510995], [139.02742, 36.510952], [139.027428, 36.510919], [139.027467, 36.510887], [139.027526, 36.51088], [139.027638, 36.510884]]}}, {"type": "Feature", "properties": {"MTFCC": "unclassified", "NAME": "", "OSM_ID": "way/197570090", "SOURCE": "OpenStreetMap", "highway": "unclassified"}, "geometry": {"type": "LineString", "coordinates": [[139.027589, 36.51157], [139.027846, 36.511616], [139.028, 36.511661], [139.028168, 36.511739], [139.0283, 36.511863], [139.028342, 36.511942], [139.028342, 36.512145], [139.028188, 36.512584], [139.028202, 36.512725], [139.028251, 36.512854], [139.028544, 36.513412], [139.028614, 36.513677], [139.028705, 36.514223], [139.028754, 36.514387], [139.028767, 36.514484], [139.028767, 36.514541], [139.028765, 36.51458], [139.028752, 36.514608], [139.028733, 36.514622], [139.028707, 36.514626], [139.028684, 36.514626], [139.0283022, 36.51467]]}}, {"type": "Feature", "properties": {"MTFCC": "residential", "NAME": "", "OSM_ID": "way/197570094", "SOURCE": "OpenStreetMap", "highway": "residential"}, "geometry": {"type": "LineString", "coordinates": [[139.025304, 36.50651], [139.025505, 36.506657], [139.0258, 36.506866], [139.025952, 36.506962], [139.026072, 36.507044], [139.026195, 36.507116], [139.026332, 36.507188], [139.026493, 36.507256], [139.026975, 36.507403], [139.027484, 36.507559], [139.028314, 36.50779], [139.028726, 36.50792], [139.029077, 36.508036], [139.029396, 36.508166], [139.0303099, 36.5083662], [139.0309122, 36.5086202], [139.031506, 36.5088124], [139.0314002, 36.5092432]]}}, {"type": "Feature", "properties": {"MTFCC": "service", "NAME": "", "OSM_ID": "way/197570142", "SOURCE": "OpenStreetMap", "highway": "service"}, "geometry": {"type": "LineString", "coordinates": [[139.022482, 36.511588], [139.022439, 36.51152], [139.02232, 36.511435]]}}, {"type": "Feature", "properties": {"MTFCC": "unclassified", "NAME": "", "OSM_ID": "way/197570152", "SOURCE": "OpenStreetMap", "highway": "unclassified"}, "geometry": {"type": "LineString", "coordinates": [[139.0270426, 36.5030046], [139.0270482, 36.5026922]]}}, {"type": "Feature", "properties": {"MTFCC": "service", "NAME": "", "OSM_ID": "way/197570171", "SOURCE": "OpenStreetMap", "highway": "service"}, "geometry": {"type": "LineString", "coordinates": [[139.0230548, 36.5106528], [139.0236592, 36.5112808]]}}, {"type": "Feature", "properties": {"MTFCC": "residential", "NAME": "", "OSM_ID": "way/197570182", "SOURCE": "OpenStreetMap", "highway": "residential", "surface": "asphalt"}, "geometry": {"type": "LineString", "coordinates": [[139.024289, 36.5119336], [139.0248842, 36.5116183]]}}, {"type": "Feature", "properties": {"MTFCC": "unclassified", "NAME": "", "OSM_ID": "way/197570183", "SOURCE": "OpenStreetMap", "highway": "unclassified"}, "geometry": {"type": "LineString", "coordinates": [[139.0305204, 36.5072503], [139.0303264, 36.5072505], [139.030166, 36.5072106], [139.0298939, 36.5070983], [139.02964, 36.5069514], [139.0294831, 36.5068479], [139.0291933, 36.5066121], [139.0288989, 36.5064726], [139.0287884, 36.5064387], [139.028551, 36.5063839], [139.0284456, 36.5063853], [139.0283426, 36.5064011], [139.0281105, 36.5064226], [139.0279046, 36.5064123], [139.0275424, 36.5063406], [139.0274761, 36.5063166], [139.0274483, 36.5062844], [139.0274023, 36.5059522], [139.0274077, 36.5059022], [139.0274626, 36.5058541], [139.0279248, 36.5057533], [139.0290533, 36.5058561], [139.0293788, 36.5059521], [139.0294967, 36.5060208], [139.0296228, 36.506191], [139.0306691, 36.5065991], [139.0307118, 36.5066361], [139.0305204, 36.5072503], [139.0311458, 36.5073889], [139.0312292, 36.507396], [139.0313148, 36.5073872], [139.0313822, 36.5073988], [139.0314628, 36.5074331], [139.0315192, 36.5074716], [139.0315779, 36.5075303], [139.0316534, 36.5075652]]}}, {"type": "Feature", "properties": {"MTFCC": "service", "NAME": "", "OSM_ID": "way/197570191", "SOURCE": "OpenStreetMap", "highway": "service", "surface": "asphalt"}, "geometry": {"type": "LineString", "coordinates": [[139.02232, 36.511435], [139.022614, 36.511114], [139.0230231, 36.5107182], [139.0230548, 36.5106528]]}}, {"type": "Feature", "properties": {"MTFCC": "service", "NAME": "", "OSM_ID": "way/197570273", "SOURCE": "OpenStreetMap", "highway": "service"}, "geometry": {"type": "LineString", "coordinates": [[139.0223011, 36.5103642], [139.0226535, 36.5104818], [139.0229472, 36.5105959], [139.0230548, 36.5106528]]}}, {"type": "Feature", "properties": {"MTFCC": "service", "NAME": "", "OSM_ID": "way/197570276", "SOURCE": "OpenStreetMap", "highway": "service"}, "geometry": {"type": "LineString", "coordinates": [[139.022482, 36.511588], [139.022517, 36.511655], [139.0226067, 36.5120058], [139.0226176, 36.5121768], [139.02262, 36.512308]]}}, {"type": "Feature", "properties": {"MTFCC": "unclassified", "NAME": "", "OSM_ID": "way/197570282", "SOURCE": "OpenStreetMap", "highway": "unclassified"}, "geometry": {"type": "LineString", "coordinates": [[139.0270205, 36.50426], [139.02823, 36.5042758], [139.0282574, 36.5042729], [139.0282881, 36.5042558], [139.0282948, 36.5042343], [139.0282999, 36.5039835], [139.0283066, 36.503656]]}}, {"type": "Feature", "properties": {"MTFCC": "tertiary", "NAME": "", "OSM_ID": "way/197570284", "SOURCE": "OpenStreetMap", "highway": "tertiary", "surface": "asphalt"}, "geometry": {"type": "LineString", "coordinates": [[139.0305882, 36.5041321], [139.0304739, 36.5041567], [139.0303873, 36.5041635], [139.0302766, 36.5041455], [139.0301625, 36.5041098], [139.0294647, 36.5038913], [139.0290663, 36.5037671], [139.0289059, 36.5037286], [139.0287181, 36.5036886], [139.0285501, 36.503672], [139.0283066, 36.503656], [139.0279082, 36.5036531], [139.0274509, 36.5036496], [139.027036, 36.5036424], [139.0265712, 36.5036374], [139.0261251, 36.5036356]]}}, {"type": "Feature", "properties": {"MTFCC": "service", "NAME": "", "OSM_ID": "way/197570308", "SOURCE": "OpenStreetMap", "highway": "service"}, "geometry": {"type": "LineString", "coordinates": [[139.0236592, 36.5112808], [139.0237848, 36.511411], [139.024289, 36.5119336]]}}, {"type": "Feature", "properties": {"MTFCC": "service", "NAME": "", "OSM_ID": "way/197570358", "SOURCE": "OpenStreetMap", "highway": "service"}, "geometry": {"type": "LineString", "coordinates": [[139.0258236, 36.513747], [139.025182, 36.512967], [139.024289, 36.5119336]]}}, {"type": "Feature", "properties": {"MTFCC": "residential", "NAME": "", "OSM_ID": "way/197570366", "SOURCE": "OpenStreetMap", "highway": "residential"}, "geometry": {"type": "LineString", "coordinates": [[139.023437, 36.512691], [139.023715, 36.512275], [139.0238, 36.512179], [139.02389, 36.512106], [139.024289, 36.5119336]]}}, {"type": "Feature", "properties": {"MTFCC": "service", "NAME": "", "OSM_ID": "way/197570406", "SOURCE": "OpenStreetMap", "highway": "service"}, "geometry": {"type": "LineString", "coordinates": [[139.02232, 36.511435], [139.0222287, 36.5114145], [139.0221509, 36.5113514], [139.022105, 36.511302], [139.02209, 36.511244], [139.0221998, 36.510892], [139.0222127, 36.5107511], [139.0222477, 36.5105834], [139.0223011, 36.5103642]]}}, {"type": "Feature", "properties": {"MTFCC": "unclassified", "NAME": "", "OSM_ID": "way/197570427", "SOURCE": "OpenStreetMap", "highway": "unclassified"}, "geometry": {"type": "LineString", "coordinates": [[139.0270205, 36.50426], [139.0265626, 36.5042515], [139.0261187, 36.5042433], [139.0261251, 36.5036356]]}}, {"type": "Feature", "properties": {"MTFCC": "service", "NAME": "", "OSM_ID": "way/197570437", "SOURCE": "OpenStreetMap", "highway": "service"}, "geometry": {"type": "LineString", "coordinates": [[139.02262, 36.512308], [139.022677, 36.5122925], [139.0227145, 36.5122593], [139.0228771, 36.5120313], [139.02313, 36.511627], [139.0231979, 36.5115693], [139.0232961, 36.5115019], [139.0236592, 36.5112808]]}}, {"type": "Feature", "properties": {"MTFCC": "unclassified", "NAME": "", "OSM_ID": "way/197570468", "SOURCE": "OpenStreetMap", "highway": "unclassified"}, "geometry": {"type": "LineString", "coordinates": [[139.0270702, 36.5014596], [139.0270647, 36.5017668], [139.0270594, 36.5020634], [139.027054, 36.5023697], [139.0270482, 36.5026922]]}}, {"type": "Feature", "properties": {"MTFCC": "unclassified", "NAME": "", "OSM_ID": "way/197570480", "SOURCE": "OpenStreetMap", "highway": "unclassified"}, "geometry": {"type": "LineString", "coordinates": [[139.0270647, 36.5017668], [139.0283417, 36.5017853], [139.0290867, 36.5017894], [139.0291333, 36.5017921], [139.029164, 36.501824], [139.0292046, 36.5018624], [139.029213, 36.5018958], [139.0292183, 36.5020986], [139.0292086, 36.5022595], [139.0292028, 36.5023161], [139.029172, 36.502406], [139.0291572, 36.502488], [139.0291672, 36.5027156]]}}, {"type": "Feature", "properties": {"MTFCC": "unclassified", "NAME": "", "OSM_ID": "way/197570502", "SOURCE": "OpenStreetMap", "highway": "unclassified"}, "geometry": {"type": "LineString", "coordinates": [[139.029235, 36.511143], [139.029123, 36.51113], [139.029095, 36.51112], [139.028803, 36.511092], [139.028391, 36.51108], [139.028272, 36.511064], [139.028007, 36.511007], [139.027638, 36.510884]]}}, {"type": "Feature", "properties": {"MTFCC": "unclassified", "NAME": "", "OSM_ID": "way/197570503", "SOURCE": "OpenStreetMap", "highway": "unclassified"}, "geometry": {"type": "LineString", "coordinates": [[139.0270702, 36.5014596], [139.0272687, 36.5014948], [139.0277223, 36.5015034], [139.0279232, 36.5014599], [139.0282956, 36.5014535], [139.0283244, 36.5014608], [139.0283413, 36.5014826], [139.0283452, 36.5015046], [139.0283417, 36.5017853]]}}, {"type": "Feature", "properties": {"MTFCC": "service", "NAME": "", "OSM_ID": "way/197570520", "SOURCE": "OpenStreetMap", "highway": "service", "surface": "asphalt"}, "geometry": {"type": "LineString", "coordinates": [[139.025381, 36.5121698], [139.025565, 36.512162], [139.0258544, 36.5123281], [139.0261059, 36.5124853], [139.0262585, 36.5126038], [139.026507, 36.5128489], [139.0269939, 36.5133028]]}}, {"type": "Feature", "properties": {"MTFCC": "unclassified", "NAME": "", "OSM_ID": "way/197618013", "SOURCE": "OpenStreetMap", "highway": "unclassified"}, "geometry": {"type": "LineString", "coordinates": [[139.0205399, 36.4993688], [139.020392, 36.499448], [139.0201786, 36.4995723], [139.0199694, 36.4996237], [139.0198676, 36.4996374], [139.0197689, 36.499634], [139.0196918, 36.4996118], [139.0195089, 36.4994888], [139.0194614, 36.4995057], [139.0187418, 36.499927], [139.0186403, 36.4999626]]}}, {"type": "Feature", "properties": {"MTFCC": "unclassified", "NAME": "", "OSM_ID": "way/197618014", "SOURCE": "OpenStreetMap", "highway": "unclassified"}, "geometry": {"type": "LineString", "coordinates": [[139.0224752, 36.5008205], [139.0225674, 36.5007871], [139.0227251, 36.5006554], [139.022895, 36.5005324], [139.0229269, 36.5005187], [139.02295, 36.5005019]]}}, {"type": "Feature", "properties": {"MTFCC": "unclassified", "NAME": "", "OSM_ID": "way/197618015", "SOURCE": "OpenStreetMap", "highway": "unclassified", "surface": "asphalt"}, "geometry": {"type": "LineString", "coordinates": [[139.0213872, 36.5009292], [139.0214276, 36.5007449], [139.021424, 36.500607], [139.0212973, 36.5003641], [139.0209186, 36.499871], [139.0205399, 36.4993688], [139.0200174, 36.4986577], [139.0197489, 36.4983111], [139.0194661, 36.4979375], [139.0188511, 36.4978108], [139.0186481, 36.4977891], [139.0180018, 36.4977407], [139.017267, 36.4977154]]}}, {"type": "Feature", "properties": {"MTFCC": "unclassified", "NAME": "", "OSM_ID": "way/197618018", "SOURCE": "OpenStreetMap", "highway": "unclassified", "bridge": "yes", "layer": "1"}, "geometry": {"type": "LineString", "coordinates": [[139.0222603, 36.5008532], [139.0224752, 36.5008205]]}}, {"type": "Feature", "properties": {"MTFCC": "unclassified", "NAME": "", "OSM_ID": "way/197618020", "SOURCE": "OpenStreetMap", "highway": "unclassified"}, "geometry": {"type": "LineString", "coordinates": [[139.0172236, 36.4967808], [139.017206, 36.4968515], [139.0171906, 36.496938], [139.0172036, 36.497136], [139.0172254, 36.4972392], [139.0172199, 36.4972761], [139.0171437, 36.4973488], [139.0171411, 36.497434], [139.0171631, 36.4975211], [139.017267, 36.4977154], [139.0173032, 36.4981001], [139.0173223, 36.4981586], [139.017362, 36.4982437], [139.0174699, 36.4984568], [139.0175142, 36.4985451], [139.0175744, 36.4986241], [139.017859, 36.4989429], [139.018162, 36.4993551], [139.0186403, 36.4999626], [139.0189452, 36.500257], [139.0192912, 36.5005445], [139.0193841, 36.5006455], [139.0194699, 36.5007002], [139.0196634, 36.5007664], [139.0198476, 36.5008426], [139.0199758, 36.5009098], [139.0201146, 36.5010006], [139.0202394, 36.5010474], [139.0203563, 36.5010851], [139.0204879, 36.5010892], [139.020612, 36.50108], [139.0208276, 36.5010493], [139.0211601, 36.5009584], [139.0213872, 36.5009292], [139.0222603, 36.5008532]]}}, {"type": "Feature", "properties": {"MTFCC": "unclassified", "NAME": "", "OSM_ID": "way/197618024", "SOURCE": "OpenStreetMap", "highway": "unclassified"}, "geometry": {"type": "LineString", "coordinates": [[139.0197489, 36.4983111], [139.0193977, 36.4985362], [139.0193251, 36.4985827], [139.0191599, 36.498663], [139.0188732, 36.4986873], [139.0187679, 36.4987017], [139.017859, 36.4989429]]}}, {"type": "Feature", "properties": {"MTFCC": "unclassified", "NAME": "", "OSM_ID": "way/197618028", "SOURCE": "OpenStreetMap", "highway": "unclassified"}, "geometry": {"type": "LineString", "coordinates": [[139.0209186, 36.499871], [139.0206843, 36.4999603], [139.0205066, 36.50003], [139.02052, 36.5002595], [139.0204795, 36.5004957], [139.020322, 36.500937], [139.0202394, 36.5010474]]}}, {"type": "Feature", "properties": {"MTFCC": "unclassified", "NAME": "", "OSM_ID": "way/197835177", "SOURCE": "OpenStreetMap", "highway": "unclassified", "surface": "asphalt"}, "geometry": {"type": "LineString", "coordinates": [[139.0022129, 36.5084177], [139.0029891, 36.5075628], [139.0035383, 36.5069073], [139.0036341, 36.5064647], [139.0036878, 36.5063687], [139.0037456, 36.5062738], [139.0038667, 36.5060798]]}}, {"type": "Feature", "properties": {"MTFCC": "residential", "NAME": "", "OSM_ID": "way/197835184", "SOURCE": "OpenStreetMap", "highway": "residential", "surface": "asphalt"}, "geometry": {"type": "LineString", "coordinates": [[139.0012827, 36.507876], [139.0013093, 36.5078375], [139.0013554, 36.5077976], [139.0017619, 36.5075609], [139.0018585, 36.5074847], [139.0019298, 36.5074022], [139.0023023, 36.5066512], [139.0025138, 36.5061974], [139.0025992, 36.5060684], [139.0027415, 36.5058144]]}}, {"type": "Feature", "properties": {"MTFCC": "service", "NAME": "", "OSM_ID": "way/197835198", "SOURCE": "OpenStreetMap", "highway": "service", "bridge": "yes", "layer": "1"}, "geometry": {"type": "LineString", "coordinates": [[139.0033809, 36.504528], [139.0034565, 36.5045549]]}}, {"type": "Feature", "properties": {"MTFCC": "unclassified", "NAME": "", "OSM_ID": "way/197835209", "SOURCE": "OpenStreetMap", "highway": "unclassified", "surface": "asphalt"}, "geometry": {"type": "LineString", "coordinates": [[139.0005601, 36.4959296], [139.0006231, 36.4963743], [139.0006411, 36.4965804], [139.0006587, 36.4968196], [139.000689, 36.4972312], [139.0007224, 36.4976562], [139.0007738, 36.4981339], [139.000837, 36.4985856], [139.0008653, 36.4990122], [139.0009069, 36.4998456], [139.000958, 36.5001223], [139.0014259, 36.5000989], [139.0014744, 36.5000812], [139.001545, 36.5000554], [139.0017333, 36.5000264], [139.0019504, 36.5000215], [139.0020695, 36.5000245], [139.0023568, 36.5001068], [139.0025558, 36.500135], [139.002897, 36.5001211], [139.00384, 36.500086], [139.0039977, 36.5000859]]}}, {"type": "Feature", "properties": {"MTFCC": "tertiary", "NAME": "", "OSM_ID": "way/197835214", "SOURCE": "OpenStreetMap", "highway": "tertiary", "surface": "asphalt", "lanes": "2"}, "geometry": {"type": "LineString", "coordinates": [[139.0034342, 36.5021301], [139.0040436, 36.5020881], [139.0041188, 36.502083]]}}, {"type": "Feature", "properties": {"MTFCC": "unclassified", "NAME": "", "OSM_ID": "way/197835221", "SOURCE": "OpenStreetMap", "highway": "unclassified", "surface": "asphalt"}, "geometry": {"type": "LineString", "coordinates": [[139.0028625, 36.5058399], [139.0038667, 36.5060798], [139.0040372, 36.5061161], [139.0042284, 36.5061284], [139.0043435, 36.5061216], [139.0045376, 36.506096]]}}, {"type": "Feature", "properties": {"MTFCC": "residential", "NAME": "", "OSM_ID": "way/197835226", "SOURCE": "OpenStreetMap", "highway": "residential"}, "geometry": {"type": "LineString", "coordinates": [[139.0022318, 36.4963889], [139.0022429, 36.4967817], [139.0022544, 36.4972099]]}}, {"type": "Feature", "properties": {"MTFCC": "unclassified", "NAME": "", "OSM_ID": "way/197835229", "SOURCE": "OpenStreetMap", "highway": "unclassified", "surface": "asphalt"}, "geometry": {"type": "LineString", "coordinates": [[139.0038932, 36.4988074], [139.0036971, 36.4987987], [139.0031029, 36.4983654]]}}, {"type": "Feature", "properties": {"MTFCC": "unclassified", "NAME": "", "OSM_ID": "way/197835236", "SOURCE": "OpenStreetMap", "highway": "unclassified", "surface": "asphalt"}, "geometry": {"type": "LineString", "coordinates": [[139.0027772, 36.5058202], [139.0027415, 36.5058144], [139.0022003, 36.5056655], [139.0021344, 36.5056405], [139.0017546, 36.5055219], [139.0015808, 36.5054861], [139.0013, 36.5054483], [139.0006505, 36.505386], [139.0004614, 36.5053634], [139.000303, 36.5053375], [139.0002226, 36.5053141], [139.0001118, 36.5052654], [138.9999866, 36.5052089], [138.9998298, 36.5051287], [138.9997266, 36.5050679], [138.9996746, 36.5050496], [138.999589, 36.5050367], [138.9991785, 36.5050333], [138.9987139, 36.5050048], [138.9980889, 36.5049431], [138.9980314, 36.5049451], [138.9977887, 36.5049412], [138.9973198, 36.5050077], [138.9971284, 36.5050402], [138.9970415, 36.5050479], [138.9969084, 36.5050415], [138.9966212, 36.5050219], [138.9964436, 36.5049934], [138.9963888, 36.5049893], [138.9963208, 36.5049957], [138.9962549, 36.5050087], [138.9962025, 36.505019], [138.9961066, 36.5050337], [138.9960031, 36.5050356], [138.9959349, 36.5050262], [138.9958689, 36.5050046], [138.9958283, 36.5049862], [138.9957745, 36.5049608], [138.9956952, 36.5049191], [138.9956269, 36.5048721], [138.995581, 36.5048312], [138.9954597, 36.5046904], [138.9954061, 36.5046304], [138.9953558, 36.5045889], [138.9950458, 36.5044478], [138.9949955, 36.5044152]]}}, {"type": "Feature", "properties": {"MTFCC": "unclassified", "NAME": "", "OSM_ID": "way/197835245", "SOURCE": "OpenStreetMap", "highway": "unclassified", "surface": "asphalt"}, "geometry": {"type": "LineString", "coordinates": [[139.0030264, 36.4962938], [139.0026237, 36.4963983], [139.0022318, 36.4963889], [139.0019164, 36.49635], [139.0015771, 36.4963313], [139.0015431, 36.4963305], [139.0010761, 36.4963708], [139.0006231, 36.4963743]]}}, {"type": "Feature", "properties": {"MTFCC": "unclassified", "NAME": "", "OSM_ID": "way/197835247", "SOURCE": "OpenStreetMap", "highway": "unclassified", "surface": "asphalt"}, "geometry": {"type": "LineString", "coordinates": [[139.0019504, 36.5000215], [139.0021646, 36.4987393], [139.0022082, 36.4982334]]}}, {"type": "Feature", "properties": {"MTFCC": "unclassified", "NAME": "", "OSM_ID": "way/197835251", "SOURCE": "OpenStreetMap", "highway": "unclassified"}, "geometry": {"type": "LineString", "coordinates": [[139.0030353, 36.501229], [139.0025683, 36.5012342], [139.0022356, 36.5012074], [139.0016559, 36.5011557], [139.0014933, 36.5011412], [139.0014598, 36.5011384], [139.0014271, 36.5011392], [139.0007117, 36.5011569]]}}, {"type": "Feature", "properties": {"MTFCC": "unclassified", "NAME": "", "OSM_ID": "way/197835255", "SOURCE": "OpenStreetMap", "highway": "unclassified", "surface": "asphalt"}, "geometry": {"type": "LineString", "coordinates": [[139.004065, 36.5012925], [139.003861, 36.501325], [139.003771, 36.501314], [139.0030353, 36.501229]]}}, {"type": "Feature", "properties": {"MTFCC": "unclassified", "NAME": "", "OSM_ID": "way/197835258", "SOURCE": "OpenStreetMap", "highway": "unclassified", "surface": "asphalt"}, "geometry": {"type": "LineString", "coordinates": [[139.0034737, 36.5037288], [139.0034961, 36.5034471], [139.003498, 36.5030382], [139.0034569, 36.5025485], [139.003428, 36.502205], [139.0034342, 36.5021301]]}}, {"type": "Feature", "properties": {"MTFCC": "service", "NAME": "", "OSM_ID": "way/197835272", "SOURCE": "OpenStreetMap", "highway": "service", "surface": "asphalt"}, "geometry": {"type": "LineString", "coordinates": [[139.0021646, 36.4987393], [139.0030246, 36.4987962]]}}, {"type": "Feature", "properties": {"MTFCC": "residential", "NAME": "", "OSM_ID": "way/197835276", "SOURCE": "OpenStreetMap", "highway": "residential"}, "geometry": {"type": "LineString", "coordinates": [[139.0037012, 36.5037535], [139.0036622, 36.5037275], [139.0034737, 36.5037288], [139.0026984, 36.5036585], [139.0018359, 36.5035602], [139.0012913, 36.5034862]]}}, {"type": "Feature", "properties": {"MTFCC": "residential", "NAME": "", "OSM_ID": "way/197835284", "SOURCE": "OpenStreetMap", "highway": "residential"}, "geometry": {"type": "LineString", "coordinates": [[139.0037475, 36.4975561], [139.0035299, 36.4975495], [139.0034046, 36.4974886], [139.0031937, 36.4973993], [139.0030539, 36.4973401], [139.00269, 36.4972289], [139.0022544, 36.4972099], [139.0017625, 36.4972166], [139.0009194, 36.4972281], [139.000689, 36.4972312]]}}, {"type": "Feature", "properties": {"MTFCC": "residential", "NAME": "", "OSM_ID": "way/197835298", "SOURCE": "OpenStreetMap", "highway": "residential", "surface": "asphalt"}, "geometry": {"type": "LineString", "coordinates": [[139.0038667, 36.5060798], [139.0038917, 36.5059671], [139.0038893, 36.5058568], [139.0038733, 36.5057523], [139.0037771, 36.5054324], [139.0036783, 36.5052096], [139.0036197, 36.5051418], [139.0035302, 36.5049231], [139.0034772, 36.5047473], [139.0034732, 36.5047135]]}}, {"type": "Feature", "properties": {"MTFCC": "residential", "NAME": "", "OSM_ID": "way/197835308", "SOURCE": "OpenStreetMap", "highway": "residential"}, "geometry": {"type": "LineString", "coordinates": [[139.0042517, 36.5032522], [139.0041987, 36.5032539], [139.0041701, 36.5032566], [139.0041443, 36.503266], [139.0041226, 36.5032854], [139.0041128, 36.5032941], [139.0040941, 36.5033154], [139.0037012, 36.5037535], [139.0033633, 36.5041248], [139.0030595, 36.5044274], [139.0029553, 36.5045606], [139.0026998, 36.504887], [139.0025387, 36.5050929], [139.0021344, 36.5056405]]}}, {"type": "Feature", "properties": {"MTFCC": "unclassified", "NAME": "", "OSM_ID": "way/197835313", "SOURCE": "OpenStreetMap", "highway": "unclassified", "surface": "asphalt"}, "geometry": {"type": "LineString", "coordinates": [[139.004859, 36.5068961], [139.0044852, 36.5069421], [139.0042388, 36.5069847], [139.0041187, 36.5069954], [139.0037038, 36.5069192], [139.0035383, 36.5069073], [139.0031038, 36.5069169], [139.0029539, 36.5069058], [139.0027712, 36.50685], [139.0023023, 36.5066512]]}}, {"type": "Feature", "properties": {"MTFCC": "residential", "NAME": "", "OSM_ID": "way/197835916", "SOURCE": "OpenStreetMap", "highway": "residential", "surface": "asphalt"}, "geometry": {"type": "LineString", "coordinates": [[139.0050928, 36.4959294], [139.005128, 36.496664], [139.0051095, 36.4972406], [139.0050768, 36.4976123], [139.0050368, 36.4980806], [139.0049559, 36.4988381], [139.0048956, 36.4996246], [139.0048609, 36.5000782], [139.0047069, 36.5007174], [139.0046376, 36.5008833], [139.0042721, 36.5012834], [139.004065, 36.5012925]]}}, {"type": "Feature", "properties": {"MTFCC": "unclassified", "NAME": "", "OSM_ID": "way/197835917", "SOURCE": "OpenStreetMap", "highway": "unclassified"}, "geometry": {"type": "LineString", "coordinates": [[139.004461, 36.49554], [139.0044981, 36.4959963]]}}, {"type": "Feature", "properties": {"MTFCC": "unclassified", "NAME": "", "OSM_ID": "way/197835918", "SOURCE": "OpenStreetMap", "highway": "unclassified"}, "geometry": {"type": "LineString", "coordinates": [[139.0056005, 36.4976344], [139.0050768, 36.4976123], [139.0037475, 36.4975561]]}}, {"type": "Feature", "properties": {"MTFCC": "tertiary", "NAME": "", "OSM_ID": "way/197835919", "SOURCE": "OpenStreetMap", "highway": "tertiary", "surface": "asphalt"}, "geometry": {"type": "LineString", "coordinates": [[139.0053186, 36.5000686], [139.0048609, 36.5000782], [139.004377, 36.5000842], [139.0039977, 36.5000859]]}}, {"type": "Feature", "properties": {"MTFCC": "residential", "NAME": "", "OSM_ID": "way/197835920", "SOURCE": "OpenStreetMap", "highway": "residential"}, "geometry": {"type": "LineString", "coordinates": [[139.0038932, 36.4988074], [139.0042343, 36.4988173], [139.0045326, 36.4988259], [139.0049559, 36.4988381], [139.0054633, 36.4988528]]}}, {"type": "Feature", "properties": {"MTFCC": "unclassified", "NAME": "", "OSM_ID": "way/197835921", "SOURCE": "OpenStreetMap", "highway": "unclassified"}, "geometry": {"type": "LineString", "coordinates": [[139.005525, 36.4958738], [139.0050928, 36.4959294], [139.0048228, 36.4959583], [139.0046915, 36.4959763], [139.0044981, 36.4959963], [139.0043311, 36.4959963], [139.0040041, 36.4959673], [139.0038841, 36.4959743]]}}, {"type": "Feature", "properties": {"MTFCC": "unclassified", "NAME": "", "OSM_ID": "way/197835938", "SOURCE": "OpenStreetMap", "highway": "unclassified", "surface": "asphalt"}, "geometry": {"type": "LineString", "coordinates": [[139.0070018, 36.4952759], [139.0070575, 36.4956264], [139.0070687, 36.4956968], [139.0071191, 36.4959814], [139.0071583, 36.4960908], [139.0071588, 36.496216], [139.0073233, 36.4969158]]}}, {"type": "Feature", "properties": {"MTFCC": "unclassified", "NAME": "", "OSM_ID": "way/197835939", "SOURCE": "OpenStreetMap", "highway": "unclassified"}, "geometry": {"type": "LineString", "coordinates": [[139.0092646, 36.4978757], [139.0093151, 36.4978332], [139.009349, 36.4978025], [139.009404, 36.4977246]]}}, {"type": "Feature", "properties": {"MTFCC": "unclassified", "NAME": "", "OSM_ID": "way/197835940", "SOURCE": "OpenStreetMap", "highway": "unclassified"}, "geometry": {"type": "LineString", "coordinates": [[139.0085868, 36.497831], [139.0085504, 36.4975186], [139.0084853, 36.4971537]]}}, {"type": "Feature", "properties": {"MTFCC": "unclassified", "NAME": "", "OSM_ID": "way/197835941", "SOURCE": "OpenStreetMap", "highway": "unclassified", "surface": "asphalt"}, "geometry": {"type": "LineString", "coordinates": [[139.0060663, 36.4976651], [139.0060894, 36.4973201], [139.0060424, 36.4966323], [139.0059532, 36.4958203]]}}, {"type": "Feature", "properties": {"MTFCC": "unclassified", "NAME": "", "OSM_ID": "way/197835942", "SOURCE": "OpenStreetMap", "highway": "unclassified", "surface": "asphalt"}, "geometry": {"type": "LineString", "coordinates": [[139.0065835, 36.496593], [139.0060424, 36.4966323], [139.00558, 36.4966384]]}}, {"type": "Feature", "properties": {"MTFCC": "unclassified", "NAME": "", "OSM_ID": "way/197835943", "SOURCE": "OpenStreetMap", "highway": "unclassified", "surface": "asphalt"}, "geometry": {"type": "LineString", "coordinates": [[139.0070687, 36.4956968], [139.0064692, 36.495779], [139.0059532, 36.4958203], [139.005525, 36.4958738]]}}, {"type": "Feature", "properties": {"MTFCC": "unclassified", "NAME": "", "OSM_ID": "way/197835944", "SOURCE": "OpenStreetMap", "highway": "unclassified", "surface": "asphalt"}, "geometry": {"type": "LineString", "coordinates": [[139.0086049, 36.4950882], [139.0086463, 36.4953268], [139.0086522, 36.4954344], [139.0086744, 36.4958372], [139.0086665, 36.4958572], [139.0085965, 36.4960346], [139.0085829, 36.4960861], [139.0085587, 36.4963692], [139.008498, 36.4970213], [139.0084853, 36.4971537]]}}, {"type": "Feature", "properties": {"MTFCC": "unclassified", "NAME": "", "OSM_ID": "way/197835945", "SOURCE": "OpenStreetMap", "highway": "unclassified", "surface": "asphalt"}, "geometry": {"type": "LineString", "coordinates": [[139.0071588, 36.496216], [139.0065423, 36.4962661], [139.0065835, 36.496593], [139.0066224, 36.4969442], [139.0066047, 36.4973516], [139.006587, 36.4976994]]}}, {"type": "Feature", "properties": {"MTFCC": "unclassified", "NAME": "", "OSM_ID": "way/197835946", "SOURCE": "OpenStreetMap", "highway": "unclassified"}, "geometry": {"type": "LineString", "coordinates": [[139.0071583, 36.4960908], [139.0073239, 36.4959784], [139.0075738, 36.4959503], [139.007666, 36.49594], [139.007841, 36.495945], [139.008064, 36.496013], [139.008168, 36.496052], [139.008323, 36.4960647], [139.0085829, 36.4960861]]}}, {"type": "Feature", "properties": {"MTFCC": "tertiary", "NAME": "", "OSM_ID": "way/197835955", "SOURCE": "OpenStreetMap", "highway": "tertiary"}, "geometry": {"type": "LineString", "coordinates": [[139.008817, 36.501126], [139.0087394, 36.501062], [139.0086681, 36.5010057], [139.0085772, 36.5009431], [139.0080536, 36.500667], [139.0077082, 36.5004905], [139.0074882, 36.5003775], [139.0072553, 36.500313], [139.0069665, 36.500262], [139.006426, 36.500159], [139.0059345, 36.5000942], [139.0053186, 36.5000686]]}}, {"type": "Feature", "properties": {"MTFCC": "residential", "NAME": "", "OSM_ID": "way/197835956", "SOURCE": "OpenStreetMap", "highway": "residential"}, "geometry": {"type": "LineString", "coordinates": [[139.0110836, 36.4998444], [139.0109809, 36.4997921], [139.0109237, 36.4997713], [139.0105604, 36.4996395], [139.0102876, 36.499685], [139.0102098, 36.499705], [139.010026, 36.4998538], [139.0099428, 36.4998754], [139.009726, 36.4999161], [139.0093805, 36.4999833], [139.0092821, 36.5000026], [139.0090738, 36.5000436], [139.0088559, 36.5000971], [139.0084779, 36.5001705], [139.00821, 36.500198], [139.0080479, 36.5001915], [139.0080137, 36.5001901], [139.0077679, 36.5001871], [139.0077385, 36.5001867], [139.0073759, 36.5002274], [139.0073129, 36.5002721], [139.0072553, 36.500313]]}}, {"type": "Feature", "properties": {"MTFCC": "unclassified", "NAME": "", "OSM_ID": "way/197835957", "SOURCE": "OpenStreetMap", "highway": "unclassified"}, "geometry": {"type": "LineString", "coordinates": [[139.0073732, 36.4977511], [139.0073296, 36.498411], [139.0072975, 36.4988936]]}}, {"type": "Feature", "properties": {"MTFCC": "unclassified", "NAME": "", "OSM_ID": "way/197835958", "SOURCE": "OpenStreetMap", "highway": "unclassified"}, "geometry": {"type": "LineString", "coordinates": [[139.008104, 36.4989115], [139.0081508, 36.4984412], [139.0082075, 36.4978621], [139.008213, 36.4978064]]}}, {"type": "Feature", "properties": {"MTFCC": "unclassified", "NAME": "", "OSM_ID": "way/197835959", "SOURCE": "OpenStreetMap", "highway": "unclassified"}, "geometry": {"type": "LineString", "coordinates": [[139.0078238, 36.499356], [139.0068993, 36.4993419], [139.0065073, 36.4993359]]}}, {"type": "Feature", "properties": {"MTFCC": "unclassified", "NAME": "", "OSM_ID": "way/197835960", "SOURCE": "OpenStreetMap", "highway": "unclassified"}, "geometry": {"type": "LineString", "coordinates": [[139.0092646, 36.4978757], [139.0092115, 36.4979344], [139.0087058, 36.4984616], [139.0082611, 36.498915], [139.0078238, 36.499356], [139.0074523, 36.4997486], [139.0070026, 36.5002238], [139.0069665, 36.500262]]}}, {"type": "Feature", "properties": {"MTFCC": "residential", "NAME": "", "OSM_ID": "way/197835961", "SOURCE": "OpenStreetMap", "highway": "residential"}, "geometry": {"type": "LineString", "coordinates": [[139.0069665, 36.500262], [139.0069321, 36.5002979], [139.0062762, 36.5010219], [139.0054644, 36.5018787], [139.0050696, 36.5023237], [139.0047796, 36.5026108], [139.0045191, 36.5028559], [139.0044382, 36.5029251], [139.0043856, 36.5029743], [139.0043373, 36.5030179], [139.0042982, 36.5030308], [139.004283, 36.5030301], [139.0042269, 36.5030273], [139.0041755, 36.503028]]}}, {"type": "Feature", "properties": {"MTFCC": "unclassified", "NAME": "", "OSM_ID": "way/197835962", "SOURCE": "OpenStreetMap", "highway": "unclassified", "surface": "asphalt"}, "geometry": {"type": "LineString", "coordinates": [[139.0059345, 36.5000942], [139.0059373, 36.5000619], [139.0059616, 36.4997902], [139.0059715, 36.4995275], [139.0060223, 36.4988652], [139.0060663, 36.4976651]]}}, {"type": "Feature", "properties": {"MTFCC": "residential", "NAME": "", "OSM_ID": "way/197835964", "SOURCE": "OpenStreetMap", "highway": "residential"}, "geometry": {"type": "LineString", "coordinates": [[139.0072467, 36.5018873], [139.0072022, 36.5018064], [139.0071806, 36.5017558], [139.0070991, 36.5015519], [139.0070347, 36.5014125], [139.0070124, 36.5012485], [139.0070334, 36.5010666], [139.0070227, 36.5009532], [139.0070082, 36.5007999], [139.0069897, 36.5006002], [139.0072278, 36.5003427], [139.0072553, 36.500313]]}}, {"type": "Feature", "properties": {"MTFCC": "unclassified", "NAME": "", "OSM_ID": "way/197835965", "SOURCE": "OpenStreetMap", "highway": "unclassified"}, "geometry": {"type": "LineString", "coordinates": [[139.006426, 36.500159], [139.0064043, 36.5001956], [139.006356, 36.500277], [139.0058911, 36.5008008], [139.0057447, 36.5009475], [139.0054499, 36.5012427], [139.0051124, 36.5016431], [139.004712, 36.5021183], [139.0046306, 36.5023888], [139.004636, 36.5025354], [139.0047796, 36.5026108]]}}, {"type": "Feature", "properties": {"MTFCC": "unclassified", "NAME": "", "OSM_ID": "way/197835966", "SOURCE": "OpenStreetMap", "highway": "unclassified"}, "geometry": {"type": "LineString", "coordinates": [[139.006426, 36.500159], [139.0064555, 36.5001189], [139.0064859, 36.4997313], [139.0065073, 36.4993359], [139.0065301, 36.4988765], [139.0065579, 36.4983826], [139.006587, 36.4976994]]}}, {"type": "Feature", "properties": {"MTFCC": "unclassified", "NAME": "", "OSM_ID": "way/197835967", "SOURCE": "OpenStreetMap", "highway": "unclassified"}, "geometry": {"type": "LineString", "coordinates": [[139.0095601, 36.4978951], [139.0095064, 36.4979541], [139.0092838, 36.4981722], [139.0091122, 36.4983227], [139.009002, 36.4984479], [139.0089187, 36.4985425], [139.0089187, 36.4986066], [139.0089189, 36.4987235], [139.008844, 36.498931], [139.008844, 36.498965], [139.008859, 36.499014], [139.0088642, 36.4993749], [139.008872, 36.499911], [139.0088559, 36.5000971]]}}, {"type": "Feature", "properties": {"MTFCC": "unclassified", "NAME": "", "OSM_ID": "way/197835968", "SOURCE": "OpenStreetMap", "highway": "unclassified"}, "geometry": {"type": "LineString", "coordinates": [[139.0082611, 36.498915], [139.008104, 36.4989115], [139.0072975, 36.4988936], [139.0069257, 36.4988853], [139.0065301, 36.4988765], [139.0060223, 36.4988652], [139.0054633, 36.4988528]]}}, {"type": "Feature", "properties": {"MTFCC": "cycleway", "NAME": "", "OSM_ID": "way/197836657", "SOURCE": "OpenStreetMap", "highway": "cycleway"}, "geometry": {"type": "LineString", "coordinates": [[139.0067052, 36.5078036], [139.0067768, 36.5077419], [139.0068452, 36.5076833], [139.0069017, 36.5076605], [139.0072505, 36.507593], [139.0073429, 36.5076114], [139.0073961, 36.5076564], [139.0074424, 36.5077228], [139.0074854, 36.5079212], [139.0075171, 36.5082667], [139.0075494, 36.5084813], [139.0075627, 36.5085985], [139.0076829, 36.5089737], [139.0077627, 36.5091939], [139.0078119, 36.5093943], [139.0078482, 36.5097116]]}}, {"type": "Feature", "properties": {"MTFCC": "unclassified", "NAME": "", "OSM_ID": "way/197836658", "SOURCE": "OpenStreetMap", "highway": "unclassified"}, "geometry": {"type": "LineString", "coordinates": [[139.0121797, 36.4980676], [139.012251, 36.498079], [139.0129107, 36.4981733], [139.0129896, 36.4982141], [139.0131824, 36.4983919], [139.0135283, 36.498692], [139.0136197, 36.4987845], [139.013718, 36.4993385], [139.0137532, 36.499619], [139.0137704, 36.4997136], [139.0138747, 36.4998779], [139.0139425, 36.4999542]]}}, {"type": "Feature", "properties": {"MTFCC": "unclassified", "NAME": "", "OSM_ID": "way/197836659", "SOURCE": "OpenStreetMap", "highway": "unclassified"}, "geometry": {"type": "LineString", "coordinates": [[139.0117665, 36.5006797], [139.011336, 36.500719], [139.01092, 36.500766], [139.010657, 36.50081], [139.010494, 36.500846], [139.010353, 36.500885], [139.010213, 36.500937], [139.0096568, 36.5012244]]}}, {"type": "Feature", "properties": {"MTFCC": "service", "NAME": "", "OSM_ID": "way/197836661", "SOURCE": "OpenStreetMap", "highway": "service", "bridge": "yes", "layer": "1"}, "geometry": {"type": "LineString", "coordinates": [[139.0143769, 36.5004227], [139.0150636, 36.5011389]]}}, {"type": "Feature", "properties": {"MTFCC": "unclassified", "NAME": "", "OSM_ID": "way/197836662", "SOURCE": "OpenStreetMap", "highway": "unclassified", "tunnel": "yes", "layer": "-1"}, "geometry": {"type": "LineString", "coordinates": [[139.0119162, 36.500057], [139.0115566, 36.4999946]]}}, {"type": "Feature", "properties": {"MTFCC": "residential", "NAME": "", "OSM_ID": "way/197836663", "SOURCE": "OpenStreetMap", "highway": "residential"}, "geometry": {"type": "LineString", "coordinates": [[139.0072467, 36.5018873], [139.0072653, 36.5019217], [139.0072769, 36.5019395], [139.0073286, 36.5020311], [139.0073552, 36.5020505], [139.0074848, 36.5020484], [139.0084464, 36.5020652], [139.0084996, 36.5020843]]}}, {"type": "Feature", "properties": {"MTFCC": "unclassified", "NAME": "", "OSM_ID": "way/197836666", "SOURCE": "OpenStreetMap", "highway": "unclassified", "surface": "asphalt"}, "geometry": {"type": "LineString", "coordinates": [[139.0045376, 36.506096], [139.0046625, 36.5060723], [139.0047098, 36.5062212], [139.0047367, 36.5062347], [139.0047637, 36.506239], [139.005122, 36.5062287], [139.0053786, 36.5062022], [139.0058558, 36.506145]]}}, {"type": "Feature", "properties": {"MTFCC": "residential", "NAME": "", "OSM_ID": "way/197836667", "SOURCE": "OpenStreetMap", "highway": "residential"}, "geometry": {"type": "LineString", "coordinates": [[139.0064131, 36.5035167], [139.0060243, 36.5035076], [139.0059968, 36.5035109], [139.0059908, 36.5035138], [139.0059197, 36.5035488], [139.0055303, 36.5038311], [139.0054897, 36.5038605], [139.0054385, 36.5038876], [139.0053698, 36.5039171], [139.0053035, 36.5039259], [139.0046145, 36.5039305], [139.0044092, 36.5039336], [139.0043635, 36.5039356], [139.0042665, 36.50394]]}}, {"type": "Feature", "properties": {"MTFCC": "track", "NAME": "", "OSM_ID": "way/197836668", "SOURCE": "OpenStreetMap", "highway": "track"}, "geometry": {"type": "LineString", "coordinates": [[139.0071591, 36.5052829], [139.0069942, 36.5055588]]}}, {"type": "Feature", "properties": {"MTFCC": "residential", "NAME": "", "OSM_ID": "way/197836670", "SOURCE": "OpenStreetMap", "highway": "residential"}, "geometry": {"type": "LineString", "coordinates": [[139.0065144, 36.5122791], [139.0070805, 36.5114594], [139.0071211, 36.5114005]]}}, {"type": "Feature", "properties": {"MTFCC": "unclassified", "NAME": "", "OSM_ID": "way/197836671", "SOURCE": "OpenStreetMap", "highway": "unclassified", "surface": "asphalt"}, "geometry": {"type": "LineString", "coordinates": [[139.0119162, 36.500057], [139.0120012, 36.5000773], [139.0125712, 36.5002014], [139.0126698, 36.5004386]]}}, {"type": "Feature", "properties": {"MTFCC": "service", "NAME": "", "OSM_ID": "way/197836672", "SOURCE": "OpenStreetMap", "highway": "service"}, "geometry": {"type": "LineString", "coordinates": [[139.0058558, 36.506145], [139.0058428, 36.506086], [139.0057252, 36.5057855], [139.005768, 36.5053537]]}}, {"type": "Feature", "properties": {"MTFCC": "track", "NAME": "", "OSM_ID": "way/197836674", "SOURCE": "OpenStreetMap", "highway": "track"}, "geometry": {"type": "LineString", "coordinates": [[139.0069942, 36.5055588], [139.0067233, 36.5060253], [139.0066417, 36.5062117]]}}, {"type": "Feature", "properties": {"MTFCC": "residential", "NAME": "", "OSM_ID": "way/197836675", "SOURCE": "OpenStreetMap", "highway": "residential"}, "geometry": {"type": "LineString", "coordinates": [[139.0059779, 36.5046854], [139.0058715, 36.5053711]]}}, {"type": "Feature", "properties": {"MTFCC": "track", "NAME": "", "OSM_ID": "way/197836677", "SOURCE": "OpenStreetMap", "highway": "track"}, "geometry": {"type": "LineString", "coordinates": [[139.0063608, 36.5053615], [139.0064566, 36.5053824], [139.0069942, 36.5055588]]}}, {"type": "Feature", "properties": {"MTFCC": "residential", "NAME": "", "OSM_ID": "way/197836678", "SOURCE": "OpenStreetMap", "highway": "residential"}, "geometry": {"type": "LineString", "coordinates": [[139.0058558, 36.506145], [139.0061621, 36.5061385], [139.006335, 36.5061506], [139.0066417, 36.5062117]]}}, {"type": "Feature", "properties": {"MTFCC": "residential", "NAME": "", "OSM_ID": "way/197836679", "SOURCE": "OpenStreetMap", "highway": "residential"}, "geometry": {"type": "LineString", "coordinates": [[139.0066417, 36.5062117], [139.0064252, 36.5068984], [139.0070259, 36.5071181]]}}, {"type": "Feature", "properties": {"MTFCC": "unclassified", "NAME": "", "OSM_ID": "way/197836680", "SOURCE": "OpenStreetMap", "highway": "unclassified", "surface": "asphalt"}, "geometry": {"type": "LineString", "coordinates": [[139.0110836, 36.4998444], [139.0111713, 36.4998783], [139.0114685, 36.4999791], [139.0115566, 36.4999946]]}}, {"type": "Feature", "properties": {"MTFCC": "cycleway", "NAME": "", "OSM_ID": "way/197836681", "SOURCE": "OpenStreetMap", "highway": "cycleway"}, "geometry": {"type": "LineString", "coordinates": [[139.0070259, 36.5071181], [139.0072562, 36.5064698], [139.0073101, 36.5057844], [139.0073571, 36.5052351], [139.0073523, 36.5051978], [139.007269, 36.5051253], [139.0072611, 36.5050988], [139.0072734, 36.5050562], [139.0073159, 36.5049859], [139.0073765, 36.5048525], [139.0074469, 36.5045663], [139.0074304, 36.5042359], [139.0074026, 36.5041492], [139.0072232, 36.5039215], [139.0071855, 36.5038383], [139.0071692, 36.5036016], [139.0071692, 36.5035047]]}}, {"type": "Feature", "properties": {"MTFCC": "residential", "NAME": "", "OSM_ID": "way/197836682", "SOURCE": "OpenStreetMap", "highway": "residential", "surface": "asphalt"}, "geometry": {"type": "LineString", "coordinates": [[139.0043052, 36.5048029], [139.0048297, 36.5047831], [139.0050123, 36.5047336], [139.0051148, 36.5046568], [139.0051985, 36.5046411], [139.0055233, 36.5046596], [139.0059779, 36.5046854]]}}, {"type": "Feature", "properties": {"MTFCC": "unclassified", "NAME": "", "OSM_ID": "way/197836683", "SOURCE": "OpenStreetMap", "highway": "unclassified"}, "geometry": {"type": "LineString", "coordinates": [[139.005222, 36.509143], [139.0054083, 36.509167], [139.0057718, 36.5092736], [139.0060811, 36.50933], [139.0063153, 36.5093532]]}}, {"type": "Feature", "properties": {"MTFCC": "track", "NAME": "", "OSM_ID": "way/197836685", "SOURCE": "OpenStreetMap", "highway": "track", "tunnel": "yes", "layer": "-1"}, "geometry": {"type": "LineString", "coordinates": [[139.0117665, 36.5006797], [139.0121093, 36.5006605]]}}, {"type": "Feature", "properties": {"MTFCC": "residential", "NAME": "", "OSM_ID": "way/197836686", "SOURCE": "OpenStreetMap", "highway": "residential"}, "geometry": {"type": "LineString", "coordinates": [[139.0059779, 36.5046854], [139.0061761, 36.5046849], [139.0063201, 36.5046481], [139.0066265, 36.5042521], [139.006713, 36.5042524], [139.0067775, 36.5040909], [139.0067502, 36.5039982], [139.0064344, 36.5035595], [139.0064131, 36.5035167]]}}, {"type": "Feature", "properties": {"MTFCC": "residential", "NAME": "", "OSM_ID": "way/197836689", "SOURCE": "OpenStreetMap", "highway": "residential"}, "geometry": {"type": "LineString", "coordinates": [[139.0055068, 36.5116856], [139.0055091, 36.5117259], [139.0055382, 36.5117587], [139.0059923, 36.5119913], [139.0061175, 36.5120755], [139.0065144, 36.5122791], [139.0067252, 36.5123939], [139.0070424, 36.5125145], [139.0070695, 36.5125352], [139.0070672, 36.5125672], [139.0069469, 36.512817], [139.0069283, 36.5128338], [139.0068878, 36.5128242], [139.0067421, 36.5127473], [139.0062911, 36.5125125], [139.0059603, 36.512351], [139.0057489, 36.5122136], [139.0054932, 36.5120925], [139.0054777, 36.5120895], [139.0054489, 36.5120839], [139.0054128, 36.5120811]]}}, {"type": "Feature", "properties": {"MTFCC": "cycleway", "NAME": "", "OSM_ID": "way/197836690", "SOURCE": "OpenStreetMap", "highway": "cycleway"}, "geometry": {"type": "LineString", "coordinates": [[139.0078482, 36.5097116], [139.0078557, 36.509964], [139.0078424, 36.5109609], [139.0078259, 36.5111805], [139.0078089, 36.5114429], [139.0077666, 36.511705], [139.0077243, 36.5119205], [139.0076658, 36.5121365], [139.0075942, 36.5123415], [139.007558, 36.5124487], [139.0075193, 36.5126026], [139.0074738, 36.5126827], [139.0074012, 36.5127542], [139.0070927, 36.513029], [139.006749, 36.5132888], [139.0064521, 36.5134836], [139.0062716, 36.5135812], [139.0058605, 36.5137895]]}}, {"type": "Feature", "properties": {"MTFCC": "unclassified", "NAME": "", "OSM_ID": "way/197836691", "SOURCE": "OpenStreetMap", "highway": "unclassified", "surface": "asphalt"}, "geometry": {"type": "LineString", "coordinates": [[139.0058715, 36.5053711], [139.005768, 36.5053537], [139.0054045, 36.5052579], [139.0053718, 36.505252], [139.004955, 36.5051763], [139.0049171, 36.5051788], [139.0048918, 36.5052063], [139.0048262, 36.5054039], [139.0046625, 36.5060723]]}}, {"type": "Feature", "properties": {"MTFCC": "residential", "NAME": "", "OSM_ID": "way/197837215", "SOURCE": "OpenStreetMap", "highway": "residential"}, "geometry": {"type": "LineString", "coordinates": [[139.01104, 36.511294], [139.010929, 36.511148], [139.010894, 36.51103], [139.010873, 36.5105], [139.01083, 36.510314], [139.010635, 36.509729], [139.010481, 36.509374], [139.010488, 36.509255], [139.01058, 36.50913], [139.010635, 36.509047]]}}, {"type": "Feature", "properties": {"MTFCC": "unclassified", "NAME": "", "OSM_ID": "way/197837217", "SOURCE": "OpenStreetMap", "highway": "unclassified", "surface": "asphalt"}, "geometry": {"type": "LineString", "coordinates": [[139.0158101, 36.5057869], [139.016112, 36.506714], [139.0161292, 36.5067699], [139.0164316, 36.5077521], [139.0164389, 36.5077759], [139.0166488, 36.5084862], [139.016634, 36.5085708], [139.0164126, 36.5088227], [139.0164146, 36.508851], [139.0164261, 36.5088672], [139.0164748, 36.5089202]]}}, {"type": "Feature", "properties": {"MTFCC": "track", "NAME": "", "OSM_ID": "way/197837218", "SOURCE": "OpenStreetMap", "highway": "track"}, "geometry": {"type": "LineString", "coordinates": [[139.0145199, 36.50499], [139.0158777, 36.5047182], [139.0185085, 36.5041773]]}}, {"type": "Feature", "properties": {"MTFCC": "tertiary", "NAME": "", "OSM_ID": "way/197837219", "SOURCE": "OpenStreetMap", "highway": "tertiary", "surface": "asphalt"}, "geometry": {"type": "LineString", "coordinates": [[139.0156906, 36.5096926], [139.0158629, 36.509588], [139.016015, 36.5094496], [139.0160524, 36.5094156], [139.0161288, 36.5093343], [139.0162426, 36.5091759], [139.01632, 36.5090515], [139.0163859, 36.5089824], [139.0164748, 36.5089202]]}}, {"type": "Feature", "properties": {"MTFCC": "unclassified", "NAME": "", "OSM_ID": "way/197837221", "SOURCE": "OpenStreetMap", "highway": "unclassified"}, "geometry": {"type": "LineString", "coordinates": [[139.0127926, 36.5056126], [139.0119273, 36.5058256], [139.011434, 36.5060658], [139.0115454, 36.5064674], [139.0116568, 36.5066626], [139.0116387, 36.5070246], [139.0115827, 36.5073393], [139.0116022, 36.5074013], [139.011592, 36.5075669], [139.0116356, 36.5076255], [139.0120076, 36.5081251], [139.0122012, 36.5080682], [139.0123794, 36.5080159], [139.0125926, 36.5079644], [139.0127316, 36.5079308], [139.0129982, 36.5079667], [139.0133133, 36.5079806]]}}, {"type": "Feature", "properties": {"MTFCC": "path", "NAME": "", "OSM_ID": "way/197837222", "SOURCE": "OpenStreetMap", "highway": "path"}, "geometry": {"type": "LineString", "coordinates": [[139.012518, 36.509388], [139.0124246, 36.5091307], [139.012392, 36.5090126], [139.0123466, 36.5088989], [139.0123046, 36.508776], [139.0122721, 36.5087015], [139.0122092, 36.5085569], [139.0121611, 36.508473], [139.0121191, 36.5083918], [139.0120741, 36.5083013], [139.0120081, 36.5081871], [139.0120076, 36.5081251]]}}, {"type": "Feature", "properties": {"MTFCC": "service", "NAME": "", "OSM_ID": "way/197837224", "SOURCE": "OpenStreetMap", "highway": "service"}, "geometry": {"type": "LineString", "coordinates": [[139.0146038, 36.5014939], [139.0148812, 36.5018266], [139.015079, 36.5019895], [139.0152232, 36.502118], [139.0152664, 36.5021615], [139.015235, 36.5021868], [139.0151352, 36.5022889], [139.0151206, 36.5023163]]}}, {"type": "Feature", "properties": {"MTFCC": "service", "NAME": "", "OSM_ID": "way/197837226", "SOURCE": "OpenStreetMap", "highway": "service"}, "geometry": {"type": "LineString", "coordinates": [[139.0134727, 36.5027178], [139.0135015, 36.5026346], [139.0135346, 36.5023823], [139.0136378, 36.5021555], [139.013787, 36.5019511], [139.013904, 36.501838], [139.014, 36.501776], [139.0146038, 36.5014939], [139.014949, 36.501303], [139.0150358, 36.5012565], [139.0150869, 36.5012117], [139.0150982, 36.5011783], [139.0150636, 36.5011389]]}}, {"type": "Feature", "properties": {"MTFCC": "track", "NAME": "", "OSM_ID": "way/197837228", "SOURCE": "OpenStreetMap", "highway": "track"}, "geometry": {"type": "LineString", "coordinates": [[139.0182081, 36.5074402], [139.0182826, 36.5079991], [139.0183014, 36.5081024], [139.0183405, 36.5082046], [139.018349, 36.508286], [139.0183295, 36.5083401], [139.0183213, 36.5083627], [139.0178278, 36.5085241], [139.017662, 36.508582], [139.017553, 36.508617], [139.0173461, 36.5087002], [139.0172796, 36.5087633]]}}, {"type": "Feature", "properties": {"MTFCC": "track", "NAME": "", "OSM_ID": "way/197837229", "SOURCE": "OpenStreetMap", "highway": "track"}, "geometry": {"type": "LineString", "coordinates": [[139.0142282, 36.5040299], [139.0143404, 36.5040075], [139.0155669, 36.5037471], [139.0157204, 36.5036763], [139.0174843, 36.5033195], [139.017903, 36.5036932], [139.0181696, 36.5039977], [139.0182799, 36.5040762], [139.0185085, 36.5041773], [139.0185425, 36.5042154], [139.018624, 36.504333], [139.018687, 36.504429], [139.018833, 36.504581], [139.019014, 36.504778]]}}, {"type": "Feature", "properties": {"MTFCC": "residential", "NAME": "", "OSM_ID": "way/197837232", "SOURCE": "OpenStreetMap", "highway": "residential"}, "geometry": {"type": "LineString", "coordinates": [[139.01104, 36.511294], [139.0112708, 36.5117207]]}}, {"type": "Feature", "properties": {"MTFCC": "track", "NAME": "", "OSM_ID": "way/197837240", "SOURCE": "OpenStreetMap", "highway": "track"}, "geometry": {"type": "LineString", "coordinates": [[139.016634, 36.5085708], [139.0174627, 36.5078019], [139.0177207, 36.5075055]]}}, {"type": "Feature", "properties": {"MTFCC": "track", "NAME": "", "OSM_ID": "way/197837243", "SOURCE": "OpenStreetMap", "highway": "track"}, "geometry": {"type": "LineString", "coordinates": [[139.019154, 36.504733], [139.019014, 36.504778], [139.018833, 36.504823], [139.018631, 36.504907], [139.018366, 36.505003], [139.018094, 36.505088], [139.017543, 36.505155], [139.017445, 36.505178], [139.017305, 36.505223], [139.017243, 36.505279], [139.017227, 36.505316], [139.017237, 36.505354], [139.0172553, 36.5054873], [139.0173898, 36.5058159], [139.0175016, 36.5062072], [139.0176053, 36.5064587], [139.0176484, 36.5066011], [139.0177192, 36.5069143], [139.0178197, 36.5072301], [139.0178276, 36.5074276]]}}, {"type": "Feature", "properties": {"MTFCC": "tertiary", "NAME": "", "OSM_ID": "way/197837247", "SOURCE": "OpenStreetMap", "highway": "tertiary", "surface": "asphalt"}, "geometry": {"type": "LineString", "coordinates": [[139.0147597, 36.5059989], [139.0158101, 36.5057869], [139.0161953, 36.5057094], [139.0172553, 36.5054873], [139.0188329, 36.5052439], [139.0190168, 36.505229], [139.0191467, 36.5052507], [139.0192198, 36.5053026], [139.0192499, 36.5053653], [139.0193986, 36.5056795], [139.019498, 36.50583]]}}, {"type": "Feature", "properties": {"MTFCC": "unclassified", "NAME": "", "OSM_ID": "way/197837248", "SOURCE": "OpenStreetMap", "highway": "unclassified"}, "geometry": {"type": "LineString", "coordinates": [[139.0138037, 36.5108315], [139.0138364, 36.5108186], [139.0150329, 36.5103965], [139.0150626, 36.5103572], [139.0152763, 36.510074], [139.0154046, 36.5099541], [139.0155931, 36.5097908], [139.0156906, 36.5096926]]}}, {"type": "Feature", "properties": {"MTFCC": "unclassified", "NAME": "", "OSM_ID": "way/197837250", "SOURCE": "OpenStreetMap", "highway": "unclassified"}, "geometry": {"type": "LineString", "coordinates": [[139.0117633, 36.5126032], [139.0112708, 36.5117207]]}}, {"type": "Feature", "properties": {"MTFCC": "unclassified", "NAME": "", "OSM_ID": "way/197837254", "SOURCE": "OpenStreetMap", "highway": "unclassified", "surface": "asphalt"}, "geometry": {"type": "LineString", "coordinates": [[139.019588, 36.5174251], [139.0193878, 36.5171967], [139.0192193, 36.517093], [139.0176375, 36.5154279], [139.0174805, 36.5151504], [139.0173468, 36.514876], [139.0173922, 36.5146786], [139.0171103, 36.5139257], [139.0169462, 36.5131211], [139.016879, 36.512826], [139.0166938, 36.5124001], [139.0165832, 36.5121457], [139.0164053, 36.5117636], [139.0163955, 36.5117141], [139.0164262, 36.5116723], [139.0167017, 36.511564]]}}, {"type": "Feature", "properties": {"MTFCC": "track", "NAME": "", "OSM_ID": "way/197837274", "SOURCE": "OpenStreetMap", "highway": "track"}, "geometry": {"type": "LineString", "coordinates": [[139.0137404, 36.5030709], [139.0138287, 36.5030543], [139.0152593, 36.5027735], [139.0161215, 36.5026382], [139.0162085, 36.5026791]]}}, {"type": "Feature", "properties": {"MTFCC": "residential", "NAME": "", "OSM_ID": "way/197837275", "SOURCE": "OpenStreetMap", "highway": "residential"}, "geometry": {"type": "LineString", "coordinates": [[139.0126972, 36.5053422], [139.0131483, 36.5052715], [139.0137714, 36.5051324], [139.014377, 36.504997]]}}, {"type": "Feature", "properties": {"MTFCC": "unclassified", "NAME": "", "OSM_ID": "way/197837285", "SOURCE": "OpenStreetMap", "highway": "unclassified"}, "geometry": {"type": "LineString", "coordinates": [[139.0167017, 36.511564], [139.016499, 36.5110897], [139.0161204, 36.5102057], [139.0161038, 36.5101333], [139.016091, 36.5100777], [139.0161109, 36.5099488], [139.016151, 36.5098338], [139.0161792, 36.5097489], [139.0161867, 36.5096844], [139.0161215, 36.5095408], [139.0160524, 36.5094156]]}}, {"type": "Feature", "properties": {"MTFCC": "service", "NAME": "", "OSM_ID": "way/197837290", "SOURCE": "OpenStreetMap", "highway": "service"}, "geometry": {"type": "LineString", "coordinates": [[139.0129333, 36.5110672], [139.0128267, 36.510845], [139.0125918, 36.5103658], [139.0122911, 36.5097522], [139.0121907, 36.5095474], [139.012518, 36.509388]]}}, {"type": "Feature", "properties": {"MTFCC": "unclassified", "NAME": "", "OSM_ID": "way/197837291", "SOURCE": "OpenStreetMap", "highway": "unclassified", "surface": "asphalt"}, "geometry": {"type": "LineString", "coordinates": [[139.0141511, 36.5117509], [139.0141296, 36.5117578], [139.0132312, 36.5121872], [139.0129877, 36.5122126], [139.0124685, 36.5123565]]}}, {"type": "Feature", "properties": {"MTFCC": "unclassified", "NAME": "", "OSM_ID": "way/197837296", "SOURCE": "OpenStreetMap", "highway": "unclassified"}, "geometry": {"type": "LineString", "coordinates": [[139.0112708, 36.5117207], [139.0123261, 36.5113353], [139.0126344, 36.5111672], [139.0127587, 36.5111194], [139.0129333, 36.5110672]]}}, {"type": "Feature", "properties": {"MTFCC": "unclassified", "NAME": "", "OSM_ID": "way/197837301", "SOURCE": "OpenStreetMap", "highway": "unclassified", "surface": "asphalt"}, "geometry": {"type": "LineString", "coordinates": [[139.0140356, 36.5038777], [139.0139123, 36.5039457], [139.0136739, 36.5040875], [139.0135347, 36.5041704], [139.0133572, 36.5042249], [139.0131193, 36.5042714], [139.0127029, 36.5043074]]}}, {"type": "Feature", "properties": {"MTFCC": "path", "NAME": "", "OSM_ID": "way/197837303", "SOURCE": "OpenStreetMap", "highway": "path"}, "geometry": {"type": "LineString", "coordinates": [[139.0151384, 36.5080236], [139.015103, 36.508031], [139.014091, 36.508245]]}}, {"type": "Feature", "properties": {"MTFCC": "residential", "NAME": "", "OSM_ID": "way/197837308", "SOURCE": "OpenStreetMap", "highway": "residential"}, "geometry": {"type": "LineString", "coordinates": [[139.00984, 36.512162], [139.009832, 36.512111], [139.009637, 36.511587], [139.010223, 36.511446], [139.010321, 36.511429], [139.010593, 36.511407], [139.011005, 36.511306], [139.01104, 36.511294]]}}, {"type": "Feature", "properties": {"MTFCC": "residential", "NAME": "", "OSM_ID": "way/197837314", "SOURCE": "OpenStreetMap", "highway": "residential"}, "geometry": {"type": "LineString", "coordinates": [[139.01399, 36.5080238], [139.0142492, 36.5079533], [139.0141428, 36.507725], [139.0141504, 36.5075652], [139.0140996, 36.5074165], [139.0140167, 36.507233], [139.0140066, 36.5072105], [139.0148917, 36.5070172]]}}, {"type": "Feature", "properties": {"MTFCC": "residential", "NAME": "", "OSM_ID": "way/197837983", "SOURCE": "OpenStreetMap", "highway": "residential", "surface": "asphalt"}, "geometry": {"type": "LineString", "coordinates": [[139.0045584, 36.511554], [139.0044095, 36.5116055], [139.0039811, 36.5116717], [139.0031759, 36.5121265], [139.0031068, 36.5121433], [139.0028335, 36.512128], [139.0027778, 36.5121232], [139.0025749, 36.5121056], [139.0022166, 36.5120172], [139.0013433, 36.5117729]]}}, {"type": "Feature", "properties": {"MTFCC": "unclassified", "NAME": "", "OSM_ID": "way/197837991", "SOURCE": "OpenStreetMap", "highway": "unclassified", "bridge": "yes", "layer": "1"}, "geometry": {"type": "LineString", "coordinates": [[139.0027772, 36.5058202], [139.0028625, 36.5058399]]}}, {"type": "Feature", "properties": {"MTFCC": "unclassified", "NAME": "", "OSM_ID": "way/197837998", "SOURCE": "OpenStreetMap", "highway": "unclassified", "surface": "asphalt"}, "geometry": {"type": "LineString", "coordinates": [[139.0051851, 36.5117539], [139.0047723, 36.5115511], [139.0046737, 36.5115469], [139.0045584, 36.511554], [139.0031633, 36.5106238], [139.0031338, 36.5106086]]}}, {"type": "Feature", "properties": {"MTFCC": "tertiary", "NAME": "", "OSM_ID": "way/197837999", "SOURCE": "OpenStreetMap", "highway": "tertiary", "surface": "asphalt", "lanes": "2"}, "geometry": {"type": "LineString", "coordinates": [[138.9931488, 36.5206563], [138.9945087, 36.5192995], [138.995197, 36.5186148], [138.9958401, 36.5179919], [138.996583, 36.5173474], [138.9969452, 36.5170573], [138.9973313, 36.5167719], [138.9974988, 36.5166502], [138.9980259, 36.5163131], [138.9985289, 36.5159915], [138.9994814, 36.5153901], [138.999779, 36.515199], [139.0006601, 36.5146326], [139.0016471, 36.5140075], [139.0021155, 36.5137003], [139.0028916, 36.5132051], [139.0042663, 36.512328], [139.0051851, 36.5117539], [139.0053035, 36.5117104], [139.0053873, 36.511695]]}}, {"type": "Feature", "properties": {"MTFCC": "unclassified", "NAME": "", "OSM_ID": "way/197838001", "SOURCE": "OpenStreetMap", "highway": "unclassified", "surface": "asphalt"}, "geometry": {"type": "LineString", "coordinates": [[139.0044071, 36.5096715], [139.0031633, 36.5106238], [139.0027483, 36.5109195], [139.0020971, 36.5112807], [139.0017715, 36.5114969], [139.0015132, 36.5117103], [139.0013433, 36.5117729], [139.001138, 36.5117757], [139.0005717, 36.5116619], [139.0001435, 36.5116761], [138.9995877, 36.5118049]]}}, {"type": "Feature", "properties": {"MTFCC": "residential", "NAME": "", "OSM_ID": "way/198492228", "SOURCE": "OpenStreetMap", "highway": "residential"}, "geometry": {"type": "LineString", "coordinates": [[139.0066092, 36.5077557], [139.0065948, 36.5077432], [139.0065835, 36.5076836], [139.006588, 36.5076599], [139.006597, 36.5076446], [139.0067452, 36.5075324], [139.0067835, 36.5074987], [139.0068115, 36.5074572], [139.0070259, 36.5071181]]}}, {"type": "Feature", "properties": {"MTFCC": "primary", "NAME": "\u6e0b\u5ddd\u677e\u4e95\u7530\u7dda", "OSM_ID": "way/207629945", "SOURCE": "OpenStreetMap", "highway": "primary", "surface": "asphalt", "lanes": "2"}, "geometry": {"type": "LineString", "coordinates": [[139.0027829, 36.4956985], [139.0014574, 36.4958354], [139.0005601, 36.4959296], [138.9997921, 36.4960011], [138.9990933, 36.496051], [138.9990196, 36.4960563], [138.998965, 36.4960548], [138.9986763, 36.4960494], [138.9985476, 36.4960701], [138.9983158, 36.4961391], [138.9979797, 36.4962824]]}}, {"type": "Feature", "properties": {"MTFCC": "service", "NAME": "", "OSM_ID": "way/207759779", "SOURCE": "OpenStreetMap", "highway": "service", "surface": "asphalt"}, "geometry": {"type": "LineString", "coordinates": [[139.0029829, 36.4989257], [139.0031154, 36.4989573], [139.0037683, 36.4991329], [139.0039263, 36.4991262]]}}, {"type": "Feature", "properties": {"MTFCC": "trunk", "NAME": "\u6e0b\u5ddd\u30d0\u30a4\u30d1\u30b9", "OSM_ID": "way/207769772", "SOURCE": "OpenStreetMap", "highway": "trunk", "surface": "paved", "lanes": "2", "bridge": "yes", "layer": "1"}, "geometry": {"type": "LineString", "coordinates": [[139.0125052, 36.4932941], [139.012413, 36.4931395]]}}, {"type": "Feature", "properties": {"MTFCC": "trunk", "NAME": "\u6e0b\u5ddd\u30d0\u30a4\u30d1\u30b9", "OSM_ID": "way/207769773", "SOURCE": "OpenStreetMap", "highway": "trunk", "surface": "paved", "lanes": "2", "bridge": "yes", "layer": "1"}, "geometry": {"type": "LineString", "coordinates": [[139.0123335, 36.4931693], [139.012421, 36.4933249]]}}, {"type": "Feature", "properties": {"MTFCC": "trunk", "NAME": "\u6e0b\u5ddd\u30d0\u30a4\u30d1\u30b9", "OSM_ID": "way/207769781", "SOURCE": "OpenStreetMap", "highway": "trunk", "surface": "paved", "lanes": "2"}, "geometry": {"type": "LineString", "coordinates": [[139.012421, 36.4933249], [139.012445, 36.4933562], [139.012953, 36.4942282], [139.0130052, 36.4943576], [139.0131755, 36.4947896], [139.0132575, 36.4951996], [139.0132544, 36.4956159], [139.0131472, 36.4960132], [139.0131098, 36.4960977], [139.0130615, 36.4962118]]}}, {"type": "Feature", "properties": {"MTFCC": "trunk", "NAME": "\u6e0b\u5ddd\u30d0\u30a4\u30d1\u30b9", "OSM_ID": "way/207769783", "SOURCE": "OpenStreetMap", "highway": "trunk", "surface": "paved", "lanes": "2"}, "geometry": {"type": "LineString", "coordinates": [[139.0115394, 36.4913014], [139.0115423, 36.491351], [139.0115826, 36.4917166], [139.0116856, 36.4921002], [139.0118936, 36.4924906], [139.0123335, 36.4931693]]}}, {"type": "Feature", "properties": {"MTFCC": "trunk", "NAME": "\u6e0b\u5ddd\u30d0\u30a4\u30d1\u30b9", "OSM_ID": "way/207769785", "SOURCE": "OpenStreetMap", "highway": "trunk", "surface": "paved", "lanes": "2"}, "geometry": {"type": "LineString", "coordinates": [[139.012413, 36.4931395], [139.011991, 36.4924633], [139.0118067, 36.4920529], [139.0117062, 36.4917166], [139.0116464, 36.4913522], [139.0116469, 36.4913077]]}}, {"type": "Feature", "properties": {"MTFCC": "trunk", "NAME": "\u6e0b\u5ddd\u30d0\u30a4\u30d1\u30b9", "OSM_ID": "way/213174849", "SOURCE": "OpenStreetMap", "highway": "trunk", "surface": "paved", "lanes": "2"}, "geometry": {"type": "LineString", "coordinates": [[139.0117811, 36.4995066], [139.0117863, 36.499341], [139.0118063, 36.4991788], [139.01184, 36.4989706], [139.0119135, 36.4987291], [139.0119829, 36.4985218], [139.0120261, 36.4984013]]}}, {"type": "Feature", "properties": {"MTFCC": "trunk", "NAME": "\u6e0b\u5ddd\u30d0\u30a4\u30d1\u30b9", "OSM_ID": "way/213174851", "SOURCE": "OpenStreetMap", "highway": "trunk", "surface": "paved", "lanes": "2"}, "geometry": {"type": "LineString", "coordinates": [[139.008817, 36.501126], [139.0096323, 36.5007273], [139.0102987, 36.5003903], [139.0104395, 36.5003183], [139.0105418, 36.5002513], [139.0108031, 36.5000691], [139.0110836, 36.4998444], [139.0112041, 36.4997388], [139.0113328, 36.4996365], [139.0114309, 36.4995927], [139.0115326, 36.4995673], [139.0116784, 36.4995426]]}}, {"type": "Feature", "properties": {"MTFCC": "trunk", "NAME": "\u4e09\u56fd\u8857\u9053", "OSM_ID": "way/213174854", "SOURCE": "OpenStreetMap", "highway": "trunk", "surface": "paved", "lanes": "2"}, "geometry": {"type": "LineString", "coordinates": [[139.0042665, 36.50394], [139.0042663, 36.5040913], [139.0042662, 36.5041307], [139.0043052, 36.5048029], [139.0043202, 36.5052441], [139.0043429, 36.5054309], [139.004363, 36.5055526], [139.0043934, 36.505685], [139.0044229, 36.5057768], [139.0044582, 36.5058865], [139.0045376, 36.506096], [139.0046717, 36.5064298], [139.004859, 36.5068961], [139.0048746, 36.5069343], [139.0049607, 36.507145], [139.0050383, 36.5073617], [139.0050986, 36.5075773], [139.0051532, 36.5080063], [139.0051767, 36.5083951], [139.0051953, 36.5087025], [139.0051956, 36.5087075]]}}, {"type": "Feature", "properties": {"MTFCC": "trunk", "NAME": "\u6e0b\u5ddd\u30d0\u30a4\u30d1\u30b9", "OSM_ID": "way/213174864", "SOURCE": "OpenStreetMap", "highway": "trunk", "surface": "paved", "lanes": "1"}, "geometry": {"type": "LineString", "coordinates": [[139.0116781, 36.4994401], [139.0115332, 36.4994357], [139.0113998, 36.499461], [139.0112862, 36.4995087], [139.0112224, 36.4995824], [139.0109809, 36.4997921]]}}, {"type": "Feature", "properties": {"MTFCC": "trunk", "NAME": "\u6e0b\u5ddd\u30d0\u30a4\u30d1\u30b9", "OSM_ID": "way/213174866", "SOURCE": "OpenStreetMap", "highway": "trunk", "surface": "paved", "lanes": "2"}, "geometry": {"type": "LineString", "coordinates": [[139.0130615, 36.4962118], [139.0129997, 36.4963413], [139.0126981, 36.4969366], [139.0123343, 36.4975641], [139.0121157, 36.4979565], [139.0120626, 36.4980599], [139.012004, 36.4981649], [139.0119525, 36.4982758]]}}, {"type": "Feature", "properties": {"MTFCC": "trunk", "NAME": "\u6e0b\u5ddd\u30d0\u30a4\u30d1\u30b9", "OSM_ID": "way/213174868", "SOURCE": "OpenStreetMap", "highway": "trunk", "surface": "paved", "lanes": "2"}, "geometry": {"type": "LineString", "coordinates": [[139.0109809, 36.4997921], [139.0107536, 36.4999914], [139.0105445, 36.5001518], [139.0103364, 36.5002842], [139.0102264, 36.5003519], [139.0095846, 36.5006695], [139.0087394, 36.501062]]}}, {"type": "Feature", "properties": {"MTFCC": "trunk", "NAME": "\u6e0b\u5ddd\u30d0\u30a4\u30d1\u30b9", "OSM_ID": "way/213174871", "SOURCE": "OpenStreetMap", "highway": "trunk", "surface": "paved", "lanes": "2"}, "geometry": {"type": "LineString", "coordinates": [[139.0087394, 36.501062], [139.0083211, 36.5012723], [139.0072022, 36.5018064], [139.0071151, 36.5018509], [139.0066834, 36.5020641]]}}, {"type": "Feature", "properties": {"MTFCC": "trunk", "NAME": "\u6e0b\u5ddd\u30d0\u30a4\u30d1\u30b9", "OSM_ID": "way/213174874", "SOURCE": "OpenStreetMap", "highway": "trunk", "surface": "paved", "lanes": "2"}, "geometry": {"type": "LineString", "coordinates": [[139.0131471, 36.4962692], [139.0131943, 36.4961552], [139.0132335, 36.4960506], [139.0132641, 36.495938], [139.0133567, 36.4956409], [139.0133627, 36.4951991], [139.013264, 36.4947831], [139.0132088, 36.4945717], [139.0130807, 36.4942385], [139.0130642, 36.4942115], [139.0125216, 36.4933268], [139.0125052, 36.4932941]]}}, {"type": "Feature", "properties": {"MTFCC": "trunk", "NAME": "\u6e0b\u5ddd\u30d0\u30a4\u30d1\u30b9", "OSM_ID": "way/213174877", "SOURCE": "OpenStreetMap", "highway": "trunk", "surface": "paved", "lanes": "1"}, "geometry": {"type": "LineString", "coordinates": [[139.0042665, 36.50394], [139.0042928, 36.5039019], [139.0043051, 36.5038524], [139.0043255, 36.503742], [139.0043576, 36.5036403], [139.0043936, 36.5035667], [139.0044219, 36.5035159], [139.0044614, 36.5034605], [139.0044905, 36.5034189], [139.0045634, 36.5033438], [139.0046391, 36.5032713], [139.0047351, 36.5031819], [139.0049269, 36.5030347]]}}, {"type": "Feature", "properties": {"MTFCC": "trunk", "NAME": "\u9bc9\u6ca2\u30d0\u30a4\u30d1\u30b9", "OSM_ID": "way/213179488", "SOURCE": "OpenStreetMap", "highway": "trunk", "surface": "paved", "lanes": "2"}, "geometry": {"type": "LineString", "coordinates": [[139.0116781, 36.4994401], [139.0116784, 36.4995426]]}}, {"type": "Feature", "properties": {"MTFCC": "service", "NAME": "", "OSM_ID": "way/240222579", "SOURCE": "OpenStreetMap", "highway": "service"}, "geometry": {"type": "LineString", "coordinates": [[139.0153043, 36.5109227], [139.0153483, 36.5109138], [139.0158727, 36.5108954]]}}, {"type": "Feature", "properties": {"MTFCC": "service", "NAME": "", "OSM_ID": "way/240222580", "SOURCE": "OpenStreetMap", "highway": "service"}, "geometry": {"type": "LineString", "coordinates": [[139.0154595, 36.5112961], [139.0155079, 36.5112758], [139.015942, 36.5111929]]}}, {"type": "Feature", "properties": {"MTFCC": "service", "NAME": "", "OSM_ID": "way/240222581", "SOURCE": "OpenStreetMap", "highway": "service"}, "geometry": {"type": "LineString", "coordinates": [[139.0156414, 36.5117837], [139.0160621, 36.5116433]]}}, {"type": "Feature", "properties": {"MTFCC": "unclassified", "NAME": "", "OSM_ID": "way/240222585", "SOURCE": "OpenStreetMap", "highway": "unclassified"}, "geometry": {"type": "LineString", "coordinates": [[139.0150329, 36.5103965], [139.0153043, 36.5109227], [139.0154595, 36.5112961], [139.0156414, 36.5117837], [139.0158291, 36.5122338], [139.0158682, 36.5122954], [139.0158889, 36.5123217], [139.0158952, 36.5123951], [139.0159288, 36.5124532], [139.0159961, 36.5125152], [139.016078, 36.5126139], [139.0161605, 36.5127905], [139.0162665, 36.5131308], [139.0162855, 36.5132714]]}}, {"type": "Feature", "properties": {"MTFCC": "primary", "NAME": "\u6e0b\u5ddd\u677e\u4e95\u7530\u7dda", "OSM_ID": "way/247770202", "SOURCE": "OpenStreetMap", "highway": "primary", "surface": "asphalt", "lanes": "2"}, "geometry": {"type": "LineString", "coordinates": [[139.0130615, 36.4962118], [139.0129742, 36.4961496], [139.0122819, 36.4957188], [139.0115624, 36.495276], [139.0114556, 36.4952251], [139.0113125, 36.4951859], [139.0111248, 36.4951641], [139.0110302, 36.4951547], [139.0103361, 36.4950994], [139.0101755, 36.4950889], [139.0101074, 36.495086], [139.0100537, 36.4950812], [139.0099938, 36.4950775], [139.0099135, 36.4950688], [139.009684, 36.4950549], [139.0094959, 36.4950465], [139.0091497, 36.4950392], [139.0090181, 36.4950415], [139.0088784, 36.4950507], [139.0086049, 36.4950882], [139.0077513, 36.4951838], [139.0070018, 36.4952759], [139.005473, 36.4954291]]}}, {"type": "Feature", "properties": {"MTFCC": "residential", "NAME": "", "OSM_ID": "way/247770203", "SOURCE": "OpenStreetMap", "highway": "residential"}, "geometry": {"type": "LineString", "coordinates": [[139.0034046, 36.4974886], [139.0033338, 36.4976998], [139.0032546, 36.4979362], [139.003142, 36.498272], [139.0031029, 36.4983654], [139.0030246, 36.4987962], [139.0029829, 36.4989257], [139.0028947, 36.4992264], [139.002857, 36.49977], [139.002897, 36.5001211], [139.0029268, 36.5001483], [139.0030353, 36.501229], [139.0030418, 36.5020332]]}}, {"type": "Feature", "properties": {"MTFCC": "residential", "NAME": "", "OSM_ID": "way/247770204", "SOURCE": "OpenStreetMap", "highway": "residential"}, "geometry": {"type": "LineString", "coordinates": [[139.004377, 36.5000842], [139.0043767, 36.5007268]]}}, {"type": "Feature", "properties": {"MTFCC": "unclassified", "NAME": "", "OSM_ID": "way/247770205", "SOURCE": "OpenStreetMap", "highway": "unclassified"}, "geometry": {"type": "LineString", "coordinates": [[139.0045056, 36.4966682], [139.0045418, 36.4972173]]}}, {"type": "Feature", "properties": {"MTFCC": "residential", "NAME": "", "OSM_ID": "way/247770206", "SOURCE": "OpenStreetMap", "highway": "residential"}, "geometry": {"type": "LineString", "coordinates": [[139.0048956, 36.4996246], [139.0045219, 36.499632], [139.0039647, 36.4996429]]}}, {"type": "Feature", "properties": {"MTFCC": "residential", "NAME": "", "OSM_ID": "way/247770208", "SOURCE": "OpenStreetMap", "highway": "residential"}, "geometry": {"type": "LineString", "coordinates": [[139.0045723, 36.4980666], [139.0045326, 36.4988259], [139.0045219, 36.499632]]}}, {"type": "Feature", "properties": {"MTFCC": "residential", "NAME": "", "OSM_ID": "way/247770209", "SOURCE": "OpenStreetMap", "highway": "residential"}, "geometry": {"type": "LineString", "coordinates": [[139.0038429, 36.4980446], [139.0042346, 36.4980564], [139.0045723, 36.4980666], [139.0050368, 36.4980806]]}}, {"type": "Feature", "properties": {"MTFCC": "residential", "NAME": "", "OSM_ID": "way/247770210", "SOURCE": "OpenStreetMap", "highway": "residential"}, "geometry": {"type": "LineString", "coordinates": [[139.0051895, 36.5007708], [139.0051182, 36.500761], [139.0047069, 36.5007174], [139.0043767, 36.5007268], [139.0040379, 36.500735]]}}, {"type": "Feature", "properties": {"MTFCC": "residential", "NAME": "", "OSM_ID": "way/247770211", "SOURCE": "OpenStreetMap", "highway": "residential"}, "geometry": {"type": "LineString", "coordinates": [[139.0039392, 36.4969909], [139.0040687, 36.4972023], [139.0045418, 36.4972173], [139.0051095, 36.4972406]]}}, {"type": "Feature", "properties": {"MTFCC": "unclassified", "NAME": "", "OSM_ID": "way/247770212", "SOURCE": "OpenStreetMap", "highway": "unclassified", "surface": "asphalt"}, "geometry": {"type": "LineString", "coordinates": [[139.00558, 36.4966384], [139.005128, 36.496664], [139.0047325, 36.4966582], [139.0045056, 36.4966682], [139.0042839, 36.4967706], [139.0039392, 36.4969909], [139.0035254, 36.4971523]]}}, {"type": "Feature", "properties": {"MTFCC": "tertiary", "NAME": "", "OSM_ID": "way/266381566", "SOURCE": "OpenStreetMap", "highway": "tertiary", "surface": "asphalt", "lanes": "2"}, "geometry": {"type": "LineString", "coordinates": [[139.0022129, 36.5084177], [139.0028327, 36.5087719], [139.003752, 36.5092972], [139.0042608, 36.5095879], [139.0042658, 36.5095908]]}}, {"type": "Feature", "properties": {"MTFCC": "primary", "NAME": "\u4e09\u56fd\u8857\u9053", "OSM_ID": "way/270584846", "SOURCE": "OpenStreetMap", "highway": "primary", "surface": "asphalt", "lanes": "2"}, "geometry": {"type": "LineString", "coordinates": [[139.0027161, 36.483302], [139.002715, 36.4836087], [139.0027203, 36.4842903], [139.0027422, 36.4846386], [139.0027625, 36.4852932], [139.0027887, 36.48555], [139.0028046, 36.4860327], [139.0027936, 36.4864625], [139.002789, 36.4866433], [139.0027872, 36.4867128], [139.0027703, 36.4874198], [139.002777, 36.4879483], [139.0027719, 36.4884983], [139.0027588, 36.489034], [139.0027476, 36.4894142], [139.0027154, 36.4905078], [139.0027078, 36.4908968], [139.0027042, 36.4910844], [139.002696, 36.4916256], [139.0026932, 36.4918128], [139.0026884, 36.4922466], [139.0026799, 36.4933399], [139.00267, 36.4937438], [139.0026653, 36.4939662], [139.0026538, 36.494444], [139.0026526, 36.4944567]]}}, {"type": "Feature", "properties": {"MTFCC": "trunk", "NAME": "\u56fd\u9053353\u53f7", "OSM_ID": "way/272046654", "SOURCE": "OpenStreetMap", "highway": "trunk", "surface": "paved", "lanes": "2"}, "geometry": {"type": "LineString", "coordinates": [[139.0186382, 36.4968891], [139.0184291, 36.4968835], [139.018152, 36.4968615], [139.0177997, 36.4968371], [139.0174831, 36.4968066], [139.0172236, 36.4967808], [139.0171739, 36.4967788], [139.0171251, 36.4967768]]}}, {"type": "Feature", "properties": {"MTFCC": "tertiary", "NAME": "\u5e73\u6ca2\u6a4b", "OSM_ID": "way/313567993", "SOURCE": "OpenStreetMap", "highway": "tertiary", "lanes": "2", "bridge": "yes", "layer": "1"}, "geometry": {"type": "LineString", "coordinates": [[139.006189, 36.4941541], [139.0061067, 36.4942887]]}}, {"type": "Feature", "properties": {"MTFCC": "tertiary", "NAME": "\u6e0b\u5ddd\u99c5\u524d\u901a\u308a", "OSM_ID": "way/313567995", "SOURCE": "OpenStreetMap", "highway": "tertiary", "surface": "asphalt", "lanes": "2"}, "geometry": {"type": "LineString", "coordinates": [[139.0061067, 36.4942887], [139.0060869, 36.4943181], [139.0055181, 36.4952548], [139.005473, 36.4954291]]}}, {"type": "Feature", "properties": {"MTFCC": "cycleway", "NAME": "", "OSM_ID": "way/314579056", "SOURCE": "OpenStreetMap", "highway": "cycleway"}, "geometry": {"type": "LineString", "coordinates": [[139.007353, 36.5034188], [139.0074429, 36.5033908], [139.0074751, 36.503369], [139.0074722, 36.5033281], [139.0080384, 36.502945], [139.0080699, 36.5029144], [139.0080957, 36.5028816], [139.008148, 36.5027906], [139.0081738, 36.5027168], [139.0081824, 36.5026598], [139.0082154, 36.5025774], [139.0082085, 36.5025386], [139.0082147, 36.5025053]]}}, {"type": "Feature", "properties": {"MTFCC": "trunk", "NAME": "\u6e0b\u5ddd\u30d0\u30a4\u30d1\u30b9", "OSM_ID": "way/314579057", "SOURCE": "OpenStreetMap", "highway": "trunk", "surface": "paved", "lanes": "2"}, "geometry": {"type": "LineString", "coordinates": [[139.0049269, 36.5030347], [139.0050295, 36.502965], [139.0051405, 36.5028975], [139.0052399, 36.502843], [139.0055194, 36.5027088], [139.005908, 36.5025247]]}}, {"type": "Feature", "properties": {"MTFCC": "trunk", "NAME": "\u6e0b\u5ddd\u30d0\u30a4\u30d1\u30b9", "OSM_ID": "way/314579058", "SOURCE": "OpenStreetMap", "highway": "trunk", "surface": "paved", "lanes": "1"}, "geometry": {"type": "LineString", "coordinates": [[139.0066834, 36.5020641], [139.0065312, 36.5021242], [139.0063952, 36.5021899], [139.0062809, 36.5022456], [139.0059183, 36.5024156]]}}, {"type": "Feature", "properties": {"MTFCC": "tertiary", "NAME": "\u6e0b\u5ddd\u99c5\u524d\u901a\u308a", "OSM_ID": "way/314579060", "SOURCE": "OpenStreetMap", "highway": "tertiary", "surface": "asphalt", "lanes": "2"}, "geometry": {"type": "LineString", "coordinates": [[139.007791, 36.4914936], [139.0073857, 36.4921816], [139.0073031, 36.4923149], [139.0069807, 36.4928352], [139.0066357, 36.4934351], [139.0064144, 36.4937912], [139.0062132, 36.4941151], [139.006189, 36.4941541]]}}, {"type": "Feature", "properties": {"MTFCC": "unclassified", "NAME": "", "OSM_ID": "way/314579061", "SOURCE": "OpenStreetMap", "highway": "unclassified"}, "geometry": {"type": "LineString", "coordinates": [[139.0082147, 36.5025053], [139.0081044, 36.5026758], [139.0080726, 36.5027249], [139.0079832, 36.5029053], [139.0079377, 36.5029529], [139.0076061, 36.5031813], [139.0074346, 36.5032974], [139.0073839, 36.5033533], [139.007353, 36.5034188]]}}, {"type": "Feature", "properties": {"MTFCC": "unclassified", "NAME": "", "OSM_ID": "way/314579065", "SOURCE": "OpenStreetMap", "highway": "unclassified"}, "geometry": {"type": "LineString", "coordinates": [[139.0034342, 36.5021301], [139.0034292, 36.5020907], [139.0034104, 36.5020586], [139.0030418, 36.5020332], [139.0026575, 36.5020318], [139.0026204, 36.5021689], [139.002592, 36.502311], [139.002509, 36.502485], [139.0020206, 36.5024275], [139.001789, 36.5023857], [139.0015055, 36.5023017], [139.001424, 36.5022053], [139.0010928, 36.5020629], [139.0011173, 36.5018392], [139.0010902, 36.5017435], [139.0009563, 36.5016745], [139.0008252, 36.5016087], [139.000752, 36.501539], [139.000724, 36.501359], [139.0007117, 36.5011569]]}}, {"type": "Feature", "properties": {"MTFCC": "tertiary", "NAME": "", "OSM_ID": "way/314579066", "SOURCE": "OpenStreetMap", "highway": "tertiary", "lanes": "2", "bridge": "yes"}, "geometry": {"type": "LineString", "coordinates": [[139.0052144, 36.4943626], [139.0051885, 36.4942592]]}}, {"type": "Feature", "properties": {"MTFCC": "unclassified", "NAME": "", "OSM_ID": "way/314579067", "SOURCE": "OpenStreetMap", "highway": "unclassified"}, "geometry": {"type": "LineString", "coordinates": [[139.0084853, 36.4971537], [139.0082194, 36.4968564], [139.0081762, 36.4968003], [139.0080264, 36.4966888], [139.0077242, 36.496554], [139.0075123, 36.496404], [139.0074423, 36.4963545], [139.0073158, 36.4962436], [139.0072216, 36.49613], [139.0071583, 36.4960908]]}}, {"type": "Feature", "properties": {"MTFCC": "tertiary", "NAME": "\u30de\u30ed\u30cb\u30a8\u901a\u308a", "OSM_ID": "way/315786788", "SOURCE": "OpenStreetMap", "highway": "tertiary", "surface": "asphalt", "lanes": "2"}, "geometry": {"type": "LineString", "coordinates": [[139.0041188, 36.502083], [139.0042105, 36.5020361], [139.0047964, 36.5014284], [139.0050782, 36.5010744], [139.0051895, 36.5007708], [139.0052374, 36.5005871], [139.0053186, 36.5000686], [139.0054633, 36.4988528], [139.0056005, 36.4976344], [139.00558, 36.4966384], [139.005525, 36.4958738], [139.005473, 36.4954291]]}}, {"type": "Feature", "properties": {"MTFCC": "tertiary", "NAME": "\u30de\u30ed\u30cb\u30a8\u901a\u308a", "OSM_ID": "way/315786789", "SOURCE": "OpenStreetMap", "highway": "tertiary", "surface": "asphalt", "lanes": "2"}, "geometry": {"type": "LineString", "coordinates": [[139.005473, 36.4954291], [139.0052244, 36.4943894], [139.0052144, 36.4943626]]}}, {"type": "Feature", "properties": {"MTFCC": "tertiary", "NAME": "\u30de\u30ed\u30cb\u30a8\u901a\u308a", "OSM_ID": "way/315786790", "SOURCE": "OpenStreetMap", "highway": "tertiary", "surface": "asphalt", "lanes": "2"}, "geometry": {"type": "LineString", "coordinates": [[139.0051885, 36.4942592], [139.0051781, 36.4942235], [139.0049313, 36.493305], [139.004851, 36.493006], [139.0045703, 36.49195], [139.0044487, 36.491492], [139.0042904, 36.4909012], [139.004125, 36.490345], [139.0039329, 36.4895793], [139.003792, 36.489323], [139.0035408, 36.4890047], [139.0029911, 36.4885826], [139.0027719, 36.4884983]]}}, {"type": "Feature", "properties": {"MTFCC": "residential", "NAME": "", "OSM_ID": "way/329551022", "SOURCE": "OpenStreetMap", "highway": "residential", "surface": "asphalt"}, "geometry": {"type": "LineString", "coordinates": [[139.0030666, 36.5105578], [139.0030197, 36.510526], [139.0025715, 36.5102219], [139.0024435, 36.5101037], [139.0024715, 36.5100595], [139.0024908, 36.5100034], [139.0025005, 36.5099501], [139.0024883, 36.5099038], [139.0024646, 36.5098556], [139.0021835, 36.5094956], [139.0017358, 36.5089204], [139.0015996, 36.5088479], [139.0014999, 36.5087673], [139.0014251, 36.5086947], [139.001378, 36.5086448], [139.0013142, 36.5085931], [139.0010479, 36.5083733], [139.0007866, 36.5082166]]}}, {"type": "Feature", "properties": {"MTFCC": "unclassified", "NAME": "", "OSM_ID": "way/329551027", "SOURCE": "OpenStreetMap", "highway": "unclassified", "surface": "asphalt", "bridge": "yes", "layer": "1"}, "geometry": {"type": "LineString", "coordinates": [[139.0031338, 36.5106086], [139.0030666, 36.5105578]]}}, {"type": "Feature", "properties": {"MTFCC": "tertiary", "NAME": "", "OSM_ID": "way/329560280", "SOURCE": "OpenStreetMap", "highway": "tertiary", "surface": "asphalt", "lanes": "2"}, "geometry": {"type": "LineString", "coordinates": [[139.0007755, 36.5075977], [139.0012195, 36.5078404], [139.0012827, 36.507876], [139.0022129, 36.5084177]]}}, {"type": "Feature", "properties": {"MTFCC": "residential", "NAME": "", "OSM_ID": "way/329560281", "SOURCE": "OpenStreetMap", "highway": "residential", "surface": "asphalt"}, "geometry": {"type": "LineString", "coordinates": [[139.0034732, 36.5047135], [139.0035335, 36.5047227], [139.0036695, 36.5047518], [139.0038034, 36.5047777], [139.0039014, 36.5047922], [139.0043052, 36.5048029]]}}, {"type": "Feature", "properties": {"MTFCC": "residential", "NAME": "", "OSM_ID": "way/346099237", "SOURCE": "OpenStreetMap", "highway": "residential", "surface": "asphalt"}, "geometry": {"type": "LineString", "coordinates": [[138.9993961, 36.5096975], [138.9995126, 36.5097077], [138.9996429, 36.509712], [138.9997165, 36.5097034], [139.0000454, 36.5096417], [139.0003767, 36.5095433], [139.0007502, 36.5094281], [139.0008208, 36.5094063], [139.0009382, 36.5093698], [139.0010633, 36.509331], [139.0012362, 36.509248], [139.001493, 36.509111], [139.0017358, 36.5089204], [139.0021676, 36.5084878], [139.0022129, 36.5084177]]}}, {"type": "Feature", "properties": {"MTFCC": "residential", "NAME": "", "OSM_ID": "way/346099243", "SOURCE": "OpenStreetMap", "highway": "residential"}, "geometry": {"type": "LineString", "coordinates": [[139.0236807, 36.5018934], [139.023584, 36.501936], [139.0235579, 36.5020348], [139.0234142, 36.5023794], [139.0233599, 36.5025609], [139.0233554, 36.50263], [139.0233637, 36.5027201], [139.0233667, 36.5027526], [139.0234509, 36.5032089], [139.0234947, 36.5034463], [139.0234844, 36.5036089], [139.0234369, 36.5037443], [139.0233246, 36.503911]]}}, {"type": "Feature", "properties": {"MTFCC": "secondary", "NAME": "\u4e0b\u4e45\u5c4b\u6e0b\u5ddd\u7dda", "OSM_ID": "way/346099252", "SOURCE": "OpenStreetMap", "highway": "secondary", "surface": "asphalt", "lanes": "2"}, "geometry": {"type": "LineString", "coordinates": [[139.0271254, 36.514593], [139.0264211, 36.5134789], [139.0261757, 36.5131305], [139.025381, 36.5121698], [139.0251433, 36.5118875], [139.0248842, 36.5116183], [139.0244687, 36.5112322], [139.0242668, 36.5110372], [139.0241207, 36.5108961], [139.0237212, 36.5103612], [139.0236647, 36.5102654], [139.0235137, 36.5100152], [139.0234562, 36.509902], [139.0234039, 36.5097889], [139.0233663, 36.509667], [139.0233356, 36.5095201], [139.0233127, 36.5093297], [139.0232778, 36.5089545], [139.0232647, 36.5086118], [139.0232725, 36.5084867], [139.0233006, 36.508159], [139.0233862, 36.5075271], [139.0234446, 36.5071086], [139.0234738, 36.5069184], [139.0234672, 36.5067993], [139.0234651, 36.506716], [139.0234401, 36.5065322], [139.0233847, 36.5063275], [139.0232564, 36.5059776]]}}, {"type": "Feature", "properties": {"MTFCC": "secondary", "NAME": "\u4e0b\u4e45\u5c4b\u6e0b\u5ddd\u7dda", "OSM_ID": "way/346099256", "SOURCE": "OpenStreetMap", "highway": "secondary", "surface": "asphalt", "lanes": "2", "bridge": "yes", "layer": "1"}, "geometry": {"type": "LineString", "coordinates": [[139.0232564, 36.5059776], [139.0230491, 36.5055349], [139.0229918, 36.5053885], [139.0229589, 36.5052447], [139.0229473, 36.5051411], [139.0229475, 36.5050431], [139.0229495, 36.5049364], [139.0229734, 36.5048181], [139.0230035, 36.5046899], [139.0230558, 36.5045618], [139.0231279, 36.5044463], [139.0231961, 36.504343], [139.0233318, 36.5041438], [139.0235192, 36.5038948]]}}, {"type": "Feature", "properties": {"MTFCC": "unclassified", "NAME": "", "OSM_ID": "way/372943005", "SOURCE": "OpenStreetMap", "highway": "unclassified", "surface": "asphalt"}, "geometry": {"type": "LineString", "coordinates": [[139.0117811, 36.4995066], [139.0118734, 36.4995363], [139.0119067, 36.4995583], [139.0119503, 36.4996361], [139.0119436, 36.4997673], [139.0119933, 36.5000223], [139.0120012, 36.5000773]]}}, {"type": "Feature", "properties": {"MTFCC": "trunk", "NAME": "\u56fd\u9053353\u53f7", "OSM_ID": "way/373556911", "SOURCE": "OpenStreetMap", "highway": "trunk", "surface": "paved", "lanes": "2", "bridge": "yes", "layer": "1"}, "geometry": {"type": "LineString", "coordinates": [[139.023059, 36.5007123], [139.0229883, 36.5005707]]}}, {"type": "Feature", "properties": {"MTFCC": "trunk", "NAME": "\u56fd\u9053353\u53f7", "OSM_ID": "way/373556923", "SOURCE": "OpenStreetMap", "highway": "trunk", "surface": "paved", "lanes": "2"}, "geometry": {"type": "LineString", "coordinates": [[139.02295, 36.5005019], [139.0229018, 36.5003957], [139.0227053, 36.4999407], [139.0226129, 36.4996841], [139.0224178, 36.4991903], [139.0223659, 36.4990764], [139.0223038, 36.4989705], [139.0221373, 36.4987634], [139.0216194, 36.4981626], [139.0214812, 36.4980111], [139.021382, 36.4979262], [139.0203283, 36.4971711], [139.0202132, 36.4970978], [139.0201518, 36.4970587], [139.0200081, 36.4969886], [139.0198557, 36.4969415], [139.0196614, 36.4969091], [139.0188087, 36.4968948]]}}, {"type": "Feature", "properties": {"MTFCC": "unclassified", "NAME": "", "OSM_ID": "way/420431654", "SOURCE": "OpenStreetMap", "highway": "unclassified", "surface": "asphalt", "lanes": "1"}, "geometry": {"type": "LineString", "coordinates": [[139.0163348, 36.512196], [139.016415, 36.5121883], [139.0165832, 36.5121457]]}}, {"type": "Feature", "properties": {"MTFCC": "unclassified", "NAME": "", "OSM_ID": "way/434865204", "SOURCE": "OpenStreetMap", "highway": "unclassified"}, "geometry": {"type": "LineString", "coordinates": [[139.0164389, 36.5077759], [139.0176019, 36.5075265], [139.0177207, 36.5075055], [139.0178525, 36.507474], [139.0182081, 36.5074402], [139.0185588, 36.5074266], [139.0189148, 36.5074805], [139.0189819, 36.5074685], [139.020212, 36.5072788], [139.0207995, 36.507219]]}}, {"type": "Feature", "properties": {"MTFCC": "tertiary", "NAME": "", "OSM_ID": "way/434866258", "SOURCE": "OpenStreetMap", "highway": "tertiary"}, "geometry": {"type": "LineString", "coordinates": [[139.020688, 36.5051119], [139.0199275, 36.505492], [139.0193986, 36.5056795]]}}, {"type": "Feature", "properties": {"MTFCC": "trunk", "NAME": "\u6e0b\u5ddd\u30d0\u30a4\u30d1\u30b9", "OSM_ID": "way/437163807", "SOURCE": "OpenStreetMap", "highway": "trunk", "surface": "paved", "lanes": "2"}, "geometry": {"type": "LineString", "coordinates": [[139.0116784, 36.4995426], [139.0117811, 36.4995066]]}}, {"type": "Feature", "properties": {"MTFCC": "trunk", "NAME": "\u6e0b\u5ddd\u30d0\u30a4\u30d1\u30b9", "OSM_ID": "way/437163808", "SOURCE": "OpenStreetMap", "highway": "trunk", "surface": "paved", "lanes": "1"}, "geometry": {"type": "LineString", "coordinates": [[139.0117811, 36.4995066], [139.0116781, 36.4994401]]}}, {"type": "Feature", "properties": {"MTFCC": "track", "NAME": "", "OSM_ID": "way/441720529", "SOURCE": "OpenStreetMap", "highway": "track"}, "geometry": {"type": "LineString", "coordinates": [[139.0101979, 36.5008221], [139.010306, 36.5005109], [139.010292, 36.5004489], [139.0102987, 36.5003903]]}}, {"type": "Feature", "properties": {"MTFCC": "cycleway", "NAME": "", "OSM_ID": "way/441720530", "SOURCE": "OpenStreetMap", "highway": "cycleway"}, "geometry": {"type": "LineString", "coordinates": [[139.0104127, 36.5003835], [139.0104227, 36.5004015], [139.0104134, 36.500429], [139.0102557, 36.5008347], [139.0102442, 36.5008657], [139.0102169, 36.5008825], [139.0098258, 36.5010643], [139.0096496, 36.5011603], [139.0096337, 36.5011903], [139.0096568, 36.5012244]]}}, {"type": "Feature", "properties": {"MTFCC": "service", "NAME": "", "OSM_ID": "way/441720531", "SOURCE": "OpenStreetMap", "highway": "service"}, "geometry": {"type": "LineString", "coordinates": [[139.0087822, 36.5015234], [139.0088536, 36.5013625], [139.0088731, 36.5012982], [139.0088809, 36.5012648], [139.008881, 36.5012239], [139.0088753, 36.5011887], [139.0088541, 36.5011571], [139.008817, 36.501126]]}}, {"type": "Feature", "properties": {"MTFCC": "footway", "NAME": "", "OSM_ID": "way/441720532", "SOURCE": "OpenStreetMap", "highway": "footway"}, "geometry": {"type": "LineString", "coordinates": [[139.007193, 36.5019565], [139.0071715, 36.5019274], [139.0071151, 36.5018509], [139.0070884, 36.5018146]]}}, {"type": "Feature", "properties": {"MTFCC": "service", "NAME": "", "OSM_ID": "way/441720533", "SOURCE": "OpenStreetMap", "highway": "service"}, "geometry": {"type": "LineString", "coordinates": [[139.0042218, 36.5038647], [139.0041659, 36.5038658], [139.0039224, 36.5038891], [139.0038328, 36.5039093], [139.003755, 36.5039448], [139.0036677, 36.5040011], [139.003601, 36.5040497], [139.0035176, 36.504143], [139.0033973, 36.5044182], [139.0033482, 36.5045122], [139.0032997, 36.5046223], [139.0031604, 36.5049131], [139.0030093, 36.5051695], [139.0029967, 36.5052156], [139.0029402, 36.5053776], [139.0028525, 36.5055991], [139.0027415, 36.5058144]]}}, {"type": "Feature", "properties": {"MTFCC": "primary", "NAME": "\u4e09\u56fd\u8857\u9053", "OSM_ID": "way/441720534", "SOURCE": "OpenStreetMap", "highway": "primary", "lanes": "1"}, "geometry": {"type": "LineString", "coordinates": [[139.0041188, 36.502083], [139.0041184, 36.5024847], [139.0041755, 36.503028], [139.0041987, 36.5032539], [139.004202, 36.5033171], [139.0042112, 36.503467], [139.0042216, 36.5037793]]}}, {"type": "Feature", "properties": {"MTFCC": "service", "NAME": "", "OSM_ID": "way/441720535", "SOURCE": "OpenStreetMap", "highway": "service"}, "geometry": {"type": "LineString", "coordinates": [[139.0033482, 36.5045122], [139.0033809, 36.504528]]}}, {"type": "Feature", "properties": {"MTFCC": "service", "NAME": "", "OSM_ID": "way/441720536", "SOURCE": "OpenStreetMap", "highway": "service"}, "geometry": {"type": "LineString", "coordinates": [[139.0034732, 36.5047135], [139.0034891, 36.5045881], [139.0034867, 36.5045774], [139.0034789, 36.5045656], [139.0034565, 36.5045549]]}}, {"type": "Feature", "properties": {"MTFCC": "service", "NAME": "", "OSM_ID": "way/441720537", "SOURCE": "OpenStreetMap", "highway": "service"}, "geometry": {"type": "LineString", "coordinates": [[139.0043202, 36.5052441], [139.0041288, 36.5052311], [139.0036783, 36.5052096], [139.003369, 36.5052032]]}}, {"type": "Feature", "properties": {"MTFCC": "footway", "NAME": "", "OSM_ID": "way/441720538", "SOURCE": "OpenStreetMap", "highway": "footway"}, "geometry": {"type": "LineString", "coordinates": [[139.003369, 36.5052032], [139.0032957, 36.5051942], [139.0032138, 36.5051771], [139.0031729, 36.5051635]]}}, {"type": "Feature", "properties": {"MTFCC": "footway", "NAME": "", "OSM_ID": "way/441720539", "SOURCE": "OpenStreetMap", "highway": "footway", "bridge": "yes"}, "geometry": {"type": "LineString", "coordinates": [[139.0031729, 36.5051635], [139.0030925, 36.5051397]]}}, {"type": "Feature", "properties": {"MTFCC": "footway", "NAME": "", "OSM_ID": "way/441720540", "SOURCE": "OpenStreetMap", "highway": "footway"}, "geometry": {"type": "LineString", "coordinates": [[139.0030925, 36.5051397], [139.0030699, 36.5051499], [139.0030431, 36.505176], [139.0029967, 36.5052156]]}}, {"type": "Feature", "properties": {"MTFCC": "trunk_link", "NAME": "", "OSM_ID": "way/441720541", "SOURCE": "OpenStreetMap", "highway": "trunk_link", "surface": "paved", "lanes": "1"}, "geometry": {"type": "LineString", "coordinates": [[139.0045195, 36.5032985], [139.0044361, 36.5033466], [139.0044078, 36.5033608], [139.0043724, 36.5033666], [139.0043443, 36.5033668], [139.0043232, 36.5033607], [139.0043169, 36.5033588], [139.0042819, 36.5033385], [139.0042671, 36.503323], [139.0042519, 36.5032924]]}}, {"type": "Feature", "properties": {"MTFCC": "primary", "NAME": "\u4e09\u56fd\u8857\u9053", "OSM_ID": "way/441720542", "SOURCE": "OpenStreetMap", "highway": "primary", "surface": "asphalt", "lanes": "1"}, "geometry": {"type": "LineString", "coordinates": [[139.0042665, 36.50394], [139.0042668, 36.5037979], [139.0042697, 36.5036681]]}}, {"type": "Feature", "properties": {"MTFCC": "trunk", "NAME": "\u6e0b\u5ddd\u30d0\u30a4\u30d1\u30b9", "OSM_ID": "way/441720543", "SOURCE": "OpenStreetMap", "highway": "trunk", "surface": "paved", "lanes": "1"}, "geometry": {"type": "LineString", "coordinates": [[139.0042216, 36.5037793], [139.0042218, 36.5038647], [139.0042399, 36.5039125], [139.0042665, 36.50394]]}}, {"type": "Feature", "properties": {"MTFCC": "primary", "NAME": "\u4e09\u56fd\u8857\u9053", "OSM_ID": "way/441720544", "SOURCE": "OpenStreetMap", "highway": "primary", "lanes": "1"}, "geometry": {"type": "LineString", "coordinates": [[139.0042697, 36.5036681], [139.0042576, 36.503413], [139.0042519, 36.5032924], [139.0042517, 36.5032522], [139.0042269, 36.5030273], [139.0041712, 36.5025895], [139.0041188, 36.502083]]}}, {"type": "Feature", "properties": {"MTFCC": "residential", "NAME": "", "OSM_ID": "way/441720545", "SOURCE": "OpenStreetMap", "highway": "residential"}, "geometry": {"type": "LineString", "coordinates": [[139.0026984, 36.5036585], [139.0027551, 36.5030941]]}}, {"type": "Feature", "properties": {"MTFCC": "service", "NAME": "", "OSM_ID": "way/441720546", "SOURCE": "OpenStreetMap", "highway": "service"}, "geometry": {"type": "LineString", "coordinates": [[139.0041755, 36.503028], [139.0041103, 36.503029], [139.003498, 36.5030382]]}}, {"type": "Feature", "properties": {"MTFCC": "service", "NAME": "", "OSM_ID": "way/441720548", "SOURCE": "OpenStreetMap", "highway": "service", "surface": "asphalt"}, "geometry": {"type": "LineString", "coordinates": [[139.0055303, 36.5038311], [139.0054441, 36.5037854], [139.0052879, 36.5036946], [139.0052263, 36.5036483], [139.0050906, 36.5035227], [139.0049837, 36.5034319], [139.0049097, 36.5033955], [139.004866, 36.5033744], [139.0048224, 36.5033402], [139.0047836, 36.5033106], [139.0047588, 36.5033108], [139.0047038, 36.5033029], [139.0046775, 36.5032958], [139.0046391, 36.5032713]]}}, {"type": "Feature", "properties": {"MTFCC": "residential", "NAME": "", "OSM_ID": "way/441720549", "SOURCE": "OpenStreetMap", "highway": "residential"}, "geometry": {"type": "LineString", "coordinates": [[139.0044905, 36.5034189], [139.0045512, 36.5034518], [139.0045978, 36.5034707], [139.0046289, 36.5034752], [139.0047891, 36.5034841], [139.0048741, 36.5034869]]}}, {"type": "Feature", "properties": {"MTFCC": "service", "NAME": "", "OSM_ID": "way/441720550", "SOURCE": "OpenStreetMap", "highway": "service"}, "geometry": {"type": "LineString", "coordinates": [[139.0046145, 36.5039305], [139.0046289, 36.5034752]]}}, {"type": "Feature", "properties": {"MTFCC": "service", "NAME": "", "OSM_ID": "way/441720551", "SOURCE": "OpenStreetMap", "highway": "service"}, "geometry": {"type": "LineString", "coordinates": [[139.0047891, 36.5034841], [139.0047828, 36.5036706]]}}, {"type": "Feature", "properties": {"MTFCC": "service", "NAME": "", "OSM_ID": "way/441720552", "SOURCE": "OpenStreetMap", "highway": "service"}, "geometry": {"type": "LineString", "coordinates": [[139.0049698, 36.5036558], [139.0049678, 36.5035337], [139.0049518, 36.5035101], [139.0049252, 36.5034913], [139.0048741, 36.5034869]]}}, {"type": "Feature", "properties": {"MTFCC": "residential", "NAME": "", "OSM_ID": "way/441720553", "SOURCE": "OpenStreetMap", "highway": "residential"}, "geometry": {"type": "LineString", "coordinates": [[139.0059161, 36.5033439], [139.0059255, 36.5031046], [139.0059174, 36.5026432], [139.0059129, 36.5025696], [139.005912, 36.5025549], [139.005908, 36.5025247]]}}, {"type": "Feature", "properties": {"MTFCC": "trunk", "NAME": "\u6e0b\u5ddd\u30d0\u30a4\u30d1\u30b9", "OSM_ID": "way/441720554", "SOURCE": "OpenStreetMap", "highway": "trunk", "surface": "paved", "lanes": "2"}, "geometry": {"type": "LineString", "coordinates": [[139.005908, 36.5025247], [139.0064555, 36.5022554], [139.0068681, 36.5020708], [139.0071715, 36.5019274], [139.0072467, 36.5018873], [139.0082348, 36.5014026], [139.0086132, 36.5012337], [139.008817, 36.501126]]}}, {"type": "Feature", "properties": {"MTFCC": "residential", "NAME": "", "OSM_ID": "way/441720555", "SOURCE": "OpenStreetMap", "highway": "residential"}, "geometry": {"type": "LineString", "coordinates": [[139.005908, 36.5025247], [139.0059091, 36.5024774], [139.0059183, 36.5024156]]}}, {"type": "Feature", "properties": {"MTFCC": "trunk", "NAME": "\u6e0b\u5ddd\u30d0\u30a4\u30d1\u30b9", "OSM_ID": "way/441720557", "SOURCE": "OpenStreetMap", "highway": "trunk", "surface": "paved", "lanes": "1"}, "geometry": {"type": "LineString", "coordinates": [[139.0059183, 36.5024156], [139.0053238, 36.5027086], [139.0051012, 36.5028209], [139.0049444, 36.502925], [139.0047398, 36.503093], [139.0045195, 36.5032985], [139.0043989, 36.5034166], [139.00438, 36.5034425], [139.0043509, 36.5034826], [139.0043094, 36.503549], [139.0042697, 36.5036681]]}}, {"type": "Feature", "properties": {"MTFCC": "residential", "NAME": "", "OSM_ID": "way/441720558", "SOURCE": "OpenStreetMap", "highway": "residential"}, "geometry": {"type": "LineString", "coordinates": [[139.0059183, 36.5024156], [139.0059024, 36.5023691], [139.005865, 36.5020309], [139.0058538, 36.5019382]]}}, {"type": "Feature", "properties": {"MTFCC": "residential", "NAME": "", "OSM_ID": "way/441720559", "SOURCE": "OpenStreetMap", "highway": "residential"}, "geometry": {"type": "LineString", "coordinates": [[139.0064555, 36.5022554], [139.0063952, 36.5021899], [139.0063614, 36.5021552], [139.0062998, 36.5021299], [139.0062247, 36.5021138], [139.0061807, 36.5021017], [139.0061777, 36.5020206], [139.006175, 36.50196], [139.0061677, 36.5017487]]}}, {"type": "Feature", "properties": {"MTFCC": "footway", "NAME": "", "OSM_ID": "way/441720560", "SOURCE": "OpenStreetMap", "highway": "footway"}, "geometry": {"type": "LineString", "coordinates": [[139.0033482, 36.5045122], [139.0033023, 36.5044742], [139.0032063, 36.5043996], [139.0031816, 36.5043805]]}}, {"type": "Feature", "properties": {"MTFCC": "footway", "NAME": "", "OSM_ID": "way/441720561", "SOURCE": "OpenStreetMap", "highway": "footway"}, "geometry": {"type": "LineString", "coordinates": [[139.0033633, 36.5041248], [139.0033015, 36.5042139], [139.0031816, 36.5043805], [139.0031128, 36.5044283], [139.0030595, 36.5044274]]}}, {"type": "Feature", "properties": {"MTFCC": "service", "NAME": "", "OSM_ID": "way/441720567", "SOURCE": "OpenStreetMap", "highway": "service"}, "geometry": {"type": "LineString", "coordinates": [[139.0015808, 36.5054861], [139.0016933, 36.5053985], [139.0021675, 36.5050735], [139.0022249, 36.5050214], [139.0022474, 36.5049712], [139.0022349, 36.504913], [139.002175, 36.5048328], [139.0020977, 36.5047967], [139.0014899, 36.504709], [139.0011596, 36.5046311], [139.0007924, 36.5046402], [139.0003931, 36.50458], [139.0002358, 36.504578], [139.000141, 36.50458], [139.0000511, 36.504562], [138.9998631, 36.5045144]]}}, {"type": "Feature", "properties": {"MTFCC": "service", "NAME": "", "OSM_ID": "way/441720568", "SOURCE": "OpenStreetMap", "highway": "service"}, "geometry": {"type": "LineString", "coordinates": [[139.0026998, 36.504887], [139.0024434, 36.5048173], [139.0025918, 36.5046803], [139.0025943, 36.5046803], [139.002784, 36.504582], [139.0028813, 36.504558], [139.0029553, 36.5045606]]}}, {"type": "Feature", "properties": {"MTFCC": "residential", "NAME": "", "OSM_ID": "way/441720570", "SOURCE": "OpenStreetMap", "highway": "residential"}, "geometry": {"type": "LineString", "coordinates": [[139.0018359, 36.5035602], [139.0019404, 36.5029932]]}}, {"type": "Feature", "properties": {"MTFCC": "unclassified", "NAME": "", "OSM_ID": "way/454130812", "SOURCE": "OpenStreetMap", "highway": "unclassified", "surface": "asphalt"}, "geometry": {"type": "LineString", "coordinates": [[139.003875, 36.495596], [139.0038841, 36.4959743], [139.0030264, 36.4962938]]}}, {"type": "Feature", "properties": {"MTFCC": "unclassified", "NAME": "", "OSM_ID": "way/454130813", "SOURCE": "OpenStreetMap", "highway": "unclassified", "surface": "asphalt"}, "geometry": {"type": "LineString", "coordinates": [[139.0042839, 36.4967706], [139.0041335, 36.4964444], [139.0039108, 36.4960275], [139.0038841, 36.4959743]]}}, {"type": "Feature", "properties": {"MTFCC": "residential", "NAME": "", "OSM_ID": "way/454130814", "SOURCE": "OpenStreetMap", "highway": "residential", "surface": "asphalt"}, "geometry": {"type": "LineString", "coordinates": [[139.0033008, 36.4967875], [139.003703, 36.496632], [139.0041335, 36.4964444], [139.004463, 36.4963002], [139.0047106, 36.4962936]]}}, {"type": "Feature", "properties": {"MTFCC": "unclassified", "NAME": "", "OSM_ID": "way/454130815", "SOURCE": "OpenStreetMap", "highway": "unclassified", "surface": "asphalt"}, "geometry": {"type": "LineString", "coordinates": [[139.0047325, 36.4966582], [139.0047106, 36.4962936], [139.0046915, 36.4959763]]}}, {"type": "Feature", "properties": {"MTFCC": "unclassified", "NAME": "", "OSM_ID": "way/454130816", "SOURCE": "OpenStreetMap", "highway": "unclassified", "surface": "asphalt"}, "geometry": {"type": "LineString", "coordinates": [[139.0039392, 36.4969909], [139.003703, 36.496632]]}}, {"type": "Feature", "properties": {"MTFCC": "residential", "NAME": "", "OSM_ID": "way/454130817", "SOURCE": "OpenStreetMap", "highway": "residential"}, "geometry": {"type": "LineString", "coordinates": [[139.0026237, 36.4963983], [139.0027128, 36.4967039], [139.0027097, 36.4967806], [139.00269, 36.4972289]]}}, {"type": "Feature", "properties": {"MTFCC": "unclassified", "NAME": "", "OSM_ID": "way/454130818", "SOURCE": "OpenStreetMap", "highway": "unclassified", "surface": "asphalt"}, "geometry": {"type": "LineString", "coordinates": [[139.0065423, 36.4962661], [139.0064692, 36.495779]]}}, {"type": "Feature", "properties": {"MTFCC": "unclassified", "NAME": "", "OSM_ID": "way/454130819", "SOURCE": "OpenStreetMap", "highway": "unclassified", "surface": "asphalt"}, "geometry": {"type": "LineString", "coordinates": [[139.0014515, 36.4949565], [139.002662, 36.4948551], [139.0032458, 36.4948156], [139.0037526, 36.4947616], [139.004525, 36.4946617]]}}, {"type": "Feature", "properties": {"MTFCC": "unclassified", "NAME": "", "OSM_ID": "way/454130820", "SOURCE": "OpenStreetMap", "highway": "unclassified"}, "geometry": {"type": "LineString", "coordinates": [[139.0044898, 36.4944483], [139.004525, 36.4946617], [139.0045867, 36.4950357], [139.0045908, 36.4950603], [139.0046655, 36.4955132]]}}, {"type": "Feature", "properties": {"MTFCC": "unclassified", "NAME": "", "OSM_ID": "way/454130821", "SOURCE": "OpenStreetMap", "highway": "unclassified"}, "geometry": {"type": "LineString", "coordinates": [[139.0032458, 36.4948156], [139.0032842, 36.4951333], [139.0033024, 36.495165], [139.0033339, 36.4951811], [139.0038004, 36.4951323], [139.0045867, 36.4950357]]}}, {"type": "Feature", "properties": {"MTFCC": "unclassified", "NAME": "", "OSM_ID": "way/454130823", "SOURCE": "OpenStreetMap", "highway": "unclassified"}, "geometry": {"type": "LineString", "coordinates": [[139.0046641, 36.4942706], [139.0045744, 36.4938827], [139.0044171, 36.4930845]]}}, {"type": "Feature", "properties": {"MTFCC": "service", "NAME": "", "OSM_ID": "way/454130826", "SOURCE": "OpenStreetMap", "highway": "service"}, "geometry": {"type": "LineString", "coordinates": [[139.0022356, 36.5012074], [139.0022099, 36.5018034]]}}, {"type": "Feature", "properties": {"MTFCC": "unclassified", "NAME": "", "OSM_ID": "way/493478098", "SOURCE": "OpenStreetMap", "highway": "unclassified", "surface": "asphalt"}, "geometry": {"type": "LineString", "coordinates": [[139.0044229, 36.5057768], [139.0043583, 36.5058914], [139.0043435, 36.5061216], [139.0044455, 36.506315], [139.0044898, 36.5063549], [139.0046717, 36.5064298]]}}, {"type": "Feature", "properties": {"MTFCC": "service", "NAME": "", "OSM_ID": "way/508429644", "SOURCE": "OpenStreetMap", "highway": "service"}, "geometry": {"type": "LineString", "coordinates": [[139.0063153, 36.5093532], [139.0064535, 36.50936], [139.0077738, 36.5096712]]}}, {"type": "Feature", "properties": {"MTFCC": "service", "NAME": "", "OSM_ID": "way/508429647", "SOURCE": "OpenStreetMap", "highway": "service"}, "geometry": {"type": "LineString", "coordinates": [[139.0051953, 36.5087025], [139.0048896, 36.5087847], [139.004703, 36.50878], [139.0041434, 36.5084462], [139.0036223, 36.5090536], [139.0038506, 36.5091839], [139.003752, 36.5092972]]}}, {"type": "Feature", "properties": {"MTFCC": "service", "NAME": "", "OSM_ID": "way/536797638", "SOURCE": "OpenStreetMap", "highway": "service"}, "geometry": {"type": "LineString", "coordinates": [[139.0132314, 36.4934901], [139.0128299, 36.4936714]]}}, {"type": "Feature", "properties": {"MTFCC": "service", "NAME": "", "OSM_ID": "way/536797639", "SOURCE": "OpenStreetMap", "highway": "service"}, "geometry": {"type": "LineString", "coordinates": [[139.0105178, 36.4943332], [139.0110368, 36.4943918], [139.0112992, 36.4944021]]}}, {"type": "Feature", "properties": {"MTFCC": "service", "NAME": "", "OSM_ID": "way/536797640", "SOURCE": "OpenStreetMap", "highway": "service"}, "geometry": {"type": "LineString", "coordinates": [[139.0123273, 36.4949553], [139.0122819, 36.4957188], [139.0122712, 36.4959201], [139.0118125, 36.4961792]]}}, {"type": "Feature", "properties": {"MTFCC": "residential", "NAME": "", "OSM_ID": "way/536797641", "SOURCE": "OpenStreetMap", "highway": "residential"}, "geometry": {"type": "LineString", "coordinates": [[139.008498, 36.4970213], [139.0088412, 36.4970274], [139.0095, 36.4970392], [139.0095884, 36.4970506], [139.0098864, 36.4971323], [139.0097992, 36.4972714], [139.0096503, 36.4974773], [139.0095618, 36.4975862], [139.0094975, 36.4976541], [139.009404, 36.4977246]]}}, {"type": "Feature", "properties": {"MTFCC": "service", "NAME": "", "OSM_ID": "way/536797642", "SOURCE": "OpenStreetMap", "highway": "service"}, "geometry": {"type": "LineString", "coordinates": [[139.0089359, 36.4941368], [139.0090759, 36.4941351], [139.0091112, 36.4941276], [139.0091461, 36.4941125], [139.0091716, 36.494078], [139.0091917, 36.4940327], [139.0092172, 36.4940144], [139.0092239, 36.4939854], [139.0093957, 36.493967], [139.0094829, 36.4939595], [139.0095252, 36.4939523], [139.0095315, 36.4939322], [139.0095247, 36.4939069], [139.0094857, 36.4937875], [139.0094737, 36.4937508], [139.0094182, 36.4935222]]}}, {"type": "Feature", "properties": {"MTFCC": "service", "NAME": "", "OSM_ID": "way/536797643", "SOURCE": "OpenStreetMap", "highway": "service"}, "geometry": {"type": "LineString", "coordinates": [[139.0129107, 36.4981733], [139.0141006, 36.4982631]]}}, {"type": "Feature", "properties": {"MTFCC": "service", "NAME": "", "OSM_ID": "way/536797925", "SOURCE": "OpenStreetMap", "highway": "service"}, "geometry": {"type": "LineString", "coordinates": [[139.0022166, 36.5120172], [139.0017215, 36.5125079], [139.0014876, 36.5127168], [139.0010233, 36.5132745]]}}, {"type": "Feature", "properties": {"MTFCC": "service", "NAME": "", "OSM_ID": "way/537029597", "SOURCE": "OpenStreetMap", "highway": "service"}, "geometry": {"type": "LineString", "coordinates": [[139.0224436, 36.5023203], [139.0223913, 36.5023717], [139.0223307, 36.5024526], [139.0222544, 36.5025398], [139.0221886, 36.5025895], [139.0221408, 36.5026095], [139.0221066, 36.5026309], [139.0220833, 36.5026606], [139.022097, 36.5027383], [139.0221171, 36.5028414], [139.0221716, 36.5029855], [139.0222534, 36.5031603], [139.0222686, 36.5031797], [139.0223133, 36.5032264], [139.0223545, 36.5032982], [139.0226214, 36.5042665]]}}, {"type": "Feature", "properties": {"MTFCC": "service", "NAME": "", "OSM_ID": "way/537029598", "SOURCE": "OpenStreetMap", "highway": "service"}, "geometry": {"type": "LineString", "coordinates": [[139.023185, 36.50551], [139.0231579, 36.5055339], [139.0229882, 36.5056034], [139.0229769, 36.5056274], [139.0229785, 36.5056669], [139.0229948, 36.5057224], [139.0230663, 36.505904], [139.0230758, 36.5059576], [139.0230631, 36.5060175], [139.0230727, 36.5060667], [139.023196, 36.5063023], [139.0232809, 36.5066081], [139.0233329, 36.5066695], [139.0234651, 36.506716]]}}, {"type": "Feature", "properties": {"MTFCC": "residential", "NAME": "", "OSM_ID": "way/537030415", "SOURCE": "OpenStreetMap", "highway": "residential"}, "geometry": {"type": "LineString", "coordinates": [[139.0188732, 36.4986873], [139.0187448, 36.4982925], [139.0186631, 36.4979875], [139.0186481, 36.4977891]]}}, {"type": "Feature", "properties": {"MTFCC": "service", "NAME": "", "OSM_ID": "way/537030416", "SOURCE": "OpenStreetMap", "highway": "service"}, "geometry": {"type": "LineString", "coordinates": [[139.0174699, 36.4984568], [139.0187448, 36.4982925]]}}, {"type": "Feature", "properties": {"MTFCC": "unclassified", "NAME": "", "OSM_ID": "way/537030417", "SOURCE": "OpenStreetMap", "highway": "unclassified"}, "geometry": {"type": "LineString", "coordinates": [[139.0257657, 36.4941186], [139.025645, 36.4940159], [139.0256249, 36.4939084], [139.0255726, 36.493663], [139.0256549, 36.4935601], [139.0257583, 36.4934697], [139.0258935, 36.4934161], [139.0261036, 36.4934098], [139.0261787, 36.493343], [139.0264227, 36.4932093], [139.026648, 36.4931619], [139.0267714, 36.493164], [139.0268734, 36.4931964], [139.0269774, 36.4932859]]}}, {"type": "Feature", "properties": {"MTFCC": "service", "NAME": "", "OSM_ID": "way/537030418", "SOURCE": "OpenStreetMap", "highway": "service"}, "geometry": {"type": "LineString", "coordinates": [[139.0259172, 36.4929175], [139.0258668, 36.4927199], [139.0258545, 36.4924797], [139.0259387, 36.4924147], [139.0261509, 36.4924485], [139.02649, 36.4923959], [139.026523, 36.492336]]}}, {"type": "Feature", "properties": {"MTFCC": "unclassified", "NAME": "", "OSM_ID": "way/537030789", "SOURCE": "OpenStreetMap", "highway": "unclassified"}, "geometry": {"type": "LineString", "coordinates": [[139.022304, 36.4911163], [139.0223243, 36.4912147], [139.0223023, 36.4913493], [139.0222653, 36.4914648], [139.022209, 36.4918379], [139.0222059, 36.4918947], [139.0221875, 36.4922282], [139.0221179, 36.492506], [139.0221231, 36.4926402], [139.0221472, 36.4929152], [139.0222658, 36.493257], [139.0222582, 36.4936338], [139.0223246, 36.4939142], [139.0223318, 36.4939428]]}}, {"type": "Feature", "properties": {"MTFCC": "service", "NAME": "", "OSM_ID": "way/537030791", "SOURCE": "OpenStreetMap", "highway": "service"}, "geometry": {"type": "LineString", "coordinates": [[139.0223246, 36.4939142], [139.0228883, 36.4937521], [139.0229565, 36.4937455], [139.0231201, 36.4937843], [139.0232461, 36.4937692], [139.0232944, 36.4936678], [139.0233625, 36.4936173]]}}, {"type": "Feature", "properties": {"MTFCC": "tertiary", "NAME": "", "OSM_ID": "way/544732439", "SOURCE": "OpenStreetMap", "highway": "tertiary"}, "geometry": {"type": "LineString", "coordinates": [[139.0164748, 36.5089202], [139.0165733, 36.5088746], [139.0166947, 36.5088337], [139.0170893, 36.5087756], [139.0171008, 36.5087749], [139.0172796, 36.5087633], [139.0173806, 36.5087567], [139.0176909, 36.5087786], [139.0184312, 36.508865], [139.0184697, 36.5088726], [139.0185171, 36.5088819]]}}, {"type": "Feature", "properties": {"MTFCC": "track", "NAME": "", "OSM_ID": "way/544732440", "SOURCE": "OpenStreetMap", "highway": "track"}, "geometry": {"type": "LineString", "coordinates": [[139.0177207, 36.5075055], [139.0178029, 36.5074568], [139.0178276, 36.5074276], [139.0181379, 36.507242], [139.0183883, 36.5071063], [139.0186715, 36.5068612], [139.0189169, 36.5066748]]}}, {"type": "Feature", "properties": {"MTFCC": "residential", "NAME": "", "OSM_ID": "way/551256283", "SOURCE": "OpenStreetMap", "highway": "residential", "surface": "asphalt"}, "geometry": {"type": "LineString", "coordinates": [[139.0042608, 36.5095879], [139.0030197, 36.510526], [139.002697, 36.5107779], [139.0024901, 36.5109179], [139.0024752, 36.510928], [139.0023201, 36.5110012], [139.0021639, 36.511075], [139.0019499, 36.511197], [139.0017475, 36.5113002], [139.0015724, 36.5114628], [139.0014751, 36.511566], [139.0013467, 36.5116317], [139.0012377, 36.5116505], [139.0010938, 36.5116536], [139.000907, 36.5115848], [139.000654, 36.5115379], [139.0002805, 36.5115254], [139.0000482, 36.5115768], [138.9999068, 36.5116023], [138.9995115, 36.5116676]]}}, {"type": "Feature", "properties": {"MTFCC": "residential", "NAME": "", "OSM_ID": "way/551256292", "SOURCE": "OpenStreetMap", "highway": "residential"}, "geometry": {"type": "LineString", "coordinates": [[139.0027778, 36.5121232], [139.0033561, 36.5114261]]}}, {"type": "Feature", "properties": {"MTFCC": "tertiary", "NAME": "", "OSM_ID": "way/554446843", "SOURCE": "OpenStreetMap", "highway": "tertiary"}, "geometry": {"type": "LineString", "coordinates": [[139.0054986, 36.4917957], [139.0055488, 36.4920259], [139.0055907, 36.4922184], [139.005646, 36.4924721], [139.0057179, 36.4929015]]}}, {"type": "Feature", "properties": {"MTFCC": "footway", "NAME": "", "OSM_ID": "way/601159184", "SOURCE": "OpenStreetMap", "highway": "footway"}, "geometry": {"type": "LineString", "coordinates": [[139.0094182, 36.4935222], [139.0094281, 36.4935062], [139.0093768, 36.4933611], [139.0092655, 36.493374], [139.0092587, 36.4933341]]}}, {"type": "Feature", "properties": {"MTFCC": "service", "NAME": "", "OSM_ID": "way/601161463", "SOURCE": "OpenStreetMap", "highway": "service"}, "geometry": {"type": "LineString", "coordinates": [[139.0100071, 36.4966289], [139.0097152, 36.4965443]]}}, {"type": "Feature", "properties": {"MTFCC": "service", "NAME": "", "OSM_ID": "way/601161465", "SOURCE": "OpenStreetMap", "highway": "service"}, "geometry": {"type": "LineString", "coordinates": [[139.0097414, 36.4962534], [139.0100272, 36.4963302]]}}, {"type": "Feature", "properties": {"MTFCC": "service", "NAME": "", "OSM_ID": "way/601161467", "SOURCE": "OpenStreetMap", "highway": "service"}, "geometry": {"type": "LineString", "coordinates": [[139.01005, 36.4960251], [139.0097423, 36.4959541]]}}, {"type": "Feature", "properties": {"MTFCC": "residential", "NAME": "", "OSM_ID": "way/601161468", "SOURCE": "OpenStreetMap", "highway": "residential"}, "geometry": {"type": "LineString", "coordinates": [[139.009684, 36.4950549], [139.0097317, 36.495695], [139.0097335, 36.4957189], [139.0097423, 36.4959541], [139.0097482, 36.4961135], [139.0097414, 36.4962534], [139.0097348, 36.4963884], [139.0097152, 36.4965443], [139.0097134, 36.4965588]]}}, {"type": "Feature", "properties": {"MTFCC": "residential", "NAME": "", "OSM_ID": "way/601162894", "SOURCE": "OpenStreetMap", "highway": "residential"}, "geometry": {"type": "LineString", "coordinates": [[139.0087058, 36.4984616], [139.0081508, 36.4984412], [139.0073296, 36.498411], [139.006953, 36.4983971], [139.0065579, 36.4983826]]}}, {"type": "Feature", "properties": {"MTFCC": "footway", "NAME": "", "OSM_ID": "way/601162908", "SOURCE": "OpenStreetMap", "highway": "footway"}, "geometry": {"type": "LineString", "coordinates": [[139.0092115, 36.4979344], [139.0082075, 36.4978621]]}}, {"type": "Feature", "properties": {"MTFCC": "footway", "NAME": "", "OSM_ID": "way/601162909", "SOURCE": "OpenStreetMap", "highway": "footway"}, "geometry": {"type": "LineString", "coordinates": [[139.0094076, 36.4978374], [139.0093151, 36.4978332], [139.0087062, 36.4977964], [139.0086593, 36.497776], [139.0086445, 36.4977501]]}}, {"type": "Feature", "properties": {"MTFCC": "footway", "NAME": "", "OSM_ID": "way/601172969", "SOURCE": "OpenStreetMap", "highway": "footway", "surface": "asphalt"}, "geometry": {"type": "LineString", "coordinates": [[139.0040436, 36.5020881], [139.0041093, 36.5030114]]}}, {"type": "Feature", "properties": {"MTFCC": "footway", "NAME": "", "OSM_ID": "way/601172970", "SOURCE": "OpenStreetMap", "highway": "footway"}, "geometry": {"type": "LineString", "coordinates": [[139.0049162, 36.5001272], [139.005167, 36.5001283], [139.005218, 36.5001553], [139.0052287, 36.5001876], [139.0052193, 36.5003622], [139.0051182, 36.500761], [139.0050919, 36.5008581], [139.0049605, 36.5011093], [139.0048559, 36.5012452], [139.0047258, 36.5014036], [139.004479, 36.5016527], [139.004302, 36.5018478], [139.004247, 36.5018974], [139.0042068, 36.5019168], [139.0041041, 36.5018663]]}}, {"type": "Feature", "properties": {"MTFCC": "residential", "NAME": "", "OSM_ID": "way/601172984", "SOURCE": "OpenStreetMap", "highway": "residential"}, "geometry": {"type": "LineString", "coordinates": [[139.0047964, 36.5014284], [139.0048605, 36.501472], [139.0051124, 36.5016431], [139.0054644, 36.5018787], [139.0055889, 36.5019181], [139.0056257, 36.5019297], [139.0056597, 36.5019239], [139.0056887, 36.5019189], [139.0057974, 36.5019125], [139.0058362, 36.5019189], [139.0058538, 36.5019382]]}}, {"type": "Feature", "properties": {"MTFCC": "residential", "NAME": "", "OSM_ID": "way/601172995", "SOURCE": "OpenStreetMap", "highway": "residential"}, "geometry": {"type": "LineString", "coordinates": [[139.0057447, 36.5009475], [139.0052783, 36.5007935], [139.0051895, 36.5007708]]}}, {"type": "Feature", "properties": {"MTFCC": "residential", "NAME": "-", "OSM_ID": "way/601173001", "SOURCE": "OpenStreetMap", "highway": "residential"}, "geometry": {"type": "LineString", "coordinates": [[139.0062762, 36.5010219], [139.0058911, 36.5008008]]}}, {"type": "Feature", "properties": {"MTFCC": "footway", "NAME": "", "OSM_ID": "way/601173014", "SOURCE": "OpenStreetMap", "highway": "footway"}, "geometry": {"type": "LineString", "coordinates": [[139.004283, 36.5030301], [139.0042222, 36.502217], [139.004245, 36.5021238], [139.0043087, 36.5020305], [139.0044267, 36.5019179], [139.0048605, 36.501472], [139.0050859, 36.5011993], [139.0051342, 36.5011163], [139.0052294, 36.5009234], [139.0052555, 36.5008528], [139.0052783, 36.5007935], [139.0052944, 36.500711], [139.0053561, 36.5002986], [139.0053722, 36.5002027], [139.0053876, 36.5001542], [139.0054145, 36.5001299], [139.00545, 36.5001229], [139.0059341, 36.5001412], [139.0064043, 36.5001956], [139.0069321, 36.5002979], [139.0072278, 36.5003427]]}}, {"type": "Feature", "properties": {"MTFCC": "footway", "NAME": "", "OSM_ID": "way/601173015", "SOURCE": "OpenStreetMap", "highway": "footway"}, "geometry": {"type": "LineString", "coordinates": [[139.0073129, 36.5002721], [139.0070026, 36.5002238], [139.0064555, 36.5001189], [139.0059373, 36.5000619], [139.0054715, 36.5000345]]}}, {"type": "Feature", "properties": {"MTFCC": "residential", "NAME": "", "OSM_ID": "way/601173022", "SOURCE": "OpenStreetMap", "highway": "residential"}, "geometry": {"type": "LineString", "coordinates": [[139.0074523, 36.4997486], [139.0064859, 36.4997313]]}}, {"type": "Feature", "properties": {"MTFCC": "path", "NAME": "", "OSM_ID": "way/601173903", "SOURCE": "OpenStreetMap", "highway": "path", "surface": "unpaved"}, "geometry": {"type": "LineString", "coordinates": [[139.0016855, 36.5057798], [139.0018579, 36.5058703], [139.0019175, 36.5058957], [139.001933, 36.5058876], [139.0021344, 36.5056405]]}}, {"type": "Feature", "properties": {"MTFCC": "residential", "NAME": "", "OSM_ID": "way/605977026", "SOURCE": "OpenStreetMap", "highway": "residential"}, "geometry": {"type": "LineString", "coordinates": [[139.005865, 36.5020309], [139.0061807, 36.5021017]]}}, {"type": "Feature", "properties": {"MTFCC": "service", "NAME": "", "OSM_ID": "way/605977028", "SOURCE": "OpenStreetMap", "highway": "service"}, "geometry": {"type": "LineString", "coordinates": [[139.0056597, 36.5019239], [139.0056378, 36.5019901], [139.0055794, 36.5020634], [139.0055291, 36.5021141], [139.0055197, 36.502141], [139.0055244, 36.5021663], [139.0055385, 36.502431]]}}, {"type": "Feature", "properties": {"MTFCC": "footway", "NAME": "", "OSM_ID": "way/605977041", "SOURCE": "OpenStreetMap", "highway": "footway", "surface": "asphalt"}, "geometry": {"type": "LineString", "coordinates": [[139.0043639, 36.5038841], [139.0044013, 36.5036966], [139.0044844, 36.5035295], [139.0045512, 36.5034518], [139.0046775, 36.5032958], [139.0047902, 36.503191], [139.0049712, 36.5030509], [139.0051791, 36.5029193], [139.0055165, 36.5027685]]}}, {"type": "Feature", "properties": {"MTFCC": "steps", "NAME": "", "OSM_ID": "way/605977043", "SOURCE": "OpenStreetMap", "highway": "steps", "bridge": "yes", "layer": "1"}, "geometry": {"type": "LineString", "coordinates": [[139.0043329, 36.5041299], [139.004475, 36.5041299], [139.004475, 36.504159], [139.0043624, 36.5041677]]}}, {"type": "Feature", "properties": {"MTFCC": "pedestrian", "NAME": "", "OSM_ID": "way/605977044", "SOURCE": "OpenStreetMap", "highway": "pedestrian", "bridge": "yes", "layer": "1"}, "geometry": {"type": "LineString", "coordinates": [[139.0043624, 36.5041677], [139.0042245, 36.5041692], [139.0041679, 36.5041698]]}}, {"type": "Feature", "properties": {"MTFCC": "service", "NAME": "", "OSM_ID": "way/606001885", "SOURCE": "OpenStreetMap", "highway": "service"}, "geometry": {"type": "LineString", "coordinates": [[139.0105591, 36.4941209], [139.0101841, 36.4940996]]}}, {"type": "Feature", "properties": {"MTFCC": "residential", "NAME": "", "OSM_ID": "way/606001910", "SOURCE": "OpenStreetMap", "highway": "residential"}, "geometry": {"type": "LineString", "coordinates": [[139.0096441, 36.4979006], [139.0098381, 36.4977921], [139.0103585, 36.4975474]]}}, {"type": "Feature", "properties": {"MTFCC": "footway", "NAME": "", "OSM_ID": "way/606001911", "SOURCE": "OpenStreetMap", "highway": "footway"}, "geometry": {"type": "LineString", "coordinates": [[139.0095064, 36.4979541], [139.0100693, 36.4979883], [139.0102681, 36.4980003], [139.0113439, 36.4980611]]}}, {"type": "Feature", "properties": {"MTFCC": "service", "NAME": "", "OSM_ID": "way/606001915", "SOURCE": "OpenStreetMap", "highway": "service"}, "geometry": {"type": "LineString", "coordinates": [[139.0092838, 36.4981722], [139.0093285, 36.4981813], [139.0094391, 36.4981916], [139.0096034, 36.4981948]]}}, {"type": "Feature", "properties": {"MTFCC": "service", "NAME": "", "OSM_ID": "way/606001917", "SOURCE": "OpenStreetMap", "highway": "service"}, "geometry": {"type": "LineString", "coordinates": [[139.0091122, 36.4983227], [139.0093929, 36.4983225]]}}, {"type": "Feature", "properties": {"MTFCC": "service", "NAME": "", "OSM_ID": "way/606001918", "SOURCE": "OpenStreetMap", "highway": "service"}, "geometry": {"type": "LineString", "coordinates": [[139.0089187, 36.4986066], [139.0091434, 36.4986045]]}}, {"type": "Feature", "properties": {"MTFCC": "residential", "NAME": "", "OSM_ID": "way/606001919", "SOURCE": "OpenStreetMap", "highway": "residential"}, "geometry": {"type": "LineString", "coordinates": [[139.0089189, 36.4987235], [139.008957, 36.4987495], [139.0089952, 36.4987947], [139.0090442, 36.4988449], [139.009067, 36.4989015], [139.0091059, 36.4989931], [139.009124, 36.4990233]]}}, {"type": "Feature", "properties": {"MTFCC": "footway", "NAME": "", "OSM_ID": "way/606001942", "SOURCE": "OpenStreetMap", "highway": "footway"}, "geometry": {"type": "LineString", "coordinates": [[139.0080149, 36.500594], [139.0076434, 36.5003843], [139.0074898, 36.5003164], [139.0073129, 36.5002721]]}}, {"type": "Feature", "properties": {"MTFCC": "footway", "NAME": "", "OSM_ID": "way/606001943", "SOURCE": "OpenStreetMap", "highway": "footway"}, "geometry": {"type": "LineString", "coordinates": [[139.0072278, 36.5003427], [139.0074074, 36.5003865], [139.0075971, 36.5004647], [139.0080236, 36.5006959]]}}, {"type": "Feature", "properties": {"MTFCC": "service", "NAME": "", "OSM_ID": "way/625910676", "SOURCE": "OpenStreetMap", "highway": "service"}, "geometry": {"type": "LineString", "coordinates": [[139.0103364, 36.5002842], [139.0103295, 36.5001664], [139.0103555, 36.5000625], [139.010488, 36.4997953], [139.0105604, 36.4996395], [139.0109178, 36.4989078], [139.0110245, 36.4986572], [139.0110357, 36.4986001], [139.011056, 36.4983976], [139.0110478, 36.4982717], [139.011253, 36.4981207], [139.0113439, 36.4980611], [139.0114233, 36.4980178]]}}, {"type": "Feature", "properties": {"MTFCC": "trunk_link", "NAME": "", "OSM_ID": "way/647301040", "SOURCE": "OpenStreetMap", "highway": "trunk_link", "surface": "paved", "lanes": "1"}, "geometry": {"type": "LineString", "coordinates": [[139.004202, 36.5033171], [139.0042256, 36.5033829], [139.0042576, 36.503413], [139.00429, 36.5034357], [139.0043329, 36.5034411], [139.00438, 36.5034425], [139.0044355, 36.5034325], [139.0044905, 36.5034189]]}}, {"type": "Feature", "properties": {"MTFCC": "service", "NAME": "", "OSM_ID": "way/685571360", "SOURCE": "OpenStreetMap", "highway": "service"}, "geometry": {"type": "LineString", "coordinates": [[139.0031261, 36.4932753], [139.0029754, 36.4927812], [139.0030403, 36.492197]]}}, {"type": "Feature", "properties": {"MTFCC": "pedestrian", "NAME": "", "OSM_ID": "way/692491331", "SOURCE": "OpenStreetMap", "highway": "pedestrian"}, "geometry": {"type": "LineString", "coordinates": [[139.0043329, 36.5041299], [139.0042662, 36.5041307]]}}, {"type": "Feature", "properties": {"MTFCC": "cycleway", "NAME": "\u5229\u6839\u5ddd\u81ea\u8ee2\u8eca\u9053\u7dda", "OSM_ID": "way/700608333", "SOURCE": "OpenStreetMap", "highway": "cycleway", "surface": "asphalt"}, "geometry": {"type": "LineString", "coordinates": [[139.0145766, 36.4966989], [139.0145787, 36.4967429], [139.0145847, 36.496804]]}}, {"type": "Feature", "properties": {"MTFCC": "footway", "NAME": "", "OSM_ID": "way/700608334", "SOURCE": "OpenStreetMap", "highway": "footway", "bridge": "yes", "layer": "1"}, "geometry": {"type": "LineString", "coordinates": [[139.0146047, 36.496804], [139.0171242, 36.4968307]]}}, {"type": "Feature", "properties": {"MTFCC": "footway", "NAME": "", "OSM_ID": "way/700608335", "SOURCE": "OpenStreetMap", "highway": "footway"}, "geometry": {"type": "LineString", "coordinates": [[139.0171461, 36.4967331], [139.0171259, 36.4967294]]}}, {"type": "Feature", "properties": {"MTFCC": "footway", "NAME": "", "OSM_ID": "way/700608336", "SOURCE": "OpenStreetMap", "highway": "footway"}, "geometry": {"type": "LineString", "coordinates": [[139.0146065, 36.4967013], [139.0145766, 36.4966989], [139.0145469, 36.4966995], [139.0143579, 36.4967008], [139.0142111, 36.4966888], [139.0140747, 36.4966712], [139.0139759, 36.4966457], [139.0138487, 36.4966013], [139.0137348, 36.4965407], [139.0134653, 36.496355], [139.0132711, 36.4962352], [139.0132493, 36.496219], [139.0132409, 36.4962069], [139.0132426, 36.4961881]]}}, {"type": "Feature", "properties": {"MTFCC": "trunk", "NAME": "\u56fd\u9053353\u53f7", "OSM_ID": "way/700608337", "SOURCE": "OpenStreetMap", "highway": "trunk", "surface": "paved", "lanes": "2"}, "geometry": {"type": "LineString", "coordinates": [[139.0146058, 36.4967421], [139.0145787, 36.4967429], [139.0145538, 36.4967435], [139.0142641, 36.496745], [139.0140555, 36.496743], [139.0139301, 36.4967248], [139.0138117, 36.4966876], [139.0136616, 36.4966129], [139.013446, 36.4964653], [139.0132358, 36.4963298], [139.0131471, 36.4962692]]}}, {"type": "Feature", "properties": {"MTFCC": "footway", "NAME": "", "OSM_ID": "way/700608338", "SOURCE": "OpenStreetMap", "highway": "footway", "bridge": "yes", "layer": "1"}, "geometry": {"type": "LineString", "coordinates": [[139.0171259, 36.4967294], [139.0146065, 36.4967013]]}}, {"type": "Feature", "properties": {"MTFCC": "service", "NAME": "", "OSM_ID": "way/700608339", "SOURCE": "OpenStreetMap", "highway": "service"}, "geometry": {"type": "LineString", "coordinates": [[139.0146072, 36.4971248], [139.0145653, 36.4968613], [139.0145609, 36.4968137], [139.0145617, 36.4967894], [139.0145538, 36.4967435]]}}, {"type": "Feature", "properties": {"MTFCC": "service", "NAME": "", "OSM_ID": "way/700608340", "SOURCE": "OpenStreetMap", "highway": "service"}, "geometry": {"type": "LineString", "coordinates": [[139.0145538, 36.4967435], [139.0145469, 36.4966995], [139.0145321, 36.4965622]]}}, {"type": "Feature", "properties": {"MTFCC": "footway", "NAME": "", "OSM_ID": "way/700608341", "SOURCE": "OpenStreetMap", "highway": "footway"}, "geometry": {"type": "LineString", "coordinates": [[139.0146047, 36.496804], [139.0145847, 36.496804], [139.0145609, 36.4968137], [139.0145183, 36.4968322]]}}, {"type": "Feature", "properties": {"MTFCC": "footway", "NAME": "", "OSM_ID": "way/700608342", "SOURCE": "OpenStreetMap", "highway": "footway"}, "geometry": {"type": "LineString", "coordinates": [[139.0145183, 36.4968322], [139.0144413, 36.4968664], [139.014288, 36.4968645], [139.0141228, 36.4968587], [139.0140526, 36.496853], [139.0139801, 36.4968358], [139.0139202, 36.4968205], [139.0137899, 36.4967756], [139.0136437, 36.4967002], [139.0134808, 36.4965979], [139.0133573, 36.4965088], [139.0132589, 36.4964597], [139.0132187, 36.4964507], [139.0131897, 36.496453], [139.0131571, 36.496454], [139.0131207, 36.4964669], [139.013087, 36.4965095], [139.0129505, 36.4967526], [139.0127967, 36.497002], [139.0127733, 36.4970464], [139.0126045, 36.497367]]}}, {"type": "Feature", "properties": {"MTFCC": "footway", "NAME": "", "OSM_ID": "way/700608343", "SOURCE": "OpenStreetMap", "highway": "footway"}, "geometry": {"type": "LineString", "coordinates": [[139.0171461, 36.4967331], [139.0171744, 36.4967346], [139.0172047, 36.4967335]]}}, {"type": "Feature", "properties": {"MTFCC": "footway", "NAME": "", "OSM_ID": "way/700608344", "SOURCE": "OpenStreetMap", "highway": "footway"}, "geometry": {"type": "LineString", "coordinates": [[139.0172047, 36.4967335], [139.0174049, 36.4967512], [139.0176362, 36.496773], [139.0177201, 36.4967794], [139.0180901, 36.4967916]]}}, {"type": "Feature", "properties": {"MTFCC": "footway", "NAME": "", "OSM_ID": "way/700608345", "SOURCE": "OpenStreetMap", "highway": "footway"}, "geometry": {"type": "LineString", "coordinates": [[139.018806, 36.4969445], [139.0181854, 36.4969219], [139.0174888, 36.4969098], [139.0174174, 36.4969018], [139.0173427, 36.4968872], [139.0172722, 36.4968679], [139.0172535, 36.4968645]]}}, {"type": "Feature", "properties": {"MTFCC": "footway", "NAME": "", "OSM_ID": "way/700608346", "SOURCE": "OpenStreetMap", "highway": "footway"}, "geometry": {"type": "LineString", "coordinates": [[139.0171242, 36.4968307], [139.0171308, 36.4968367], [139.0171397, 36.4968455]]}}, {"type": "Feature", "properties": {"MTFCC": "footway", "NAME": "", "OSM_ID": "way/700608347", "SOURCE": "OpenStreetMap", "highway": "footway"}, "geometry": {"type": "LineString", "coordinates": [[139.0172535, 36.4968645], [139.017206, 36.4968515], [139.0171397, 36.4968455]]}}, {"type": "Feature", "properties": {"MTFCC": "cycleway", "NAME": "\u5229\u6839\u5ddd\u81ea\u8ee2\u8eca\u9053\u7dda", "OSM_ID": "way/719505417", "SOURCE": "OpenStreetMap", "highway": "cycleway", "surface": "asphalt", "bridge": "yes", "layer": "1"}, "geometry": {"type": "LineString", "coordinates": [[139.0144915, 36.4921415], [139.0144998, 36.4927953]]}}, {"type": "Feature", "properties": {"MTFCC": "cycleway", "NAME": "\u5229\u6839\u5ddd\u81ea\u8ee2\u8eca\u9053\u7dda", "OSM_ID": "way/719505418", "SOURCE": "OpenStreetMap", "highway": "cycleway", "surface": "asphalt"}, "geometry": {"type": "LineString", "coordinates": [[139.0144998, 36.4927953], [139.0144985, 36.4928277], [139.0144881, 36.4930885], [139.0144357, 36.49392], [139.0144349, 36.4943564], [139.0144411, 36.494602], [139.0144448, 36.4947514], [139.0144852, 36.4954036]]}}, {"type": "Feature", "properties": {"MTFCC": "residential", "NAME": "", "OSM_ID": "way/719505419", "SOURCE": "OpenStreetMap", "highway": "residential"}, "geometry": {"type": "LineString", "coordinates": [[139.0130776, 36.4931028], [139.0130932, 36.4931304], [139.0130653, 36.4932025], [139.0130684, 36.4932249], [139.0132314, 36.4934901], [139.0136253, 36.4940383], [139.0136529, 36.4940652], [139.013769, 36.4940225], [139.0138062, 36.4940187], [139.0138498, 36.4940323], [139.013893, 36.4941294], [139.0139193, 36.4942996], [139.0139481, 36.4944806], [139.0139676, 36.4945295], [139.0140324, 36.494692]]}}, {"type": "Feature", "properties": {"MTFCC": "residential", "NAME": "", "OSM_ID": "way/719505420", "SOURCE": "OpenStreetMap", "highway": "residential"}, "geometry": {"type": "LineString", "coordinates": [[139.0135548, 36.4947911], [139.0133731, 36.4942488], [139.0133194, 36.4941797], [139.0132854, 36.4941546], [139.0131821, 36.4941942]]}}, {"type": "Feature", "properties": {"MTFCC": "unclassified", "NAME": "", "OSM_ID": "way/719505421", "SOURCE": "OpenStreetMap", "highway": "unclassified"}, "geometry": {"type": "LineString", "coordinates": [[139.0137531, 36.4929251], [139.0134539, 36.4929627], [139.0133628, 36.4929955], [139.0130776, 36.4931028], [139.0125216, 36.4933268]]}}, {"type": "Feature", "properties": {"MTFCC": "cycleway", "NAME": "\u5229\u6839\u5ddd\u81ea\u8ee2\u8eca\u9053\u7dda", "OSM_ID": "way/719505422", "SOURCE": "OpenStreetMap", "highway": "cycleway", "surface": "asphalt", "bridge": "yes", "layer": "1"}, "geometry": {"type": "LineString", "coordinates": [[139.0144852, 36.4954036], [139.0145001, 36.4956695]]}}, {"type": "Feature", "properties": {"MTFCC": "cycleway", "NAME": "\u5229\u6839\u5ddd\u81ea\u8ee2\u8eca\u9053\u7dda", "OSM_ID": "way/719505423", "SOURCE": "OpenStreetMap", "highway": "cycleway", "surface": "asphalt"}, "geometry": {"type": "LineString", "coordinates": [[139.0145001, 36.4956695], [139.0145741, 36.496672], [139.0145766, 36.4966989]]}}, {"type": "Feature", "properties": {"MTFCC": "residential", "NAME": "", "OSM_ID": "way/719591125", "SOURCE": "OpenStreetMap", "highway": "residential"}, "geometry": {"type": "LineString", "coordinates": [[139.0125216, 36.4933268], [139.012445, 36.4933562], [139.0119946, 36.4934932]]}}, {"type": "Feature", "properties": {"MTFCC": "service", "NAME": "", "OSM_ID": "way/719591126", "SOURCE": "OpenStreetMap", "highway": "service"}, "geometry": {"type": "LineString", "coordinates": [[139.0119946, 36.4934932], [139.0119423, 36.4934895], [139.011864, 36.4935018], [139.0117099, 36.4935219], [139.0112506, 36.4935557], [139.0106825, 36.4935613], [139.0106401, 36.493561]]}}, {"type": "Feature", "properties": {"MTFCC": "service", "NAME": "", "OSM_ID": "way/719591127", "SOURCE": "OpenStreetMap", "highway": "service"}, "geometry": {"type": "LineString", "coordinates": [[139.0136775, 36.4951135], [139.0135437, 36.4949511], [139.0134944, 36.4948926], [139.0134593, 36.4948151]]}}, {"type": "Feature", "properties": {"MTFCC": "service", "NAME": "", "OSM_ID": "way/719591128", "SOURCE": "OpenStreetMap", "highway": "service"}, "geometry": {"type": "LineString", "coordinates": [[139.0141237, 36.4949681], [139.0140157, 36.494736], [139.0139974, 36.4947001]]}}, {"type": "Feature", "properties": {"MTFCC": "service", "NAME": "", "OSM_ID": "way/719591129", "SOURCE": "OpenStreetMap", "highway": "service", "surface": "unpaved"}, "geometry": {"type": "LineString", "coordinates": [[139.0125904, 36.493762], [139.0118989, 36.4940516], [139.011794, 36.4940864]]}}, {"type": "Feature", "properties": {"MTFCC": "service", "NAME": "", "OSM_ID": "way/719591130", "SOURCE": "OpenStreetMap", "highway": "service", "tunnel": "yes", "layer": "-1"}, "geometry": {"type": "LineString", "coordinates": [[139.0128299, 36.4936714], [139.0125904, 36.493762]]}}, {"type": "Feature", "properties": {"MTFCC": "service", "NAME": "", "OSM_ID": "way/719591131", "SOURCE": "OpenStreetMap", "highway": "service"}, "geometry": {"type": "LineString", "coordinates": [[139.011794, 36.4940864], [139.011709, 36.4940981], [139.0113945, 36.4940953], [139.0113125, 36.4941209], [139.0112136, 36.4941319], [139.0111582, 36.4941282], [139.011113, 36.4941208], [139.0110549, 36.4941112], [139.0109703, 36.4940961], [139.010914, 36.4940583], [139.0108228, 36.4939975], [139.0106369, 36.4939471], [139.0105911, 36.4939455]]}}, {"type": "Feature", "properties": {"MTFCC": "service", "NAME": "", "OSM_ID": "way/719591132", "SOURCE": "OpenStreetMap", "highway": "service"}, "geometry": {"type": "LineString", "coordinates": [[139.0112136, 36.4941319], [139.0112579, 36.4942424], [139.0112992, 36.4944021], [139.0113956, 36.4946914], [139.0114501, 36.4950848]]}}, {"type": "Feature", "properties": {"MTFCC": "cycleway", "NAME": "", "OSM_ID": "way/719591133", "SOURCE": "OpenStreetMap", "highway": "cycleway"}, "geometry": {"type": "LineString", "coordinates": [[139.0144108, 36.492867], [139.0144724, 36.4928308], [139.0144985, 36.4928277]]}}, {"type": "Feature", "properties": {"MTFCC": "cycleway", "NAME": "", "OSM_ID": "way/719591134", "SOURCE": "OpenStreetMap", "highway": "cycleway"}, "geometry": {"type": "LineString", "coordinates": [[139.0143803, 36.4946169], [139.0144116, 36.4946092], [139.0144411, 36.494602]]}}, {"type": "Feature", "properties": {"MTFCC": "service", "NAME": "", "OSM_ID": "way/721534131", "SOURCE": "OpenStreetMap", "highway": "service"}, "geometry": {"type": "LineString", "coordinates": [[139.0143942, 36.4948607], [139.0143973, 36.4946861], [139.0143935, 36.4946503], [139.0143803, 36.4946169]]}}, {"type": "Feature", "properties": {"MTFCC": "service", "NAME": "", "OSM_ID": "way/722143046", "SOURCE": "OpenStreetMap", "highway": "service"}, "geometry": {"type": "LineString", "coordinates": [[139.0063878, 36.4942684], [139.0065125, 36.4949177], [139.0065342, 36.4949322], [139.0065487, 36.4949337], [139.0069426, 36.4948825]]}}, {"type": "Feature", "properties": {"MTFCC": "primary", "NAME": "\u4e09\u56fd\u8857\u9053", "OSM_ID": "way/722143047", "SOURCE": "OpenStreetMap", "highway": "primary", "surface": "asphalt", "lanes": "2"}, "geometry": {"type": "LineString", "coordinates": [[139.0026532, 36.4945478], [139.0026531, 36.4945911], [139.002662, 36.4948551], [139.0027489, 36.495573], [139.0027829, 36.4956985]]}}, {"type": "Feature", "properties": {"MTFCC": "primary", "NAME": "\u4e09\u56fd\u8857\u9053", "OSM_ID": "way/722143048", "SOURCE": "OpenStreetMap", "highway": "primary", "lanes": "2", "bridge": "yes", "layer": "1"}, "geometry": {"type": "LineString", "coordinates": [[139.0026526, 36.4944567], [139.0026532, 36.4945478]]}}, {"type": "Feature", "properties": {"MTFCC": "service", "NAME": "", "OSM_ID": "way/722163887", "SOURCE": "OpenStreetMap", "highway": "service"}, "geometry": {"type": "LineString", "coordinates": [[139.0045908, 36.4950603], [139.0048762, 36.4950184], [139.0047743, 36.4944223]]}}, {"type": "Feature", "properties": {"MTFCC": "service", "NAME": "", "OSM_ID": "way/722163888", "SOURCE": "OpenStreetMap", "highway": "service"}, "geometry": {"type": "LineString", "coordinates": [[139.0087182, 36.4939042], [139.0086868, 36.4935933]]}}, {"type": "Feature", "properties": {"MTFCC": "residential", "NAME": "", "OSM_ID": "way/722163889", "SOURCE": "OpenStreetMap", "highway": "residential"}, "geometry": {"type": "LineString", "coordinates": [[139.0079256, 36.4936879], [139.00821, 36.493654], [139.0086868, 36.4935933], [139.0094182, 36.4935222]]}}, {"type": "Feature", "properties": {"MTFCC": "unclassified", "NAME": "", "OSM_ID": "way/722163890", "SOURCE": "OpenStreetMap", "highway": "unclassified", "surface": "asphalt"}, "geometry": {"type": "LineString", "coordinates": [[139.0052244, 36.4943894], [139.0060869, 36.4943181], [139.0062147, 36.4942955], [139.0063878, 36.4942684], [139.006445, 36.4942558], [139.0065171, 36.4942372], [139.0066432, 36.4942012], [139.0067445, 36.4941705], [139.0067956, 36.4941529]]}}, {"type": "Feature", "properties": {"MTFCC": "service", "NAME": "", "OSM_ID": "way/722163891", "SOURCE": "OpenStreetMap", "highway": "service"}, "geometry": {"type": "LineString", "coordinates": [[139.0095252, 36.4939523], [139.0095242, 36.4939651], [139.0095064, 36.4941345], [139.0095404, 36.494288], [139.0094962, 36.4943021], [139.0096973, 36.4947085], [139.0098281, 36.4949334]]}}, {"type": "Feature", "properties": {"MTFCC": "service", "NAME": "", "OSM_ID": "way/722163892", "SOURCE": "OpenStreetMap", "highway": "service"}, "geometry": {"type": "LineString", "coordinates": [[139.0094962, 36.4943021], [139.0092724, 36.4943732]]}}, {"type": "Feature", "properties": {"MTFCC": "residential", "NAME": "", "OSM_ID": "way/722163893", "SOURCE": "OpenStreetMap", "highway": "residential"}, "geometry": {"type": "LineString", "coordinates": [[139.0067956, 36.4941529], [139.0069473, 36.4940882], [139.0075585, 36.4938212], [139.0077078, 36.4937475], [139.0077452, 36.493729], [139.0078481, 36.4936966], [139.0079256, 36.4936879]]}}, {"type": "Feature", "properties": {"MTFCC": "service", "NAME": "", "OSM_ID": "way/722163894", "SOURCE": "OpenStreetMap", "highway": "service"}, "geometry": {"type": "LineString", "coordinates": [[139.0077078, 36.4937475], [139.0076949, 36.4937259]]}}, {"type": "Feature", "properties": {"MTFCC": "service", "NAME": "", "OSM_ID": "way/722163895", "SOURCE": "OpenStreetMap", "highway": "service", "bridge": "yes", "layer": "1"}, "geometry": {"type": "LineString", "coordinates": [[139.0076949, 36.4937259], [139.0076416, 36.4936363]]}}, {"type": "Feature", "properties": {"MTFCC": "unclassified", "NAME": "", "OSM_ID": "way/722163896", "SOURCE": "OpenStreetMap", "highway": "unclassified"}, "geometry": {"type": "LineString", "coordinates": [[139.0067601, 36.4939937], [139.0067005, 36.4940093], [139.0063835, 36.494083], [139.0062132, 36.4941151], [139.0061301, 36.4941297], [139.0051781, 36.4942235], [139.0046641, 36.4942706], [139.0041908, 36.4943099], [139.0031063, 36.4944045], [139.0026538, 36.494444]]}}, {"type": "Feature", "properties": {"MTFCC": "residential", "NAME": "", "OSM_ID": "way/722163909", "SOURCE": "OpenStreetMap", "highway": "residential"}, "geometry": {"type": "LineString", "coordinates": [[139.0106375, 36.4935824], [139.0103573, 36.4935586], [139.0101851, 36.4935328]]}}, {"type": "Feature", "properties": {"MTFCC": "track", "NAME": "", "OSM_ID": "way/722163910", "SOURCE": "OpenStreetMap", "highway": "track"}, "geometry": {"type": "LineString", "coordinates": [[139.0101851, 36.4935328], [139.0101164, 36.4935269], [139.0099114, 36.493509], [139.0097436, 36.4935021]]}}, {"type": "Feature", "properties": {"MTFCC": "service", "NAME": "", "OSM_ID": "way/722163911", "SOURCE": "OpenStreetMap", "highway": "service"}, "geometry": {"type": "LineString", "coordinates": [[139.010596, 36.4939167], [139.0099409, 36.4938925], [139.0099285, 36.4938911], [139.0099203, 36.493884], [139.0098765, 36.4937546], [139.0098637, 36.4937383], [139.0098394, 36.4937302], [139.0098161, 36.4937314]]}}, {"type": "Feature", "properties": {"MTFCC": "footway", "NAME": "", "OSM_ID": "way/722163913", "SOURCE": "OpenStreetMap", "highway": "footway"}, "geometry": {"type": "LineString", "coordinates": [[139.0095155, 36.4937824], [139.0094857, 36.4937875]]}}, {"type": "Feature", "properties": {"MTFCC": "footway", "NAME": "", "OSM_ID": "way/722163914", "SOURCE": "OpenStreetMap", "highway": "footway", "tunnel": "yes", "layer": "-1"}, "geometry": {"type": "LineString", "coordinates": [[139.0098161, 36.4937314], [139.0095155, 36.4937824]]}}, {"type": "Feature", "properties": {"MTFCC": "service", "NAME": "", "OSM_ID": "way/722163916", "SOURCE": "OpenStreetMap", "highway": "service"}, "geometry": {"type": "LineString", "coordinates": [[139.0185171, 36.5088819], [139.0186194, 36.508942], [139.0194576, 36.5096501]]}}, {"type": "Feature", "properties": {"MTFCC": "service", "NAME": "", "OSM_ID": "way/722163917", "SOURCE": "OpenStreetMap", "highway": "service"}, "geometry": {"type": "LineString", "coordinates": [[139.019498, 36.50583], [139.0201279, 36.5071236], [139.020212, 36.5072788]]}}, {"type": "Feature", "properties": {"MTFCC": "trunk", "NAME": "\u9bc9\u6ca2\u30d0\u30a4\u30d1\u30b9", "OSM_ID": "way/722163919", "SOURCE": "OpenStreetMap", "highway": "trunk", "surface": "paved", "lanes": "2", "bridge": "yes", "layer": "1"}, "geometry": {"type": "LineString", "coordinates": [[139.0118701, 36.5007119], [139.0120055, 36.5009897], [139.0121948, 36.5013407], [139.012496, 36.5017557], [139.0132445, 36.5026334]]}}, {"type": "Feature", "properties": {"MTFCC": "trunk", "NAME": "\u9bc9\u6ca2\u30d0\u30a4\u30d1\u30b9", "OSM_ID": "way/722163920", "SOURCE": "OpenStreetMap", "highway": "trunk", "surface": "paved", "lanes": "2"}, "geometry": {"type": "LineString", "coordinates": [[139.011987, 36.5007032], [139.0119458, 36.5005916], [139.0119018, 36.5004556], [139.0118683, 36.5003205], [139.0118314, 36.5001668], [139.0118068, 36.5000176], [139.0117933, 36.4998945], [139.0117793, 36.4997112], [139.0117811, 36.4995066]]}}, {"type": "Feature", "properties": {"MTFCC": "track", "NAME": "", "OSM_ID": "way/722163921", "SOURCE": "OpenStreetMap", "highway": "track"}, "geometry": {"type": "LineString", "coordinates": [[139.0121093, 36.5006605], [139.01228, 36.500633], [139.012405, 36.500611], [139.012502, 36.500566], [139.012543, 36.500533], [139.0126698, 36.5004386]]}}, {"type": "Feature", "properties": {"MTFCC": "unclassified", "NAME": "", "OSM_ID": "way/722163926", "SOURCE": "OpenStreetMap", "highway": "unclassified", "surface": "asphalt"}, "geometry": {"type": "LineString", "coordinates": [[139.0151206, 36.5023163], [139.0151268, 36.5023479], [139.01514, 36.5023853], [139.0152593, 36.5027735], [139.0155669, 36.5037471], [139.0158777, 36.5047182], [139.0161953, 36.5057094]]}}, {"type": "Feature", "properties": {"MTFCC": "service", "NAME": "", "OSM_ID": "way/722163927", "SOURCE": "OpenStreetMap", "highway": "service"}, "geometry": {"type": "LineString", "coordinates": [[139.0139425, 36.4999542], [139.0143769, 36.5004227]]}}, {"type": "Feature", "properties": {"MTFCC": "trunk", "NAME": "\u56fd\u9053353\u53f7", "OSM_ID": "way/876070769", "SOURCE": "OpenStreetMap", "highway": "trunk", "surface": "paved", "lanes": "2"}, "geometry": {"type": "LineString", "coordinates": [[139.0131471, 36.4962692], [139.0130615, 36.4962118]]}}, {"type": "Feature", "properties": {"MTFCC": "footway", "NAME": "", "OSM_ID": "way/878541406", "SOURCE": "OpenStreetMap", "highway": "footway"}, "geometry": {"type": "LineString", "coordinates": [[139.0188111, 36.4968517], [139.0188087, 36.4968948], [139.018806, 36.4969445]]}}, {"type": "Feature", "properties": {"MTFCC": "footway", "NAME": "", "OSM_ID": "way/878541407", "SOURCE": "OpenStreetMap", "highway": "footway"}, "geometry": {"type": "LineString", "coordinates": [[139.0185861, 36.4967014], [139.018649, 36.4967072], [139.0186949, 36.4967048]]}}, {"type": "Feature", "properties": {"MTFCC": "footway", "NAME": "", "OSM_ID": "way/878541408", "SOURCE": "OpenStreetMap", "highway": "footway"}, "geometry": {"type": "LineString", "coordinates": [[139.0186949, 36.4967048], [139.0187205, 36.4967048], [139.0187217, 36.49676], [139.0187382, 36.4967948], [139.0187758, 36.4968301], [139.0188111, 36.4968517]]}}, {"type": "Feature", "properties": {"MTFCC": "trunk", "NAME": "\u56fd\u9053353\u53f7", "OSM_ID": "way/878541409", "SOURCE": "OpenStreetMap", "highway": "trunk", "surface": "paved", "lanes": "2"}, "geometry": {"type": "LineString", "coordinates": [[139.0188087, 36.4968948], [139.0186382, 36.4968891]]}}, {"type": "Feature", "properties": {"MTFCC": "trunk", "NAME": "\u56fd\u9053353\u53f7", "OSM_ID": "way/878541411", "SOURCE": "OpenStreetMap", "highway": "trunk", "surface": "paved", "lanes": "2"}, "geometry": {"type": "LineString", "coordinates": [[139.0229883, 36.5005707], [139.02295, 36.5005019]]}}, {"type": "Feature", "properties": {"MTFCC": "trunk", "NAME": "\u56fd\u9053353\u53f7", "OSM_ID": "way/878541413", "SOURCE": "OpenStreetMap", "highway": "trunk", "surface": "paved", "lanes": "2"}, "geometry": {"type": "LineString", "coordinates": [[139.0233087, 36.5011912], [139.023059, 36.5007123]]}}, {"type": "Feature", "properties": {"MTFCC": "footway", "NAME": "", "OSM_ID": "way/878541414", "SOURCE": "OpenStreetMap", "highway": "footway"}, "geometry": {"type": "LineString", "coordinates": [[139.023469, 36.501377], [139.0234114, 36.5013927]]}}, {"type": "Feature", "properties": {"MTFCC": "footway", "NAME": "", "OSM_ID": "way/878541415", "SOURCE": "OpenStreetMap", "highway": "footway"}, "geometry": {"type": "LineString", "coordinates": [[139.0235288, 36.5014151], [139.0235573, 36.501476]]}}, {"type": "Feature", "properties": {"MTFCC": "footway", "NAME": "", "OSM_ID": "way/878541416", "SOURCE": "OpenStreetMap", "highway": "footway"}, "geometry": {"type": "LineString", "coordinates": [[139.0235123, 36.5013798], [139.023469, 36.501377]]}}, {"type": "Feature", "properties": {"MTFCC": "footway", "NAME": "", "OSM_ID": "way/878541417", "SOURCE": "OpenStreetMap", "highway": "footway"}, "geometry": {"type": "LineString", "coordinates": [[139.0235243, 36.5013525], [139.0235123, 36.5013798], [139.0235288, 36.5014151]]}}, {"type": "Feature", "properties": {"MTFCC": "service", "NAME": "", "OSM_ID": "way/878541419", "SOURCE": "OpenStreetMap", "highway": "service", "surface": "asphalt"}, "geometry": {"type": "LineString", "coordinates": [[139.0241131, 36.5006782], [139.0240303, 36.5006975], [139.0240149, 36.5007357], [139.0240385, 36.5008188], [139.0240414, 36.5008926], [139.0239987, 36.501021], [139.023936, 36.5011087], [139.0238207, 36.5012512], [139.0237679, 36.5012995], [139.0236313, 36.5013479], [139.0235243, 36.5013525], [139.023477, 36.5013116], [139.0234403, 36.5012582], [139.0233087, 36.5011912]]}}, {"type": "Feature", "properties": {"MTFCC": "trunk", "NAME": "\u56fd\u9053353\u53f7", "OSM_ID": "way/878541420", "SOURCE": "OpenStreetMap", "highway": "trunk", "surface": "paved", "lanes": "2"}, "geometry": {"type": "LineString", "coordinates": [[139.0241131, 36.5006782], [139.0241291, 36.5008223], [139.0241365, 36.5009018], [139.0241279, 36.5009726], [139.024116, 36.5010358], [139.0240841, 36.5011292], [139.0240471, 36.5011913], [139.0239901, 36.5012556], [139.0239394, 36.5013046], [139.0238529, 36.5013639], [139.0237618, 36.5014071], [139.023645, 36.5014453], [139.0235573, 36.501476], [139.0234702, 36.5015079]]}}, {"type": "Feature", "properties": {"MTFCC": "residential", "NAME": "", "OSM_ID": "way/878541424", "SOURCE": "OpenStreetMap", "highway": "residential"}, "geometry": {"type": "LineString", "coordinates": [[139.0270278, 36.5039698], [139.0282999, 36.5039835], [139.0285957, 36.5040018], [139.0287848, 36.5040314], [139.0292791, 36.5041852], [139.0294647, 36.5038913], [139.0295934, 36.5037273], [139.0297011, 36.503623]]}}, {"type": "Feature", "properties": {"MTFCC": "residential", "NAME": "", "OSM_ID": "way/878541425", "SOURCE": "OpenStreetMap", "highway": "residential"}, "geometry": {"type": "LineString", "coordinates": [[139.0297011, 36.503623], [139.0293041, 36.5035006], [139.028959, 36.5033992], [139.0287346, 36.5033628], [139.0285296, 36.5033457], [139.0283104, 36.5033349], [139.0270394, 36.5033195]]}}, {"type": "Feature", "properties": {"MTFCC": "residential", "NAME": "", "OSM_ID": "way/878541426", "SOURCE": "OpenStreetMap", "highway": "residential"}, "geometry": {"type": "LineString", "coordinates": [[139.0270426, 36.5030046], [139.0283212, 36.5030251], [139.0287255, 36.5030484], [139.0289772, 36.503094], [139.0293155, 36.5031635], [139.0293718, 36.5031835]]}}, {"type": "Feature", "properties": {"MTFCC": "residential", "NAME": "", "OSM_ID": "way/878541427", "SOURCE": "OpenStreetMap", "highway": "residential"}, "geometry": {"type": "LineString", "coordinates": [[139.029172, 36.502406], [139.0283308, 36.5023958], [139.027054, 36.5023697]]}}, {"type": "Feature", "properties": {"MTFCC": "residential", "NAME": "", "OSM_ID": "way/878541428", "SOURCE": "OpenStreetMap", "highway": "residential"}, "geometry": {"type": "LineString", "coordinates": [[139.0266005, 36.5020586], [139.0270594, 36.5020634], [139.0283363, 36.5020882], [139.0292183, 36.5020986]]}}, {"type": "Feature", "properties": {"MTFCC": "unclassified", "NAME": "", "OSM_ID": "way/878541429", "SOURCE": "OpenStreetMap", "highway": "unclassified"}, "geometry": {"type": "LineString", "coordinates": [[139.0270702, 36.5014596], [139.0266595, 36.501444], [139.0266389, 36.5014513], [139.0266252, 36.5014632], [139.0266175, 36.50148], [139.0266044, 36.5018136], [139.0266005, 36.5020586], [139.0265903, 36.5026933], [139.0265712, 36.5036374], [139.0265626, 36.5042515]]}}, {"type": "Feature", "properties": {"MTFCC": "footway", "NAME": "", "OSM_ID": "way/878597178", "SOURCE": "OpenStreetMap", "highway": "footway"}, "geometry": {"type": "LineString", "coordinates": [[139.0118734, 36.4995699], [139.0118734, 36.4995363]]}}, {"type": "Feature", "properties": {"MTFCC": "footway", "NAME": "", "OSM_ID": "way/878597179", "SOURCE": "OpenStreetMap", "highway": "footway", "surface": "asphalt"}, "geometry": {"type": "LineString", "coordinates": [[139.0118387, 36.49971], [139.0118376, 36.4996212], [139.0118734, 36.4995699]]}}, {"type": "Feature", "properties": {"MTFCC": "footway", "NAME": "", "OSM_ID": "way/878597180", "SOURCE": "OpenStreetMap", "highway": "footway"}, "geometry": {"type": "LineString", "coordinates": [[139.0115323, 36.4996451], [139.0115619, 36.4996554], [139.0115801, 36.4996781], [139.0115893, 36.4997123]]}}, {"type": "Feature", "properties": {"MTFCC": "footway", "NAME": "", "OSM_ID": "way/878597181", "SOURCE": "OpenStreetMap", "highway": "footway"}, "geometry": {"type": "LineString", "coordinates": [[139.0112903, 36.49937], [139.0113153, 36.4993774]]}}, {"type": "Feature", "properties": {"MTFCC": "footway", "NAME": "", "OSM_ID": "way/878597182", "SOURCE": "OpenStreetMap", "highway": "footway"}, "geometry": {"type": "LineString", "coordinates": [[139.0115329, 36.4994008], [139.0115332, 36.4994357], [139.0115326, 36.4995673], [139.0115323, 36.4996451]]}}, {"type": "Feature", "properties": {"MTFCC": "footway", "NAME": "", "OSM_ID": "way/878597183", "SOURCE": "OpenStreetMap", "highway": "footway"}, "geometry": {"type": "LineString", "coordinates": [[139.0113153, 36.4993774], [139.0115335, 36.4993729], [139.0115329, 36.4994008]]}}, {"type": "Feature", "properties": {"MTFCC": "footway", "NAME": "", "OSM_ID": "way/878597184", "SOURCE": "OpenStreetMap", "highway": "footway", "surface": "asphalt"}, "geometry": {"type": "LineString", "coordinates": [[139.0115893, 36.4997123], [139.0116814, 36.4997132], [139.0117793, 36.4997112], [139.0118387, 36.49971]]}}, {"type": "Feature", "properties": {"MTFCC": "footway", "NAME": "", "OSM_ID": "way/878597185", "SOURCE": "OpenStreetMap", "highway": "footway"}, "geometry": {"type": "LineString", "coordinates": [[139.0131207, 36.4964669], [139.0130783, 36.4964209], [139.0129997, 36.4963413], [139.0129561, 36.4962999]]}}, {"type": "Feature", "properties": {"MTFCC": "footway", "NAME": "", "OSM_ID": "way/878597186", "SOURCE": "OpenStreetMap", "highway": "footway"}, "geometry": {"type": "LineString", "coordinates": [[139.0129532, 36.4961973], [139.0129742, 36.4961496], [139.0129948, 36.4960977]]}}, {"type": "Feature", "properties": {"MTFCC": "footway", "NAME": "", "OSM_ID": "way/878597187", "SOURCE": "OpenStreetMap", "highway": "footway"}, "geometry": {"type": "LineString", "coordinates": [[139.0129948, 36.4960977], [139.0130153, 36.4960928], [139.0130321, 36.496086], [139.0130441, 36.4960772], [139.0130591, 36.4960641]]}}, {"type": "Feature", "properties": {"MTFCC": "footway", "NAME": "", "OSM_ID": "way/878597188", "SOURCE": "OpenStreetMap", "highway": "footway"}, "geometry": {"type": "LineString", "coordinates": [[139.0132426, 36.4961881], [139.0131943, 36.4961552], [139.0131098, 36.4960977], [139.0130591, 36.4960641]]}}, {"type": "Feature", "properties": {"MTFCC": "footway", "NAME": "", "OSM_ID": "way/878597189", "SOURCE": "OpenStreetMap", "highway": "footway"}, "geometry": {"type": "LineString", "coordinates": [[139.0122825, 36.4975434], [139.0126113, 36.4969788], [139.0126938, 36.4968381], [139.0127771, 36.4966777], [139.0129561, 36.4962999], [139.0129811, 36.4962463], [139.0129817, 36.4962292], [139.0129737, 36.4962156], [139.0129532, 36.4961973]]}}, {"type": "Feature", "properties": {"MTFCC": "footway", "NAME": "", "OSM_ID": "way/878597190", "SOURCE": "OpenStreetMap", "highway": "footway"}, "geometry": {"type": "LineString", "coordinates": [[139.0131897, 36.496453], [139.0132358, 36.4963298], [139.0132711, 36.4962352]]}}, {"type": "Feature", "properties": {"MTFCC": "service", "NAME": "", "OSM_ID": "way/1049237828", "SOURCE": "OpenStreetMap", "highway": "service"}, "geometry": {"type": "LineString", "coordinates": [[139.0161038, 36.5101333], [139.0170733, 36.5101391], [139.0177967, 36.5101435], [139.0178597, 36.5101673], [139.018512, 36.5101614], [139.0185171, 36.5088819]]}}, {"type": "Feature", "properties": {"MTFCC": "track", "NAME": "", "OSM_ID": "way/1049237832", "SOURCE": "OpenStreetMap", "highway": "track", "surface": "asphalt"}, "geometry": {"type": "LineString", "coordinates": [[139.0150133, 36.5070052], [139.0161292, 36.5067699], [139.0176053, 36.5064587]]}}, {"type": "Feature", "properties": {"MTFCC": "residential", "NAME": "", "OSM_ID": "way/1051218263", "SOURCE": "OpenStreetMap", "highway": "residential"}, "geometry": {"type": "LineString", "coordinates": [[139.0063153, 36.5093532], [139.0062851, 36.5094241], [139.006225, 36.509616], [139.0061104, 36.5098531]]}}, {"type": "Feature", "properties": {"MTFCC": "residential", "NAME": "", "OSM_ID": "way/1051218264", "SOURCE": "OpenStreetMap", "highway": "residential"}, "geometry": {"type": "LineString", "coordinates": [[139.0070805, 36.5114594], [139.0064115, 36.5111539], [139.0064073, 36.5111203], [139.0064287, 36.5110551], [139.0058387, 36.5108889], [139.0058814, 36.5107548], [139.0059552, 36.5105894], [139.0060056, 36.5105036], [139.0060833, 36.5104241], [139.0062929, 36.5100013], [139.0063181, 36.5099373], [139.0062948, 36.5099124], [139.0061104, 36.5098531], [139.0058154, 36.5097876], [139.0056563, 36.5100653], [139.0056058, 36.5100715], [139.0052691, 36.510037]]}}, {"type": "Feature", "properties": {"MTFCC": "service", "NAME": "", "OSM_ID": "way/1051218265", "SOURCE": "OpenStreetMap", "highway": "service"}, "geometry": {"type": "LineString", "coordinates": [[139.0063153, 36.5093532], [139.0065608, 36.5095086], [139.0066169, 36.5095704], [139.0065889, 36.5096605], [139.0061569, 36.5103699], [139.0060448, 36.5105181], [139.0059724, 36.5106401], [139.0059724, 36.5108128], [139.006339, 36.5109066], [139.0066449, 36.5110493], [139.0068317, 36.5110849]]}}, {"type": "Feature", "properties": {"MTFCC": "service", "NAME": "", "OSM_ID": "way/1051218267", "SOURCE": "OpenStreetMap", "highway": "service", "surface": "asphalt"}, "geometry": {"type": "LineString", "coordinates": [[139.0028327, 36.5087719], [139.0033618, 36.5084011], [139.0033929, 36.5080719]]}}, {"type": "Feature", "properties": {"MTFCC": "service", "NAME": "", "OSM_ID": "way/1051218268", "SOURCE": "OpenStreetMap", "highway": "service", "surface": "asphalt"}, "geometry": {"type": "LineString", "coordinates": [[139.0033929, 36.5080719], [139.0033579, 36.5080407], [139.0032609, 36.5078894], [139.0032201, 36.5077693], [139.0032046, 36.5077084], [139.0031755, 36.5076663], [139.0029891, 36.5075628]]}}, {"type": "Feature", "properties": {"MTFCC": "service", "NAME": "", "OSM_ID": "way/1051218269", "SOURCE": "OpenStreetMap", "highway": "service"}, "geometry": {"type": "LineString", "coordinates": [[139.0033929, 36.5080719], [139.0034472, 36.508075], [139.003618, 36.5081171], [139.0037616, 36.5078488]]}}, {"type": "Feature", "properties": {"MTFCC": "service", "NAME": "", "OSM_ID": "way/1051218270", "SOURCE": "OpenStreetMap", "highway": "service"}, "geometry": {"type": "LineString", "coordinates": [[139.0048746, 36.5069343], [139.0049428, 36.5069188], [139.0051161, 36.5068644], [139.0053727, 36.5068548], [139.0057916, 36.5067952], [139.006077, 36.5068026], [139.0061585, 36.5068175], [139.0062308, 36.5068808], [139.0063392, 36.5068771], [139.0064252, 36.5068984]]}}, {"type": "Feature", "properties": {"MTFCC": "track", "NAME": "", "OSM_ID": "way/1051218271", "SOURCE": "OpenStreetMap", "highway": "track", "surface": "asphalt"}, "geometry": {"type": "LineString", "coordinates": [[139.0051767, 36.5083951], [139.0052624, 36.5083734], [139.0053644, 36.5081815], [139.0057278, 36.5076328], [139.0059437, 36.507276], [139.0060416, 36.5071089], [139.0062133, 36.5069095], [139.0062308, 36.5068808]]}}, {"type": "Feature", "properties": {"MTFCC": "service", "NAME": "", "OSM_ID": "way/1051218272", "SOURCE": "OpenStreetMap", "highway": "service"}, "geometry": {"type": "LineString", "coordinates": [[139.0057916, 36.5067952], [139.0058025, 36.5066122], [139.0058194, 36.5064654], [139.0058503, 36.5062035], [139.0058558, 36.506145]]}}, {"type": "Feature", "properties": {"MTFCC": "service", "NAME": "", "OSM_ID": "way/1051218273", "SOURCE": "OpenStreetMap", "highway": "service"}, "geometry": {"type": "LineString", "coordinates": [[139.0053786, 36.5062022], [139.0054791, 36.5058852], [139.0054823, 36.5056959], [139.0053177, 36.5056349], [139.0053718, 36.505252]]}}, {"type": "Feature", "properties": {"MTFCC": "service", "NAME": "", "OSM_ID": "way/1051550230", "SOURCE": "OpenStreetMap", "highway": "service"}, "geometry": {"type": "LineString", "coordinates": [[139.0170733, 36.5101391], [139.0170769, 36.5095014], [139.017123, 36.5093341], [139.0171008, 36.5087749]]}}, {"type": "Feature", "properties": {"MTFCC": "residential", "NAME": "", "OSM_ID": "way/1051550231", "SOURCE": "OpenStreetMap", "highway": "residential"}, "geometry": {"type": "LineString", "coordinates": [[139.016499, 36.5110897], [139.0165852, 36.5110787], [139.0172385, 36.5109207], [139.017585, 36.5108516], [139.0176479, 36.5108487], [139.0179549, 36.5108345]]}}, {"type": "Feature", "properties": {"MTFCC": "residential", "NAME": "", "OSM_ID": "way/1051550232", "SOURCE": "OpenStreetMap", "highway": "residential"}, "geometry": {"type": "LineString", "coordinates": [[139.0176479, 36.5108487], [139.0176793, 36.5109785], [139.0177071, 36.5112707], [139.0176916, 36.5113277], [139.01759, 36.5114193], [139.0175715, 36.5114465], [139.0178349, 36.5115978], [139.0178155, 36.511687]]}}, {"type": "Feature", "properties": {"MTFCC": "service", "NAME": "", "OSM_ID": "way/1051550233", "SOURCE": "OpenStreetMap", "highway": "service"}, "geometry": {"type": "LineString", "coordinates": [[139.0178155, 36.511687], [139.0177701, 36.5121309], [139.0167161, 36.5123945], [139.0166938, 36.5124001]]}}, {"type": "Feature", "properties": {"MTFCC": "service", "NAME": "", "OSM_ID": "way/1051550234", "SOURCE": "OpenStreetMap", "highway": "service"}, "geometry": {"type": "LineString", "coordinates": [[139.0178155, 36.511687], [139.0167569, 36.5119592], [139.0166589, 36.5120037]]}}, {"type": "Feature", "properties": {"MTFCC": "track", "NAME": "", "OSM_ID": "way/1051550235", "SOURCE": "OpenStreetMap", "highway": "track", "surface": "paved"}, "geometry": {"type": "LineString", "coordinates": [[139.0184697, 36.5088726], [139.0185366, 36.5088146], [139.018621, 36.5087871], [139.0186723, 36.5087753], [139.0187261, 36.5087802], [139.0187824, 36.5088048], [139.0188521, 36.5088451], [139.0191943, 36.5088156], [139.0195553, 36.5087985], [139.0198756, 36.5087985], [139.0201198, 36.5088156]]}}, {"type": "Feature", "properties": {"MTFCC": "track", "NAME": "", "OSM_ID": "way/1051550236", "SOURCE": "OpenStreetMap", "highway": "track"}, "geometry": {"type": "LineString", "coordinates": [[139.0185366, 36.5088146], [139.0184762, 36.5086163], [139.0184479, 36.5084029], [139.0184231, 36.5083759], [139.0183295, 36.5083401]]}}, {"type": "Feature", "properties": {"MTFCC": "residential", "NAME": "", "OSM_ID": "way/1096167955", "SOURCE": "OpenStreetMap", "highway": "residential"}, "geometry": {"type": "LineString", "coordinates": [[139.0224653, 36.4965768], [139.0227244, 36.4965267], [139.0227668, 36.4965467], [139.0228377, 36.4967052], [139.0232875, 36.4972873], [139.0236634, 36.497634], [139.0236894, 36.4976573], [139.0239129, 36.4978569], [139.0240423, 36.4979015], [139.0246678, 36.4980452]]}}, {"type": "Feature", "properties": {"MTFCC": "residential", "NAME": "", "OSM_ID": "way/1096167956", "SOURCE": "OpenStreetMap", "highway": "residential"}, "geometry": {"type": "LineString", "coordinates": [[139.0246678, 36.4980452], [139.025267, 36.4981206], [139.0253415, 36.49813], [139.025492, 36.498182], [139.025639, 36.49821], [139.025845, 36.498235], [139.0258747, 36.4982127]]}}, {"type": "Feature", "properties": {"MTFCC": "residential", "NAME": "", "OSM_ID": "way/1096167957", "SOURCE": "OpenStreetMap", "highway": "residential"}, "geometry": {"type": "LineString", "coordinates": [[139.0236894, 36.4976573], [139.0234046, 36.4978074], [139.0227519, 36.4981689]]}}, {"type": "Feature", "properties": {"MTFCC": "path", "NAME": "", "OSM_ID": "way/1096167958", "SOURCE": "OpenStreetMap", "highway": "path"}, "geometry": {"type": "LineString", "coordinates": [[139.021151, 36.4970723], [139.02114, 36.4971015], [139.0209506, 36.4971396], [139.0209089, 36.4971833], [139.020912, 36.4972254], [139.0211517, 36.4975514], [139.0213588, 36.4978049], [139.021382, 36.4979262]]}}, {"type": "Feature", "properties": {"MTFCC": "service", "NAME": "", "OSM_ID": "way/1096167959", "SOURCE": "OpenStreetMap", "highway": "service"}, "geometry": {"type": "LineString", "coordinates": [[139.0258747, 36.4982127], [139.025633, 36.497955]]}}, {"type": "Feature", "properties": {"MTFCC": "track", "NAME": "", "OSM_ID": "way/1096168540", "SOURCE": "OpenStreetMap", "highway": "track"}, "geometry": {"type": "LineString", "coordinates": [[139.0225599, 36.5046028], [139.0224906, 36.5042958], [139.0226214, 36.5042665]]}}, {"type": "Feature", "properties": {"MTFCC": "service", "NAME": "", "OSM_ID": "way/1144259618", "SOURCE": "OpenStreetMap", "highway": "service"}, "geometry": {"type": "LineString", "coordinates": [[139.0125926, 36.5079644], [139.0123233, 36.5071026]]}}, {"type": "Feature", "properties": {"MTFCC": "service", "NAME": "", "OSM_ID": "way/1144259619", "SOURCE": "OpenStreetMap", "highway": "service"}, "geometry": {"type": "LineString", "coordinates": [[139.0122012, 36.5080682], [139.0119526, 36.5076166]]}}, {"type": "Feature", "properties": {"MTFCC": "service", "NAME": "", "OSM_ID": "way/1144259620", "SOURCE": "OpenStreetMap", "highway": "service"}, "geometry": {"type": "LineString", "coordinates": [[139.0116356, 36.5076255], [139.0118547, 36.5075737]]}}, {"type": "Feature", "properties": {"MTFCC": "service", "NAME": "", "OSM_ID": "way/1144259621", "SOURCE": "OpenStreetMap", "highway": "service"}, "geometry": {"type": "LineString", "coordinates": [[139.0116022, 36.5074013], [139.0119605, 36.507341]]}}, {"type": "Feature", "properties": {"MTFCC": "service", "NAME": "", "OSM_ID": "way/1144259622", "SOURCE": "OpenStreetMap", "highway": "service"}, "geometry": {"type": "LineString", "coordinates": [[139.0130204, 36.5072476], [139.013321, 36.5072131]]}}, {"type": "Feature", "properties": {"MTFCC": "service", "NAME": "", "OSM_ID": "way/1144259623", "SOURCE": "OpenStreetMap", "highway": "service"}, "geometry": {"type": "LineString", "coordinates": [[139.0130926, 36.5078376], [139.0133218, 36.5078073]]}}, {"type": "Feature", "properties": {"MTFCC": "service", "NAME": "", "OSM_ID": "way/1144259624", "SOURCE": "OpenStreetMap", "highway": "service"}, "geometry": {"type": "LineString", "coordinates": [[139.0129129, 36.5077972], [139.0133247, 36.5077479]]}}, {"type": "Feature", "properties": {"MTFCC": "residential", "NAME": "", "OSM_ID": "way/1144259625", "SOURCE": "OpenStreetMap", "highway": "residential"}, "geometry": {"type": "LineString", "coordinates": [[139.0117456, 36.5096079], [139.0116871, 36.5094416], [139.0121046, 36.5092495], [139.0121955, 36.5091641], [139.0117817, 36.5082957], [139.0120076, 36.5081251]]}}, {"type": "Feature", "properties": {"MTFCC": "unclassified", "NAME": "", "OSM_ID": "way/1144259626", "SOURCE": "OpenStreetMap", "highway": "unclassified", "surface": "asphalt"}, "geometry": {"type": "LineString", "coordinates": [[139.0129333, 36.5110672], [139.0137127, 36.5108673], [139.0137482, 36.5108533]]}}, {"type": "Feature", "properties": {"MTFCC": "unclassified", "NAME": "", "OSM_ID": "way/1144259627", "SOURCE": "OpenStreetMap", "highway": "unclassified", "bridge": "yes", "layer": "1"}, "geometry": {"type": "LineString", "coordinates": [[139.0137482, 36.5108533], [139.0138037, 36.5108315]]}}, {"type": "Feature", "properties": {"MTFCC": "unclassified", "NAME": "", "OSM_ID": "way/1144259628", "SOURCE": "OpenStreetMap", "highway": "unclassified", "bridge": "yes", "layer": "1"}, "geometry": {"type": "LineString", "coordinates": [[139.0133277, 36.509164], [139.0133848, 36.509161]]}}, {"type": "Feature", "properties": {"MTFCC": "unclassified", "NAME": "", "OSM_ID": "way/1144259629", "SOURCE": "OpenStreetMap", "highway": "unclassified"}, "geometry": {"type": "LineString", "coordinates": [[139.0133848, 36.509161], [139.0134325, 36.5091584]]}}, {"type": "Feature", "properties": {"MTFCC": "unclassified", "NAME": "", "OSM_ID": "way/1144259630", "SOURCE": "OpenStreetMap", "highway": "unclassified"}, "geometry": {"type": "LineString", "coordinates": [[139.0133216, 36.5091644], [139.0133277, 36.509164]]}}, {"type": "Feature", "properties": {"MTFCC": "unclassified", "NAME": "", "OSM_ID": "way/1144259631", "SOURCE": "OpenStreetMap", "highway": "unclassified", "bridge": "yes", "layer": "1"}, "geometry": {"type": "LineString", "coordinates": [[139.0133443, 36.5087838], [139.0133865, 36.5087826]]}}, {"type": "Feature", "properties": {"MTFCC": "unclassified", "NAME": "", "OSM_ID": "way/1144259632", "SOURCE": "OpenStreetMap", "highway": "unclassified"}, "geometry": {"type": "LineString", "coordinates": [[139.0133865, 36.5087826], [139.0134239, 36.5087838]]}}, {"type": "Feature", "properties": {"MTFCC": "unclassified", "NAME": "", "OSM_ID": "way/1144259633", "SOURCE": "OpenStreetMap", "highway": "unclassified"}, "geometry": {"type": "LineString", "coordinates": [[139.0133076, 36.5087806], [139.0133443, 36.5087838]]}}, {"type": "Feature", "properties": {"MTFCC": "service", "NAME": "", "OSM_ID": "way/1144259634", "SOURCE": "OpenStreetMap", "highway": "service", "surface": "asphalt"}, "geometry": {"type": "LineString", "coordinates": [[139.0133243, 36.5080751], [139.01399, 36.5080238], [139.014091, 36.508245], [139.0142943, 36.5086577], [139.0146535, 36.5091856], [139.0147659, 36.5094568], [139.0149542, 36.5099194], [139.0149725, 36.5101607], [139.0150626, 36.5103572]]}}, {"type": "Feature", "properties": {"MTFCC": "service", "NAME": "", "OSM_ID": "way/1144259635", "SOURCE": "OpenStreetMap", "highway": "service"}, "geometry": {"type": "LineString", "coordinates": [[139.0133554, 36.506854], [139.0135566, 36.5068468], [139.0136227, 36.5069343], [139.0137293, 36.5070169], [139.0138113, 36.5070899], [139.0139656, 36.5072171], [139.0140167, 36.507233]]}}, {"type": "Feature", "properties": {"MTFCC": "service", "NAME": "", "OSM_ID": "way/1144259636", "SOURCE": "OpenStreetMap", "highway": "service"}, "geometry": {"type": "LineString", "coordinates": [[139.0130629, 36.5038725], [139.0128193, 36.5034595]]}}, {"type": "Feature", "properties": {"MTFCC": "service", "NAME": "", "OSM_ID": "way/1144259637", "SOURCE": "OpenStreetMap", "highway": "service"}, "geometry": {"type": "LineString", "coordinates": [[139.0132094, 36.5037383], [139.0129439, 36.5032853]]}}, {"type": "Feature", "properties": {"MTFCC": "residential", "NAME": "", "OSM_ID": "way/1144259638", "SOURCE": "OpenStreetMap", "highway": "residential"}, "geometry": {"type": "LineString", "coordinates": [[139.011232, 36.4980052], [139.0112131, 36.4978053], [139.0112086, 36.4976735], [139.0107895, 36.4975884], [139.0103585, 36.4975474]]}}, {"type": "Feature", "properties": {"MTFCC": "service", "NAME": "", "OSM_ID": "way/1144259639", "SOURCE": "OpenStreetMap", "highway": "service"}, "geometry": {"type": "LineString", "coordinates": [[139.0103585, 36.4975474], [139.0103122, 36.497164], [139.0105939, 36.4971187], [139.0109114, 36.4971015]]}}, {"type": "Feature", "properties": {"MTFCC": "service", "NAME": "", "OSM_ID": "way/1144259640", "SOURCE": "OpenStreetMap", "highway": "service"}, "geometry": {"type": "LineString", "coordinates": [[139.0108721, 36.4969176], [139.0109114, 36.4971015], [139.0109527, 36.4972375], [139.0111049, 36.4973956], [139.0112112, 36.4976028], [139.0112086, 36.4976735]]}}, {"type": "Feature", "properties": {"MTFCC": "service", "NAME": "", "OSM_ID": "way/1144259641", "SOURCE": "OpenStreetMap", "highway": "service"}, "geometry": {"type": "LineString", "coordinates": [[139.0109993, 36.4965237], [139.0108635, 36.4968291], [139.0108565, 36.4968449]]}}, {"type": "Feature", "properties": {"MTFCC": "service", "NAME": "", "OSM_ID": "way/1144259642", "SOURCE": "OpenStreetMap", "highway": "service", "bridge": "yes", "layer": "1"}, "geometry": {"type": "LineString", "coordinates": [[139.0108565, 36.4968449], [139.0108721, 36.4969176]]}}, {"type": "Feature", "properties": {"MTFCC": "service", "NAME": "", "OSM_ID": "way/1144259643", "SOURCE": "OpenStreetMap", "highway": "service"}, "geometry": {"type": "LineString", "coordinates": [[139.0108635, 36.4968291], [139.0104924, 36.4968181], [139.0104424, 36.4967727], [139.010458, 36.4966773]]}}, {"type": "Feature", "properties": {"MTFCC": "service", "NAME": "", "OSM_ID": "way/1144259644", "SOURCE": "OpenStreetMap", "highway": "service"}, "geometry": {"type": "LineString", "coordinates": [[139.0110368, 36.4943918], [139.011113, 36.4941208]]}}, {"type": "Feature", "properties": {"MTFCC": "service", "NAME": "", "OSM_ID": "way/1144259645", "SOURCE": "OpenStreetMap", "highway": "service"}, "geometry": {"type": "LineString", "coordinates": [[139.011113, 36.4941208], [139.0111313, 36.4940505], [139.0110744, 36.4938462], [139.0110522, 36.4937662]]}}, {"type": "Feature", "properties": {"MTFCC": "service", "NAME": "", "OSM_ID": "way/1144259646", "SOURCE": "OpenStreetMap", "highway": "service"}, "geometry": {"type": "LineString", "coordinates": [[139.0110744, 36.4938462], [139.0112735, 36.4938397], [139.0112716, 36.4938167], [139.0112506, 36.4935557]]}}, {"type": "Feature", "properties": {"MTFCC": "service", "NAME": "", "OSM_ID": "way/1144259647", "SOURCE": "OpenStreetMap", "highway": "service"}, "geometry": {"type": "LineString", "coordinates": [[139.0112716, 36.4938167], [139.0113316, 36.4938084], [139.0113373, 36.4936903]]}}, {"type": "Feature", "properties": {"MTFCC": "residential", "NAME": "", "OSM_ID": "way/1155142195", "SOURCE": "OpenStreetMap", "highway": "residential"}, "geometry": {"type": "LineString", "coordinates": [[139.0006587, 36.4968196], [139.000868, 36.496816], [139.0010321, 36.4968132], [139.001602, 36.4968034], [139.0022429, 36.4967817]]}}, {"type": "Feature", "properties": {"MTFCC": "service", "NAME": "", "OSM_ID": "way/1155142202", "SOURCE": "OpenStreetMap", "highway": "service"}, "geometry": {"type": "LineString", "coordinates": [[139.0032546, 36.4979362], [139.0029894, 36.4978442], [139.0031937, 36.4973993]]}}, {"type": "Feature", "properties": {"MTFCC": "service", "NAME": "", "OSM_ID": "way/1155142203", "SOURCE": "OpenStreetMap", "highway": "service"}, "geometry": {"type": "LineString", "coordinates": [[139.0037961, 36.497739], [139.0033338, 36.4976998]]}}, {"type": "Feature", "properties": {"MTFCC": "residential", "NAME": "", "OSM_ID": "way/1155142205", "SOURCE": "OpenStreetMap", "highway": "residential"}, "geometry": {"type": "LineString", "coordinates": [[139.007351, 36.4973786], [139.0066047, 36.4973516]]}}, {"type": "Feature", "properties": {"MTFCC": "residential", "NAME": "", "OSM_ID": "way/1155142206", "SOURCE": "OpenStreetMap", "highway": "residential", "surface": "asphalt"}, "geometry": {"type": "LineString", "coordinates": [[139.0073233, 36.4969158], [139.0082194, 36.4968564]]}}, {"type": "Feature", "properties": {"MTFCC": "service", "NAME": "", "OSM_ID": "way/1155142207", "SOURCE": "OpenStreetMap", "highway": "service"}, "geometry": {"type": "LineString", "coordinates": [[139.0075123, 36.496404], [139.007584, 36.4963542], [139.0075738, 36.4959503]]}}, {"type": "Feature", "properties": {"MTFCC": "service", "NAME": "", "OSM_ID": "way/1155142208", "SOURCE": "OpenStreetMap", "highway": "service"}, "geometry": {"type": "LineString", "coordinates": [[139.0086522, 36.4954344], [139.0083795, 36.4954271], [139.0083535, 36.4954264], [139.007934, 36.4954789], [139.0078648, 36.495474], [139.007811, 36.4954242], [139.0077513, 36.4951838]]}}, {"type": "Feature", "properties": {"MTFCC": "service", "NAME": "", "OSM_ID": "way/1155142209", "SOURCE": "OpenStreetMap", "highway": "service"}, "geometry": {"type": "LineString", "coordinates": [[139.008323, 36.4960647], [139.0083795, 36.4954271]]}}, {"type": "Feature", "properties": {"MTFCC": "residential", "NAME": "", "OSM_ID": "way/1155142210", "SOURCE": "OpenStreetMap", "highway": "residential", "surface": "asphalt"}, "geometry": {"type": "LineString", "coordinates": [[139.0097317, 36.495695], [139.0095712, 36.4957383], [139.0094806, 36.4957628], [139.0093056, 36.4957848], [139.0092136, 36.4957964], [139.0090106, 36.4958219], [139.0086665, 36.4958572]]}}, {"type": "Feature", "properties": {"MTFCC": "service", "NAME": "", "OSM_ID": "way/1155142211", "SOURCE": "OpenStreetMap", "highway": "service"}, "geometry": {"type": "LineString", "coordinates": [[139.0096023, 36.4965313], [139.0096321, 36.4961567], [139.0095712, 36.4957383]]}}, {"type": "Feature", "properties": {"MTFCC": "service", "NAME": "", "OSM_ID": "way/1155142212", "SOURCE": "OpenStreetMap", "highway": "service"}, "geometry": {"type": "LineString", "coordinates": [[139.0093169, 36.4964524], [139.009391, 36.4962195], [139.0093056, 36.4957848]]}}, {"type": "Feature", "properties": {"MTFCC": "service", "NAME": "", "OSM_ID": "way/1155142213", "SOURCE": "OpenStreetMap", "highway": "service"}, "geometry": {"type": "LineString", "coordinates": [[139.0091834, 36.4960544], [139.0092136, 36.4957964]]}}, {"type": "Feature", "properties": {"MTFCC": "service", "NAME": "", "OSM_ID": "way/1155142214", "SOURCE": "OpenStreetMap", "highway": "service"}, "geometry": {"type": "LineString", "coordinates": [[139.0089762, 36.496203], [139.0090106, 36.4958219]]}}, {"type": "Feature", "properties": {"MTFCC": "residential", "NAME": "", "OSM_ID": "way/1155142216", "SOURCE": "OpenStreetMap", "highway": "residential"}, "geometry": {"type": "LineString", "coordinates": [[139.0088642, 36.4993749], [139.0084, 36.4993934]]}}, {"type": "Feature", "properties": {"MTFCC": "residential", "NAME": "", "OSM_ID": "way/1155142217", "SOURCE": "OpenStreetMap", "highway": "residential"}, "geometry": {"type": "LineString", "coordinates": [[139.0092821, 36.5000026], [139.0092604, 36.4997667]]}}, {"type": "Feature", "properties": {"MTFCC": "service", "NAME": "", "OSM_ID": "way/1155142218", "SOURCE": "OpenStreetMap", "highway": "service"}, "geometry": {"type": "LineString", "coordinates": [[139.0102876, 36.499685], [139.0101585, 36.4995985], [139.0100927, 36.4994565], [139.0099989, 36.4994495], [139.0098632, 36.4994393], [139.009846, 36.4994097], [139.00983, 36.4992263], [139.0096279, 36.4991567], [139.0094416, 36.4990803], [139.00926, 36.4990543], [139.009124, 36.4990233]]}}, {"type": "Feature", "properties": {"MTFCC": "service", "NAME": "", "OSM_ID": "way/1155142219", "SOURCE": "OpenStreetMap", "highway": "service"}, "geometry": {"type": "LineString", "coordinates": [[139.0099989, 36.4994495], [139.0100808, 36.4989882], [139.0102594, 36.4989667]]}}, {"type": "Feature", "properties": {"MTFCC": "service", "NAME": "", "OSM_ID": "way/1155142220", "SOURCE": "OpenStreetMap", "highway": "service"}, "geometry": {"type": "LineString", "coordinates": [[139.0096279, 36.4991567], [139.0096935, 36.4988915]]}}, {"type": "Feature", "properties": {"MTFCC": "residential", "NAME": "", "OSM_ID": "way/1155142221", "SOURCE": "OpenStreetMap", "highway": "residential"}, "geometry": {"type": "LineString", "coordinates": [[139.0109178, 36.4989078], [139.0102751, 36.4988457], [139.0102594, 36.4989667]]}}, {"type": "Feature", "properties": {"MTFCC": "service", "NAME": "", "OSM_ID": "way/1155142222", "SOURCE": "OpenStreetMap", "highway": "service"}, "geometry": {"type": "LineString", "coordinates": [[139.0100879, 36.4979299], [139.0100693, 36.4979883], [139.0098986, 36.4986962], [139.009067, 36.4989015]]}}, {"type": "Feature", "properties": {"MTFCC": "service", "NAME": "", "OSM_ID": "way/1155142223", "SOURCE": "OpenStreetMap", "highway": "service"}, "geometry": {"type": "LineString", "coordinates": [[139.0095242, 36.498457], [139.009002, 36.4984479]]}}, {"type": "Feature", "properties": {"MTFCC": "service", "NAME": "", "OSM_ID": "way/1155142224", "SOURCE": "OpenStreetMap", "highway": "service"}, "geometry": {"type": "LineString", "coordinates": [[139.010222, 36.4982864], [139.0102681, 36.4980003], [139.0102715, 36.497942]]}}, {"type": "Feature", "properties": {"MTFCC": "service", "NAME": "", "OSM_ID": "way/1155142225", "SOURCE": "OpenStreetMap", "highway": "service"}, "geometry": {"type": "LineString", "coordinates": [[139.0114133, 36.4983761], [139.011372, 36.4981108], [139.0113439, 36.4980611]]}}, {"type": "Feature", "properties": {"MTFCC": "service", "NAME": "", "OSM_ID": "way/1155142226", "SOURCE": "OpenStreetMap", "highway": "service"}, "geometry": {"type": "LineString", "coordinates": [[139.0114233, 36.4980178], [139.0115563, 36.4979627], [139.0116267, 36.4979119], [139.0122167, 36.4975934], [139.0122613, 36.4975753], [139.0123343, 36.4975641]]}}, {"type": "Feature", "properties": {"MTFCC": "service", "NAME": "", "OSM_ID": "way/1155142227", "SOURCE": "OpenStreetMap", "highway": "service"}, "geometry": {"type": "LineString", "coordinates": [[139.0080536, 36.500667], [139.0080796, 36.500582], [139.0080479, 36.5001915], [139.0079975, 36.5001093], [139.0079455, 36.4996621]]}}, {"type": "Feature", "properties": {"MTFCC": "service", "NAME": "", "OSM_ID": "way/1155142228", "SOURCE": "OpenStreetMap", "highway": "service"}, "geometry": {"type": "LineString", "coordinates": [[139.0077679, 36.5001871], [139.0077502, 36.4998199]]}}, {"type": "Feature", "properties": {"MTFCC": "service", "NAME": "", "OSM_ID": "way/1155142229", "SOURCE": "OpenStreetMap", "highway": "service"}, "geometry": {"type": "LineString", "coordinates": [[139.0083211, 36.5012723], [139.0082998, 36.5012128], [139.0082819, 36.5009811], [139.0084932, 36.5009875], [139.0085772, 36.5009431]]}}, {"type": "Feature", "properties": {"MTFCC": "service", "NAME": "", "OSM_ID": "way/1155142230", "SOURCE": "OpenStreetMap", "highway": "service"}, "geometry": {"type": "LineString", "coordinates": [[139.0082819, 36.5009811], [139.0080913, 36.5009583], [139.0080756, 36.5008534], [139.0080602, 36.5007508], [139.0080586, 36.5007297], [139.0080536, 36.500667]]}}, {"type": "Feature", "properties": {"MTFCC": "service", "NAME": "", "OSM_ID": "way/1155142231", "SOURCE": "OpenStreetMap", "highway": "service"}, "geometry": {"type": "LineString", "coordinates": [[139.0080756, 36.5008534], [139.0077286, 36.5008764], [139.0076118, 36.5008842]]}}, {"type": "Feature", "properties": {"MTFCC": "service", "NAME": "", "OSM_ID": "way/1155142232", "SOURCE": "OpenStreetMap", "highway": "service"}, "geometry": {"type": "LineString", "coordinates": [[139.0077286, 36.5008764], [139.0077164, 36.5007768], [139.0080586, 36.5007297]]}}, {"type": "Feature", "properties": {"MTFCC": "residential", "NAME": "", "OSM_ID": "way/1155142233", "SOURCE": "OpenStreetMap", "highway": "residential"}, "geometry": {"type": "LineString", "coordinates": [[139.0066434, 36.5012971], [139.0070124, 36.5012485]]}}, {"type": "Feature", "properties": {"MTFCC": "residential", "NAME": "", "OSM_ID": "way/1155142234", "SOURCE": "OpenStreetMap", "highway": "residential"}, "geometry": {"type": "LineString", "coordinates": [[139.0073847, 36.5013777], [139.0070347, 36.5014125]]}}, {"type": "Feature", "properties": {"MTFCC": "residential", "NAME": "", "OSM_ID": "way/1155142235", "SOURCE": "OpenStreetMap", "highway": "residential"}, "geometry": {"type": "LineString", "coordinates": [[139.0073243, 36.5009201], [139.0070227, 36.5009532]]}}, {"type": "Feature", "properties": {"MTFCC": "service", "NAME": "", "OSM_ID": "way/1155142236", "SOURCE": "OpenStreetMap", "highway": "service"}, "geometry": {"type": "LineString", "coordinates": [[139.0072079, 36.501066], [139.0070334, 36.5010666]]}}, {"type": "Feature", "properties": {"MTFCC": "service", "NAME": "", "OSM_ID": "way/1155142237", "SOURCE": "OpenStreetMap", "highway": "service"}, "geometry": {"type": "LineString", "coordinates": [[139.0066718, 36.5033404], [139.0066961, 36.5032379], [139.0068789, 36.5032201], [139.0068804, 36.5030061], [139.0069869, 36.5029855], [139.0068788, 36.502129], [139.006873, 36.5021036], [139.0068681, 36.5020708]]}}, {"type": "Feature", "properties": {"MTFCC": "service", "NAME": "", "OSM_ID": "way/1155142238", "SOURCE": "OpenStreetMap", "highway": "service", "surface": "asphalt"}, "geometry": {"type": "LineString", "coordinates": [[139.0068681, 36.5020708], [139.0069124, 36.5020875], [139.0069491, 36.5021043], [139.0072538, 36.5021024], [139.0073552, 36.5020505]]}}, {"type": "Feature", "properties": {"MTFCC": "track", "NAME": "", "OSM_ID": "way/1155142239", "SOURCE": "OpenStreetMap", "highway": "track"}, "geometry": {"type": "LineString", "coordinates": [[139.0073675, 36.5028657], [139.0073974, 36.5027066], [139.0074666, 36.5026276], [139.007461, 36.5025653], [139.0074529, 36.5024765], [139.0075089, 36.5021779], [139.0074848, 36.5020484]]}}, {"type": "Feature", "properties": {"MTFCC": "service", "NAME": "", "OSM_ID": "way/1155142240", "SOURCE": "OpenStreetMap", "highway": "service"}, "geometry": {"type": "LineString", "coordinates": [[139.0055366, 36.5031696], [139.0055492, 36.5027839], [139.0055459, 36.5027517], [139.0055194, 36.5027088]]}}, {"type": "Feature", "properties": {"MTFCC": "residential", "NAME": "", "OSM_ID": "way/1155142241", "SOURCE": "OpenStreetMap", "highway": "residential"}, "geometry": {"type": "LineString", "coordinates": [[139.0034569, 36.5025485], [139.0028508, 36.502548], [139.0028339, 36.5026832]]}}, {"type": "Feature", "properties": {"MTFCC": "service", "NAME": "", "OSM_ID": "way/1155142242", "SOURCE": "OpenStreetMap", "highway": "service"}, "geometry": {"type": "LineString", "coordinates": [[139.0020206, 36.5024275], [139.0021547, 36.502078], [139.0024362, 36.5021343], [139.0024684, 36.5020171], [139.0026575, 36.5020318]]}}, {"type": "Feature", "properties": {"MTFCC": "service", "NAME": "", "OSM_ID": "way/1155142243", "SOURCE": "OpenStreetMap", "highway": "service"}, "geometry": {"type": "LineString", "coordinates": [[139.001912, 36.5019807], [139.0021559, 36.5020352], [139.0021547, 36.502078]]}}, {"type": "Feature", "properties": {"MTFCC": "service", "NAME": "", "OSM_ID": "way/1155142327", "SOURCE": "OpenStreetMap", "highway": "service"}, "geometry": {"type": "LineString", "coordinates": [[139.0024641, 36.5107238], [139.002084, 36.5104967], [139.0024435, 36.5101037]]}}, {"type": "Feature", "properties": {"MTFCC": "service", "NAME": "", "OSM_ID": "way/1155142334", "SOURCE": "OpenStreetMap", "highway": "service"}, "geometry": {"type": "LineString", "coordinates": [[139.002084, 36.5104967], [139.0020047, 36.5105818], [139.001955, 36.510635], [139.0016925, 36.5104968], [139.0016891, 36.5103959], [139.0014901, 36.5102594], [139.0013931, 36.5101154], [139.0012615, 36.5100764]]}}, {"type": "Feature", "properties": {"MTFCC": "track", "NAME": "", "OSM_ID": "way/1155142335", "SOURCE": "OpenStreetMap", "highway": "track"}, "geometry": {"type": "LineString", "coordinates": [[139.001955, 36.510635], [139.0018757, 36.5107306], [139.0013222, 36.5113979]]}}, {"type": "Feature", "properties": {"MTFCC": "footway", "NAME": "", "OSM_ID": "way/1212022378", "SOURCE": "OpenStreetMap", "highway": "footway"}, "geometry": {"type": "LineString", "coordinates": [[139.0126045, 36.497367], [139.0125753, 36.497419]]}}, {"type": "Feature", "properties": {"MTFCC": "footway", "NAME": "", "OSM_ID": "way/1212022379", "SOURCE": "OpenStreetMap", "highway": "footway"}, "geometry": {"type": "LineString", "coordinates": [[139.0125753, 36.497419], [139.0125595, 36.4974799], [139.0122998, 36.4979823], [139.0122779, 36.4980245]]}}, {"type": "Feature", "properties": {"MTFCC": "footway", "NAME": "", "OSM_ID": "way/1212022380", "SOURCE": "OpenStreetMap", "highway": "footway"}, "geometry": {"type": "LineString", "coordinates": [[139.0122779, 36.4980245], [139.012251, 36.498079], [139.012226, 36.4981284]]}}, {"type": "Feature", "properties": {"MTFCC": "footway", "NAME": "", "OSM_ID": "way/1212022381", "SOURCE": "OpenStreetMap", "highway": "footway"}, "geometry": {"type": "LineString", "coordinates": [[139.0122998, 36.4979823], [139.012225, 36.4979716], [139.0121157, 36.4979565], [139.0120545, 36.4979477]]}}, {"type": "Feature", "properties": {"MTFCC": "footway", "NAME": "", "OSM_ID": "way/1212022382", "SOURCE": "OpenStreetMap", "highway": "footway"}, "geometry": {"type": "LineString", "coordinates": [[139.0122031, 36.4981727], [139.0121325, 36.4981702], [139.012004, 36.4981649], [139.011933, 36.4981613]]}}, {"type": "Feature", "properties": {"MTFCC": "footway", "NAME": "", "OSM_ID": "way/1212022383", "SOURCE": "OpenStreetMap", "highway": "footway"}, "geometry": {"type": "LineString", "coordinates": [[139.0120094, 36.4979769], [139.0119654, 36.4980516], [139.0119347, 36.4981038]]}}, {"type": "Feature", "properties": {"MTFCC": "footway", "NAME": "", "OSM_ID": "way/1212022384", "SOURCE": "OpenStreetMap", "highway": "footway"}, "geometry": {"type": "LineString", "coordinates": [[139.0120094, 36.4979769], [139.0120336, 36.4979669], [139.0120545, 36.4979477], [139.0122167, 36.4976423]]}}, {"type": "Feature", "properties": {"MTFCC": "footway", "NAME": "", "OSM_ID": "way/1212022385", "SOURCE": "OpenStreetMap", "highway": "footway"}, "geometry": {"type": "LineString", "coordinates": [[139.0122167, 36.4976423], [139.0122613, 36.4975753], [139.0122825, 36.4975434]]}}, {"type": "Feature", "properties": {"MTFCC": "footway", "NAME": "", "OSM_ID": "way/1212022386", "SOURCE": "OpenStreetMap", "highway": "footway"}, "geometry": {"type": "LineString", "coordinates": [[139.012226, 36.4981284], [139.0122031, 36.4981727], [139.0121435, 36.4982882]]}}, {"type": "Feature", "properties": {"MTFCC": "footway", "NAME": "", "OSM_ID": "way/1212022387", "SOURCE": "OpenStreetMap", "highway": "footway"}, "geometry": {"type": "LineString", "coordinates": [[139.0119347, 36.4981038], [139.011933, 36.4981613], [139.0118771, 36.4982773], [139.0117526, 36.4985113], [139.011468, 36.4990224], [139.0112901, 36.49931], [139.0111316, 36.4995433], [139.0110536, 36.4996289], [139.0109509, 36.4997486]]}}, {"type": "Feature", "properties": {"MTFCC": "unclassified", "NAME": "", "OSM_ID": "way/1257259355", "SOURCE": "OpenStreetMap", "highway": "unclassified"}, "geometry": {"type": "LineString", "coordinates": [[139.0096568, 36.5012244], [139.0093231, 36.5014331], [139.0088759, 36.5017199], [139.0087456, 36.5018074], [139.008635, 36.501916], [139.0084996, 36.5020843], [139.0083261, 36.5023252], [139.0082147, 36.5025053]]}}, {"type": "Feature", "properties": {"MTFCC": "unclassified", "NAME": "", "OSM_ID": "way/1257259356", "SOURCE": "OpenStreetMap", "highway": "unclassified"}, "geometry": {"type": "LineString", "coordinates": [[139.0071692, 36.5035047], [139.0066385, 36.5035319], [139.0064131, 36.5035167]]}}, {"type": "Feature", "properties": {"MTFCC": "unclassified", "NAME": "", "OSM_ID": "way/1257259357", "SOURCE": "OpenStreetMap", "highway": "unclassified"}, "geometry": {"type": "LineString", "coordinates": [[139.007353, 36.5034188], [139.0071692, 36.5035047]]}}, {"type": "Feature", "properties": {"MTFCC": "footway", "NAME": "", "OSM_ID": "way/1257259358", "SOURCE": "OpenStreetMap", "highway": "footway"}, "geometry": {"type": "LineString", "coordinates": [[139.0103425, 36.5004226], [139.0104127, 36.5003835], [139.0107783, 36.5001675], [139.0111713, 36.4998783]]}}, {"type": "Feature", "properties": {"MTFCC": "footway", "NAME": "", "OSM_ID": "way/1257259359", "SOURCE": "OpenStreetMap", "highway": "footway"}, "geometry": {"type": "LineString", "coordinates": [[139.0111713, 36.4998783], [139.011364, 36.4997027], [139.0115323, 36.4996451]]}}, {"type": "Feature", "properties": {"MTFCC": "footway", "NAME": "", "OSM_ID": "way/1257259360", "SOURCE": "OpenStreetMap", "highway": "footway"}, "geometry": {"type": "LineString", "coordinates": [[139.0118734, 36.4995363], [139.0118938, 36.4990935], [139.0120293, 36.4985542], [139.0121435, 36.4982882]]}}, {"type": "Feature", "properties": {"MTFCC": "service", "NAME": "", "OSM_ID": "way/1257902863", "SOURCE": "OpenStreetMap", "highway": "service"}, "geometry": {"type": "LineString", "coordinates": [[139.0071777, 36.4936455], [139.007059, 36.4935918], [139.0070512, 36.4935785], [139.0070519, 36.4935628], [139.0074309, 36.4929657]]}}, {"type": "Feature", "properties": {"MTFCC": "footway", "NAME": "", "OSM_ID": "way/1349983671", "SOURCE": "OpenStreetMap", "highway": "footway"}, "geometry": {"type": "LineString", "coordinates": [[139.0055197, 36.5127175], [139.0054784, 36.5121198]]}}, {"type": "Feature", "properties": {"MTFCC": "unclassified", "NAME": "", "OSM_ID": "way/1349983680", "SOURCE": "OpenStreetMap", "highway": "unclassified"}, "geometry": {"type": "LineString", "coordinates": [[139.0053873, 36.511695], [139.0055068, 36.5116856]]}}, {"type": "Feature", "properties": {"MTFCC": "service", "NAME": "", "OSM_ID": "way/1349983681", "SOURCE": "OpenStreetMap", "highway": "service"}, "geometry": {"type": "LineString", "coordinates": [[139.0055068, 36.5116856], [139.0055034, 36.5115609], [139.0055965, 36.5114266]]}}, {"type": "Feature", "properties": {"MTFCC": "residential", "NAME": "", "OSM_ID": "way/1349983682", "SOURCE": "OpenStreetMap", "highway": "residential", "bridge": "yes", "layer": "1"}, "geometry": {"type": "LineString", "coordinates": [[139.0066848, 36.5077941], [139.0066092, 36.5077557]]}}, {"type": "Feature", "properties": {"MTFCC": "residential", "NAME": "", "OSM_ID": "way/1349983683", "SOURCE": "OpenStreetMap", "highway": "residential"}, "geometry": {"type": "LineString", "coordinates": [[139.0067052, 36.5078036], [139.0066848, 36.5077941]]}}, {"type": "Feature", "properties": {"MTFCC": "footway", "NAME": "", "OSM_ID": "way/1349983686", "SOURCE": "OpenStreetMap", "highway": "footway"}, "geometry": {"type": "LineString", "coordinates": [[139.0109509, 36.4997486], [139.0109237, 36.4997713], [139.0109013, 36.4997964]]}}, {"type": "Feature", "properties": {"MTFCC": "footway", "NAME": "", "OSM_ID": "way/1349983687", "SOURCE": "OpenStreetMap", "highway": "footway"}, "geometry": {"type": "LineString", "coordinates": [[139.0103425, 36.5004226], [139.010292, 36.5004489], [139.0102577, 36.5004667]]}}, {"type": "Feature", "properties": {"MTFCC": "footway", "NAME": "", "OSM_ID": "way/1349983688", "SOURCE": "OpenStreetMap", "highway": "footway"}, "geometry": {"type": "LineString", "coordinates": [[139.0102577, 36.5004667], [139.0100702, 36.5005686], [139.0098356, 36.5006786], [139.0092677, 36.5009583], [139.0089137, 36.5011252]]}}, {"type": "Feature", "properties": {"MTFCC": "footway", "NAME": "", "OSM_ID": "way/1349983689", "SOURCE": "OpenStreetMap", "highway": "footway"}, "geometry": {"type": "LineString", "coordinates": [[139.0089137, 36.5011252], [139.0088541, 36.5011571], [139.008817, 36.5011772]]}}, {"type": "Feature", "properties": {"MTFCC": "footway", "NAME": "", "OSM_ID": "way/1349983690", "SOURCE": "OpenStreetMap", "highway": "footway"}, "geometry": {"type": "LineString", "coordinates": [[139.008817, 36.5011772], [139.0084326, 36.5013671], [139.0078222, 36.5016554], [139.007299, 36.501906]]}}, {"type": "Feature", "properties": {"MTFCC": "footway", "NAME": "", "OSM_ID": "way/1349983691", "SOURCE": "OpenStreetMap", "highway": "footway"}, "geometry": {"type": "LineString", "coordinates": [[139.007299, 36.501906], [139.0072653, 36.5019217], [139.0072288, 36.5019421]]}}, {"type": "Feature", "properties": {"MTFCC": "footway", "NAME": "", "OSM_ID": "way/1349983692", "SOURCE": "OpenStreetMap", "highway": "footway"}, "geometry": {"type": "LineString", "coordinates": [[139.0072288, 36.5019421], [139.007193, 36.5019565], [139.0069508, 36.5020719]]}}, {"type": "Feature", "properties": {"MTFCC": "footway", "NAME": "", "OSM_ID": "way/1349983693", "SOURCE": "OpenStreetMap", "highway": "footway"}, "geometry": {"type": "LineString", "coordinates": [[139.0069508, 36.5020719], [139.0069124, 36.5020875], [139.006873, 36.5021036], [139.0068323, 36.5021232]]}}, {"type": "Feature", "properties": {"MTFCC": "footway", "NAME": "", "OSM_ID": "way/1349983694", "SOURCE": "OpenStreetMap", "highway": "footway"}, "geometry": {"type": "LineString", "coordinates": [[139.0043639, 36.5038841], [139.0043635, 36.5039356]]}}, {"type": "Feature", "properties": {"MTFCC": "footway", "NAME": "", "OSM_ID": "way/1349983695", "SOURCE": "OpenStreetMap", "highway": "footway"}, "geometry": {"type": "LineString", "coordinates": [[139.0055165, 36.5027685], [139.0055459, 36.5027517], [139.0055728, 36.5027364]]}}, {"type": "Feature", "properties": {"MTFCC": "footway", "NAME": "", "OSM_ID": "way/1349983696", "SOURCE": "OpenStreetMap", "highway": "footway"}, "geometry": {"type": "LineString", "coordinates": [[139.0055728, 36.5027364], [139.0058751, 36.5025899]]}}, {"type": "Feature", "properties": {"MTFCC": "footway", "NAME": "", "OSM_ID": "way/1349983697", "SOURCE": "OpenStreetMap", "highway": "footway"}, "geometry": {"type": "LineString", "coordinates": [[139.0058751, 36.5025899], [139.0059129, 36.5025696], [139.0059523, 36.5025526]]}}, {"type": "Feature", "properties": {"MTFCC": "footway", "NAME": "", "OSM_ID": "way/1349983698", "SOURCE": "OpenStreetMap", "highway": "footway"}, "geometry": {"type": "LineString", "coordinates": [[139.0059523, 36.5025526], [139.0066459, 36.5022178], [139.0068323, 36.5021232]]}}, {"type": "Feature", "properties": {"MTFCC": "service", "NAME": "", "OSM_ID": "way/1353096103", "SOURCE": "OpenStreetMap", "highway": "service"}, "geometry": {"type": "LineString", "coordinates": [[139.0237848, 36.511411], [139.0242668, 36.5110372]]}}, {"type": "Feature", "properties": {"MTFCC": "service", "NAME": "", "OSM_ID": "way/1353096107", "SOURCE": "OpenStreetMap", "highway": "service"}, "geometry": {"type": "LineString", "coordinates": [[139.0226954, 36.5094214], [139.0231293, 36.5094473], [139.0231456, 36.5097512], [139.0232879, 36.5100005]]}}, {"type": "Feature", "properties": {"MTFCC": "residential", "NAME": "", "OSM_ID": "way/1353096108", "SOURCE": "OpenStreetMap", "highway": "residential"}, "geometry": {"type": "LineString", "coordinates": [[139.0291333, 36.5017921], [139.0290816, 36.5017126], [139.0288224, 36.5016338], [139.0285796, 36.5014836], [139.0283391, 36.5014198], [139.0283111, 36.5010425]]}}, {"type": "Feature", "properties": {"MTFCC": "residential", "NAME": "", "OSM_ID": "way/1353096109", "SOURCE": "OpenStreetMap", "highway": "residential"}, "geometry": {"type": "LineString", "coordinates": [[139.0190477, 36.4974302], [139.0193266, 36.4974044], [139.0196056, 36.4975014], [139.0199033, 36.4973526], [139.0202132, 36.4970978]]}}, {"type": "Feature", "properties": {"MTFCC": "service", "NAME": "", "OSM_ID": "way/1353096110", "SOURCE": "OpenStreetMap", "highway": "service"}, "geometry": {"type": "LineString", "coordinates": [[139.0180085, 36.4964409], [139.0184764, 36.4964104], [139.0184866, 36.4963673], [139.0184332, 36.4959817], [139.0184248, 36.4959238], [139.0182397, 36.4953731], [139.0182235, 36.495285], [139.0182139, 36.4950263], [139.0182333, 36.4946418]]}}, {"type": "Feature", "properties": {"MTFCC": "residential", "NAME": "", "OSM_ID": "way/1353096111", "SOURCE": "OpenStreetMap", "highway": "residential"}, "geometry": {"type": "LineString", "coordinates": [[139.0209064, 36.4932601], [139.0208742, 36.4926563]]}}, {"type": "Feature", "properties": {"MTFCC": "residential", "NAME": "", "OSM_ID": "way/1353096112", "SOURCE": "OpenStreetMap", "highway": "residential"}, "geometry": {"type": "LineString", "coordinates": [[139.0206168, 36.493163], [139.0199966, 36.4931871]]}}, {"type": "Feature", "properties": {"MTFCC": "residential", "NAME": "", "OSM_ID": "way/1353096114", "SOURCE": "OpenStreetMap", "highway": "residential"}, "geometry": {"type": "LineString", "coordinates": [[139.0189115, 36.4925426], [139.0192601, 36.4925987], [139.0196095, 36.4926549]]}}, {"type": "Feature", "properties": {"MTFCC": "residential", "NAME": "", "OSM_ID": "way/1353096115", "SOURCE": "OpenStreetMap", "highway": "residential"}, "geometry": {"type": "LineString", "coordinates": [[139.0195148, 36.4940988], [139.0195257, 36.4939808], [139.019574, 36.493942], [139.0195713, 36.493541], [139.0190004, 36.4934592]]}}, {"type": "Feature", "properties": {"MTFCC": "residential", "NAME": "", "OSM_ID": "way/1353096116", "SOURCE": "OpenStreetMap", "highway": "residential"}, "geometry": {"type": "LineString", "coordinates": [[139.0221811, 36.4969154], [139.022056, 36.496692]]}}, {"type": "Feature", "properties": {"MTFCC": "residential", "NAME": "", "OSM_ID": "way/1353096117", "SOURCE": "OpenStreetMap", "highway": "residential"}, "geometry": {"type": "LineString", "coordinates": [[139.0198676, 36.4996374], [139.019594, 36.4990833], [139.0194382, 36.4987988], [139.0193977, 36.4985362]]}}, {"type": "Feature", "properties": {"MTFCC": "residential", "NAME": "", "OSM_ID": "way/1353096127", "SOURCE": "OpenStreetMap", "highway": "residential"}, "geometry": {"type": "LineString", "coordinates": [[139.0276776, 36.4943684], [139.0281431, 36.493642]]}}, {"type": "Feature", "properties": {"MTFCC": "track", "NAME": "", "OSM_ID": "way/1353096128", "SOURCE": "OpenStreetMap", "highway": "track"}, "geometry": {"type": "LineString", "coordinates": [[139.0275002, 36.4960769], [139.0276776, 36.4943684]]}}, {"type": "Feature", "properties": {"MTFCC": "service", "NAME": "", "OSM_ID": "way/1359264234", "SOURCE": "OpenStreetMap", "highway": "service"}, "geometry": {"type": "LineString", "coordinates": [[139.0234142, 36.5023794], [139.0230706, 36.5022171], [139.0229982, 36.5022045], [139.022854, 36.5022177]]}}, {"type": "Feature", "properties": {"MTFCC": "service", "NAME": "", "OSM_ID": "way/1359264235", "SOURCE": "OpenStreetMap", "highway": "service", "bridge": "yes", "layer": "1"}, "geometry": {"type": "LineString", "coordinates": [[139.022854, 36.5022177], [139.0225783, 36.5022632], [139.0225275, 36.5022769], [139.0224918, 36.5022929], [139.0224436, 36.5023203]]}}, {"type": "Feature", "properties": {"MTFCC": "service", "NAME": "", "OSM_ID": "way/1359264239", "SOURCE": "OpenStreetMap", "highway": "service"}, "geometry": {"type": "LineString", "coordinates": [[139.0226214, 36.5042665], [139.022755, 36.504254], [139.022896, 36.5042122], [139.023045, 36.5041045], [139.0230626, 36.5041709]]}}, {"type": "Feature", "properties": {"MTFCC": "service", "NAME": "", "OSM_ID": "way/1359264240", "SOURCE": "OpenStreetMap", "highway": "service"}, "geometry": {"type": "LineString", "coordinates": [[139.0230626, 36.5041709], [139.0230165, 36.5042227], [139.0229607, 36.504333], [139.0229435, 36.5044656], [139.0230982, 36.5051449], [139.023185, 36.50551]]}}, {"type": "Feature", "properties": {"MTFCC": "track", "NAME": "", "OSM_ID": "way/1359264243", "SOURCE": "OpenStreetMap", "highway": "track"}, "geometry": {"type": "LineString", "coordinates": [[139.0218771, 36.5036696], [139.0218843, 36.5036073], [139.0218796, 36.5035649], [139.0218728, 36.5033361], [139.0218862, 36.5032525], [139.0222686, 36.5031797]]}}, {"type": "Feature", "properties": {"MTFCC": "track", "NAME": "", "OSM_ID": "way/1359264244", "SOURCE": "OpenStreetMap", "highway": "track"}, "geometry": {"type": "LineString", "coordinates": [[139.0228224, 36.5031194], [139.0228228, 36.5030238], [139.0226374, 36.5023185], [139.0226119, 36.502302]]}}, {"type": "Feature", "properties": {"MTFCC": "service", "NAME": "", "OSM_ID": "way/1359264245", "SOURCE": "OpenStreetMap", "highway": "service"}, "geometry": {"type": "LineString", "coordinates": [[139.0236222, 36.5035023], [139.023603, 36.5033026], [139.0235532, 36.5031104], [139.0234701, 36.5028712], [139.0234272, 36.502758], [139.0233637, 36.5027201]]}}, {"type": "Feature", "properties": {"MTFCC": "track", "NAME": "", "OSM_ID": "way/1359264246", "SOURCE": "OpenStreetMap", "highway": "track", "surface": "asphalt"}, "geometry": {"type": "LineString", "coordinates": [[139.0228224, 36.5031194], [139.0229343, 36.5036001], [139.0230346, 36.5040031], [139.023045, 36.5041045]]}}, {"type": "Feature", "properties": {"MTFCC": "service", "NAME": "", "OSM_ID": "way/1359264247", "SOURCE": "OpenStreetMap", "highway": "service"}, "geometry": {"type": "LineString", "coordinates": [[139.0222686, 36.5031797], [139.02265, 36.5031327], [139.0226506, 36.5031326], [139.0228224, 36.5031194]]}}, {"type": "Feature", "properties": {"MTFCC": "service", "NAME": "", "OSM_ID": "way/1359266095", "SOURCE": "OpenStreetMap", "highway": "service"}, "geometry": {"type": "LineString", "coordinates": [[139.017773, 36.4955346], [139.0178335, 36.4958314], [139.0178731, 36.4960033], [139.017911, 36.496143], [139.017988, 36.496391], [139.0180085, 36.4964409], [139.018113, 36.496695], [139.0181483, 36.4967923], [139.0181533, 36.4968208], [139.018152, 36.4968615]]}}, {"type": "Feature", "properties": {"MTFCC": "footway", "NAME": "", "OSM_ID": "way/1359266096", "SOURCE": "OpenStreetMap", "highway": "footway"}, "geometry": {"type": "LineString", "coordinates": [[139.0182038, 36.496793], [139.0183948, 36.4967913], [139.0184495, 36.4967743], [139.018495, 36.4967537], [139.018552, 36.4967025], [139.0185861, 36.4967014]]}}, {"type": "Feature", "properties": {"MTFCC": "footway", "NAME": "", "OSM_ID": "way/1359266097", "SOURCE": "OpenStreetMap", "highway": "footway"}, "geometry": {"type": "LineString", "coordinates": [[139.0180901, 36.4967916], [139.0181483, 36.4967923], [139.0182038, 36.496793]]}}, {"type": "Feature", "properties": {"MTFCC": "residential", "NAME": "", "OSM_ID": "way/1376632780", "SOURCE": "OpenStreetMap", "highway": "residential"}, "geometry": {"type": "LineString", "coordinates": [[139.0259849, 36.4995015], [139.0256631, 36.4992284], [139.0254575, 36.4989961], [139.0253293, 36.4988691], [139.0251625, 36.4988021], [139.0249152, 36.4987063], [139.0247543, 36.4985985], [139.0244361, 36.4981759]]}}, {"type": "Feature", "properties": {"MTFCC": "residential", "NAME": "", "OSM_ID": "way/1376632781", "SOURCE": "OpenStreetMap", "highway": "residential"}, "geometry": {"type": "LineString", "coordinates": [[139.025267, 36.4981206], [139.0255856, 36.4982895], [139.0258597, 36.4985074], [139.0261547, 36.4985506], [139.0267477, 36.4986104], [139.0271022, 36.4987637], [139.0272572, 36.4989194], [139.0272929, 36.4990895], [139.0271767, 36.4993554]]}}, {"type": "Feature", "properties": {"MTFCC": "trunk", "NAME": "\u6e0b\u5ddd\u30d0\u30a4\u30d1\u30b9", "OSM_ID": "way/1383966535", "SOURCE": "OpenStreetMap", "highway": "trunk", "surface": "paved", "lanes": "1"}, "geometry": {"type": "LineString", "coordinates": [[139.0042697, 36.5036681], [139.0042216, 36.5037793]]}}, {"type": "Feature", "properties": {"MTFCC": "service", "NAME": "", "OSM_ID": "way/1391520049", "SOURCE": "OpenStreetMap", "highway": "service"}, "geometry": {"type": "LineString", "coordinates": [[139.0024901, 36.5109179], [139.0020047, 36.5105818]]}}, {"type": "Feature", "properties": {"MTFCC": "service", "NAME": "", "OSM_ID": "way/1391520050", "SOURCE": "OpenStreetMap", "highway": "service"}, "geometry": {"type": "LineString", "coordinates": [[139.0023201, 36.5110012], [139.0018757, 36.5107306]]}}, {"type": "Feature", "properties": {"MTFCC": "residential", "NAME": "", "OSM_ID": "way/1391520051", "SOURCE": "OpenStreetMap", "highway": "residential"}, "geometry": {"type": "LineString", "coordinates": [[139.0067775, 36.5040909], [139.0058256, 36.5042128], [139.0056787, 36.5042142], [139.0056327, 36.5042071], [139.0055318, 36.5041915], [139.0054897, 36.5038605]]}}, {"type": "Feature", "properties": {"MTFCC": "residential", "NAME": "", "OSM_ID": "way/1391520052", "SOURCE": "OpenStreetMap", "highway": "residential"}, "geometry": {"type": "LineString", "coordinates": [[139.0055318, 36.5041915], [139.0053928, 36.5041599], [139.0045309, 36.504137], [139.0044537, 36.504106], [139.0042663, 36.5040913]]}}, {"type": "Feature", "properties": {"MTFCC": "residential", "NAME": "", "OSM_ID": "way/1391520053", "SOURCE": "OpenStreetMap", "highway": "residential"}, "geometry": {"type": "LineString", "coordinates": [[139.0055233, 36.5046596], [139.0056327, 36.5042071]]}}, {"type": "Feature", "properties": {"MTFCC": "residential", "NAME": "", "OSM_ID": "way/1391520054", "SOURCE": "OpenStreetMap", "highway": "residential"}, "geometry": {"type": "LineString", "coordinates": [[139.0042343, 36.4988173], [139.0042346, 36.4980564]]}}, {"type": "Feature", "properties": {"MTFCC": "residential", "NAME": "", "OSM_ID": "way/1391520055", "SOURCE": "OpenStreetMap", "highway": "residential"}, "geometry": {"type": "LineString", "coordinates": [[139.0068993, 36.4993419], [139.0069257, 36.4988853], [139.006953, 36.4983971]]}}, {"type": "Feature", "properties": {"MTFCC": "residential", "NAME": "", "OSM_ID": "way/1391520059", "SOURCE": "OpenStreetMap", "highway": "residential"}, "geometry": {"type": "LineString", "coordinates": [[139.0041532, 36.4939442], [139.0045744, 36.4938827]]}}, {"type": "Feature", "properties": {"MTFCC": "residential", "NAME": "", "OSM_ID": "way/1391520060", "SOURCE": "OpenStreetMap", "highway": "residential"}, "geometry": {"type": "LineString", "coordinates": [[139.0049313, 36.493305], [139.0054975, 36.4932426], [139.0054822, 36.4929227]]}}, {"type": "Feature", "properties": {"MTFCC": "residential", "NAME": "", "OSM_ID": "way/1391520061", "SOURCE": "OpenStreetMap", "highway": "residential"}, "geometry": {"type": "LineString", "coordinates": [[139.0064144, 36.4937912], [139.006227, 36.4937148], [139.0061368, 36.4928866]]}}, {"type": "Feature", "properties": {"MTFCC": "residential", "NAME": "", "OSM_ID": "way/1391520062", "SOURCE": "OpenStreetMap", "highway": "residential"}, "geometry": {"type": "LineString", "coordinates": [[139.0074309, 36.4929657], [139.0078281, 36.4923534], [139.0080521, 36.4920029], [139.0082912, 36.4920828]]}}, {"type": "Feature", "properties": {"MTFCC": "residential", "NAME": "", "OSM_ID": "way/1419741644", "SOURCE": "OpenStreetMap", "highway": "residential"}, "geometry": {"type": "LineString", "coordinates": [[139.0081044, 36.5026758], [139.007461, 36.5025653]]}}, {"type": "Feature", "properties": {"MTFCC": "residential", "NAME": "", "OSM_ID": "way/1419741645", "SOURCE": "OpenStreetMap", "highway": "residential"}, "geometry": {"type": "LineString", "coordinates": [[139.0070575, 36.4956264], [139.0076491, 36.4955618]]}}, {"type": "Feature", "properties": {"MTFCC": "service", "NAME": "", "OSM_ID": "way/1419741646", "SOURCE": "OpenStreetMap", "highway": "service"}, "geometry": {"type": "LineString", "coordinates": [[139.0013873, 36.4942962], [139.0016957, 36.4942302], [139.0020196, 36.4941608], [139.0023323, 36.4940939], [139.0024514, 36.494045], [139.002463, 36.4939793], [139.0026653, 36.4939662]]}}, {"type": "Feature", "properties": {"MTFCC": "service", "NAME": "", "OSM_ID": "way/1419741648", "SOURCE": "OpenStreetMap", "highway": "service"}, "geometry": {"type": "LineString", "coordinates": [[139.0018596, 36.4935039], [139.0019867, 36.4937316], [139.0020196, 36.4941608]]}}, {"type": "Feature", "properties": {"MTFCC": "service", "NAME": "", "OSM_ID": "way/1419741650", "SOURCE": "OpenStreetMap", "highway": "service"}, "geometry": {"type": "LineString", "coordinates": [[139.0037734, 36.4931889], [139.0037099, 36.4932548], [139.0036025, 36.4933017], [139.0031705, 36.4935288], [139.0029113, 36.4936321], [139.0028203, 36.4936659], [139.0027275, 36.4937561]]}}, {"type": "Feature", "properties": {"MTFCC": "unclassified", "NAME": "", "OSM_ID": "way/1419741651", "SOURCE": "OpenStreetMap", "highway": "unclassified", "bridge": "yes", "layer": "1"}, "geometry": {"type": "LineString", "coordinates": [[139.0031281, 36.4945516], [139.0031071, 36.4944094]]}}, {"type": "Feature", "properties": {"MTFCC": "unclassified", "NAME": "", "OSM_ID": "way/1419741652", "SOURCE": "OpenStreetMap", "highway": "unclassified"}, "geometry": {"type": "LineString", "coordinates": [[139.0031071, 36.4944094], [139.0031063, 36.4944045]]}}, {"type": "Feature", "properties": {"MTFCC": "unclassified", "NAME": "", "OSM_ID": "way/1419741653", "SOURCE": "OpenStreetMap", "highway": "unclassified"}, "geometry": {"type": "LineString", "coordinates": [[139.0031288, 36.4945565], [139.0031281, 36.4945516]]}}, {"type": "Feature", "properties": {"MTFCC": "unclassified", "NAME": "", "OSM_ID": "way/1444809674", "SOURCE": "OpenStreetMap", "highway": "unclassified"}, "geometry": {"type": "LineString", "coordinates": [[139.0073233, 36.4969158], [139.007351, 36.4973786], [139.0073732, 36.4977511]]}}, {"type": "Feature", "properties": {"MTFCC": "residential", "NAME": "", "OSM_ID": "way/1444809675", "SOURCE": "OpenStreetMap", "highway": "residential"}, "geometry": {"type": "LineString", "coordinates": [[139.0066224, 36.4969442], [139.0073233, 36.4969158]]}}, {"type": "Feature", "properties": {"MTFCC": "residential", "NAME": "", "OSM_ID": "way/1444809677", "SOURCE": "OpenStreetMap", "highway": "residential", "surface": "asphalt"}, "geometry": {"type": "LineString", "coordinates": [[139.0022429, 36.4967817], [139.0027097, 36.4967806], [139.0033008, 36.4967875]]}}, {"type": "Feature", "properties": {"MTFCC": "residential", "NAME": "", "OSM_ID": "way/1444809678", "SOURCE": "OpenStreetMap", "highway": "residential"}, "geometry": {"type": "LineString", "coordinates": [[139.0058715, 36.5053711], [139.0061227, 36.5053789], [139.0062027, 36.5053727], [139.0063065, 36.5053605], [139.0063608, 36.5053615]]}}, {"type": "Feature", "properties": {"MTFCC": "residential", "NAME": "", "OSM_ID": "way/1460898047", "SOURCE": "OpenStreetMap", "highway": "residential"}, "geometry": {"type": "LineString", "coordinates": [[139.0134512, 36.5101354], [139.0125918, 36.5103658]]}}, {"type": "Feature", "properties": {"MTFCC": "residential", "NAME": "", "OSM_ID": "way/1460898048", "SOURCE": "OpenStreetMap", "highway": "residential"}, "geometry": {"type": "LineString", "coordinates": [[139.0122911, 36.5097522], [139.0126345, 36.5096561], [139.012938, 36.5094572], [139.0133199, 36.509414]]}}, {"type": "Feature", "properties": {"MTFCC": "residential", "NAME": "", "OSM_ID": "way/1529549386", "SOURCE": "OpenStreetMap", "highway": "residential"}, "geometry": {"type": "LineString", "coordinates": [[139.016015, 36.5094496], [139.0158193, 36.5092897], [139.0157128, 36.5089534], [139.0154043, 36.5079796], [139.0153541, 36.5078212], [139.0153174, 36.5077387], [139.0152018, 36.5077533]]}}, {"type": "Feature", "properties": {"MTFCC": "residential", "NAME": "", "OSM_ID": "way/1529549387", "SOURCE": "OpenStreetMap", "highway": "residential"}, "geometry": {"type": "LineString", "coordinates": [[139.0154043, 36.5079796], [139.0164316, 36.5077521]]}}, {"type": "Feature", "properties": {"MTFCC": "residential", "NAME": "", "OSM_ID": "way/1529549388", "SOURCE": "OpenStreetMap", "highway": "residential"}, "geometry": {"type": "LineString", "coordinates": [[139.0157128, 36.5089534], [139.0164126, 36.5088227]]}}, {"type": "Feature", "properties": {"MTFCC": "unclassified", "NAME": "", "OSM_ID": "way/1529549389", "SOURCE": "OpenStreetMap", "highway": "unclassified"}, "geometry": {"type": "LineString", "coordinates": [[139.0154004, 36.5090418], [139.0146535, 36.5091856]]}}, {"type": "Feature", "properties": {"MTFCC": "residential", "NAME": "", "OSM_ID": "way/1529549396", "SOURCE": "OpenStreetMap", "highway": "residential"}, "geometry": {"type": "LineString", "coordinates": [[139.0088412, 36.4970274], [139.0088295, 36.4967468], [139.0086754, 36.4964014], [139.0085587, 36.4963692]]}}, {"type": "Feature", "properties": {"MTFCC": "footway", "NAME": "", "OSM_ID": "way/1533148557", "SOURCE": "OpenStreetMap", "highway": "footway"}, "geometry": {"type": "LineString", "coordinates": [[139.0053707, 36.5124602], [139.0053098, 36.5118538]]}}, {"type": "Feature", "properties": {"MTFCC": "footway", "NAME": "", "OSM_ID": "way/1533148558", "SOURCE": "OpenStreetMap", "highway": "footway"}, "geometry": {"type": "LineString", "coordinates": [[139.0053098, 36.5118538], [139.0053976, 36.5118502], [139.0054601, 36.5118477]]}}, {"type": "Feature", "properties": {"MTFCC": "footway", "NAME": "", "OSM_ID": "way/1533148559", "SOURCE": "OpenStreetMap", "highway": "footway"}, "geometry": {"type": "LineString", "coordinates": [[139.0054601, 36.5118477], [139.0054773, 36.5120689]]}}, {"type": "Feature", "properties": {"MTFCC": "footway", "NAME": "", "OSM_ID": "way/1533148560", "SOURCE": "OpenStreetMap", "highway": "footway"}, "geometry": {"type": "LineString", "coordinates": [[139.0054773, 36.5120689], [139.0054777, 36.5120895], [139.0054784, 36.5121198]]}}, {"type": "Feature", "properties": {"MTFCC": "residential", "NAME": "", "OSM_ID": "way/1533148568", "SOURCE": "OpenStreetMap", "highway": "residential"}, "geometry": {"type": "LineString", "coordinates": [[139.0059908, 36.5035138], [139.0059442, 36.5034603], [139.0059281, 36.5034172], [139.0059201, 36.5033892]]}}, {"type": "Feature", "properties": {"MTFCC": "residential", "NAME": "", "OSM_ID": "way/1533148569", "SOURCE": "OpenStreetMap", "highway": "residential", "bridge": "yes", "layer": "1"}, "geometry": {"type": "LineString", "coordinates": [[139.0059201, 36.5033892], [139.0059161, 36.5033439]]}}, {"type": "Feature", "properties": {"MTFCC": "trunk", "NAME": "\u4e09\u56fd\u8857\u9053", "OSM_ID": "way/1533148571", "SOURCE": "OpenStreetMap", "highway": "trunk", "surface": "paved", "lanes": "2"}, "geometry": {"type": "LineString", "coordinates": [[139.0052163, 36.509049], [139.005222, 36.509143], [139.0052691, 36.510037], [139.0053873, 36.511695], [139.0053976, 36.5118502], [139.0054128, 36.5120811], [139.0054427, 36.5124929], [139.0054612, 36.5127737], [139.0054931, 36.5131916], [139.0055093, 36.5133654], [139.0055229, 36.5134246], [139.0055358, 36.5134624], [139.0055404, 36.51348], [139.0055748, 36.513558], [139.0056144, 36.5136482], [139.005668, 36.5137438], [139.0057106, 36.5138042], [139.0057254, 36.5138223]]}}, {"type": "Feature", "properties": {"MTFCC": "trunk", "NAME": "\u4e09\u56fd\u8857\u9053", "OSM_ID": "way/1533148572", "SOURCE": "OpenStreetMap", "highway": "trunk", "surface": "paved", "lanes": "2", "bridge": "yes", "layer": "1"}, "geometry": {"type": "LineString", "coordinates": [[139.0051956, 36.5087075], [139.0052163, 36.509049]]}}, {"type": "Feature", "properties": {"MTFCC": "unclassified", "NAME": "", "OSM_ID": "way/1533148577", "SOURCE": "OpenStreetMap", "highway": "unclassified", "surface": "asphalt", "bridge": "yes", "layer": "1"}, "geometry": {"type": "LineString", "coordinates": [[139.0142082, 36.5117325], [139.0141511, 36.5117509]]}}, {"type": "Feature", "properties": {"MTFCC": "unclassified", "NAME": "", "OSM_ID": "way/1533148578", "SOURCE": "OpenStreetMap", "highway": "unclassified", "surface": "asphalt"}, "geometry": {"type": "LineString", "coordinates": [[139.0142177, 36.5117294], [139.0142082, 36.5117325]]}}, {"type": "Feature", "properties": {"MTFCC": "tertiary", "NAME": "", "OSM_ID": "way/1533148667", "SOURCE": "OpenStreetMap", "highway": "tertiary", "surface": "asphalt", "lanes": "2"}, "geometry": {"type": "LineString", "coordinates": [[139.0044021, 36.5096686], [139.0044071, 36.5096715], [139.0048941, 36.5099588], [139.0050792, 36.5099997], [139.0051121, 36.5100062], [139.0052691, 36.510037]]}}, {"type": "Feature", "properties": {"MTFCC": "tertiary", "NAME": "", "OSM_ID": "way/1533148668", "SOURCE": "OpenStreetMap", "highway": "tertiary", "surface": "asphalt", "lanes": "2", "bridge": "yes", "layer": "1"}, "geometry": {"type": "LineString", "coordinates": [[139.0042658, 36.5095908], [139.0044021, 36.5096686]]}}, {"type": "Feature", "properties": {"MTFCC": "footway", "NAME": "", "OSM_ID": "way/1533148686", "SOURCE": "OpenStreetMap", "highway": "footway", "surface": "asphalt"}, "geometry": {"type": "LineString", "coordinates": [[139.0041114, 36.5030499], [139.0041226, 36.5032854]]}}, {"type": "Feature", "properties": {"MTFCC": "footway", "NAME": "", "OSM_ID": "way/1533148687", "SOURCE": "OpenStreetMap", "highway": "footway", "surface": "asphalt"}, "geometry": {"type": "LineString", "coordinates": [[139.0041093, 36.5030114], [139.0041103, 36.503029], [139.0041114, 36.5030499]]}}, {"type": "Feature", "properties": {"MTFCC": "footway", "NAME": "", "OSM_ID": "way/1533148696", "SOURCE": "OpenStreetMap", "highway": "footway"}, "geometry": {"type": "LineString", "coordinates": [[139.0155692, 36.5100304], [139.0156413, 36.5099812], [139.0157464, 36.5099094], [139.0158007, 36.5098723]]}}, {"type": "Feature", "properties": {"MTFCC": "footway", "NAME": "", "OSM_ID": "way/1533148699", "SOURCE": "OpenStreetMap", "highway": "footway"}, "geometry": {"type": "LineString", "coordinates": [[139.0051167, 36.5101362], [139.0051121, 36.5100062], [139.0051078, 36.5098847]]}}]}